{
  "type": "FeatureCollection",
  "features": [
    {
      "type": "Feature",
      "properties": {
        "building_id": 1,
        "elevation_m": 8.3,
        "confidence_score": 0.96
      },
      "geometry": {
        "type": "Polygon",
        "coordinates": [
          [
            [
              86.900074,
              21.501635
            ],
            [
              86.899961,
              21.502363
            ],
            [
              86.900333,
              21.502421
            ],
            [
              86.90039,
              21.502057
            ],
            [
              86.900762,
              21.502115
            ],
            [
              86.900818,
              21.501751
            ],
            [
              86.900074,
              21.501635
            ]
          ]
        ]
      }
    },
    {
      "type": "Feature",
      "properties": {
        "building_id": 2,
        "elevation_m": 6.9,
        "confidence_score": 0.9
      },
      "geometry": {
        "type": "Polygon",
        "coordinates": [
          [
            [
              86.901071,
              21.500369
            ],
            [
              86.900821,
              21.500668
            ],
            [
              86.901539,
              21.501271
            ],
            [
              86.901789,
              21.500972
            ],
            [
              86.90155,
              21.500771
            ],
            [
              86.902051,
              21.500174
            ],
            [
              86.901812,
              21.499973
            ],
            [
              86.90131,
              21.50057
            ],
            [
              86.901071,
              21.500369
            ]
          ]
        ]
      }
    },
    {
      "type": "Feature",
      "properties": {
        "building_id": 3,
        "elevation_m": 15.7,
        "confidence_score": 0.87
      },
      "geometry": {
        "type": "Polygon",
        "coordinates": [
          [
            [
              86.901494,
              21.502125
            ],
            [
              86.9014,
              21.501945
            ],
            [
              86.900692,
              21.502313
            ],
            [
              86.900786,
              21.502493
            ],
            [
              86.901022,
              21.502371
            ],
            [
              86.90121,
              21.502731
            ],
            [
              86.901445,
              21.502609
            ],
            [
              86.901258,
              21.502248
            ],
            [
              86.901494,
              21.502125
            ]
          ]
        ]
      }
    },
    {
      "type": "Feature",
      "properties": {
        "building_id": 4,
        "elevation_m": 16.8,
        "confidence_score": 0.85
      },
      "geometry": {
        "type": "Polygon",
        "coordinates": [
          [
            [
              86.912361,
              21.473632
            ],
            [
              86.912197,
              21.473768
            ],
            [
              86.912688,
              21.474361
            ],
            [
              86.912852,
              21.474225
            ],
            [
              86.912689,
              21.474027
            ],
            [
              86.913017,
              21.473755
            ],
            [
              86.912854,
              21.473558
            ],
            [
              86.912525,
              21.47383
            ],
            [
              86.912361,
              21.473632
            ]
          ]
        ]
      }
    },
    {
      "type": "Feature",
      "properties": {
        "building_id": 5,
        "elevation_m": 13.1,
        "confidence_score": 0.95
      },
      "geometry": {
        "type": "Polygon",
        "coordinates": [
          [
            [
              86.915672,
              21.473332
            ],
            [
              86.915626,
              21.473888
            ],
            [
              86.914893,
              21.473828
            ],
            [
              86.914938,
              21.473272
            ],
            [
              86.915672,
              21.473332
            ]
          ]
        ]
      }
    },
    {
      "type": "Feature",
      "properties": {
        "building_id": 6,
        "elevation_m": 15.8,
        "confidence_score": 0.89
      },
      "geometry": {
        "type": "Polygon",
        "coordinates": [
          [
            [
              86.912481,
              21.474604
            ],
            [
              86.913408,
              21.474689
            ],
            [
              86.913312,
              21.475725
            ],
            [
              86.912386,
              21.475639
            ],
            [
              86.912481,
              21.474604
            ]
          ]
        ]
      }
    },
    {
      "type": "Feature",
      "properties": {
        "building_id": 7,
        "elevation_m": 6.1,
        "confidence_score": 0.97
      },
      "geometry": {
        "type": "Polygon",
        "coordinates": [
          [
            [
              86.90359,
              21.489287
            ],
            [
              86.903874,
              21.489422
            ],
            [
              86.904022,
              21.489651
            ],
            [
              86.903784,
              21.489797
            ],
            [
              86.903711,
              21.489851
            ],
            [
              86.90359,
              21.489287
            ]
          ]
        ]
      }
    },
    {
      "type": "Feature",
      "properties": {
        "building_id": 8,
        "elevation_m": 14.4,
        "confidence_score": 0.97
      },
      "geometry": {
        "type": "Polygon",
        "coordinates": [
          [
            [
              86.903258,
              21.490673
            ],
            [
              86.903624,
              21.490832
            ],
            [
              86.90349,
              21.49114
            ],
            [
              86.903124,
              21.490981
            ],
            [
              86.903258,
              21.490673
            ]
          ]
        ]
      }
    },
    {
      "type": "Feature",
      "properties": {
        "building_id": 9,
        "elevation_m": 8.4,
        "confidence_score": 0.87
      },
      "geometry": {
        "type": "Polygon",
        "coordinates": [
          [
            [
              86.902365,
              21.492488
            ],
            [
              86.902091,
              21.493321
            ],
            [
              86.902517,
              21.493461
            ],
            [
              86.902654,
              21.493044
            ],
            [
              86.90308,
              21.493184
            ],
            [
              86.903217,
              21.492768
            ],
            [
              86.902365,
              21.492488
            ]
          ]
        ]
      }
    },
    {
      "type": "Feature",
      "properties": {
        "building_id": 10,
        "elevation_m": 8.6,
        "confidence_score": 0.93
      },
      "geometry": {
        "type": "Polygon",
        "coordinates": [
          [
            [
              86.900928,
              21.496607
            ],
            [
              86.900597,
              21.496483
            ],
            [
              86.900352,
              21.496344
            ],
            [
              86.900732,
              21.495869
            ],
            [
              86.90099,
              21.496019
            ],
            [
              86.900939,
              21.496096
            ],
            [
              86.900928,
              21.496607
            ]
          ]
        ]
      }
    },
    {
      "type": "Feature",
      "properties": {
        "building_id": 11,
        "elevation_m": 9.6,
        "confidence_score": 0.95
      },
      "geometry": {
        "type": "Polygon",
        "coordinates": [
          [
            [
              86.900937,
              21.497236
            ],
            [
              86.900935,
              21.497663
            ],
            [
              86.90121,
              21.497664
            ],
            [
              86.901211,
              21.49745
            ],
            [
              86.901486,
              21.497452
            ],
            [
              86.901487,
              21.497238
            ],
            [
              86.900937,
              21.497236
            ]
          ]
        ]
      }
    },
    {
      "type": "Feature",
      "properties": {
        "building_id": 12,
        "elevation_m": 8.6,
        "confidence_score": 0.97
      },
      "geometry": {
        "type": "Polygon",
        "coordinates": [
          [
            [
              86.904947,
              21.484021
            ],
            [
              86.904757,
              21.484164
            ],
            [
              86.905089,
              21.484605
            ],
            [
              86.905279,
              21.484462
            ],
            [
              86.905168,
              21.484315
            ],
            [
              86.905548,
              21.48403
            ],
            [
              86.905438,
              21.483882
            ],
            [
              86.905058,
              21.484168
            ],
            [
              86.904947,
              21.484021
            ]
          ]
        ]
      }
    },
    {
      "type": "Feature",
      "properties": {
        "building_id": 13,
        "elevation_m": 10.3,
        "confidence_score": 0.86
      },
      "geometry": {
        "type": "Polygon",
        "coordinates": [
          [
            [
              86.905949,
              21.481431
            ],
            [
              86.905762,
              21.481964
            ],
            [
              86.905145,
              21.481748
            ],
            [
              86.905332,
              21.481215
            ],
            [
              86.905949,
              21.481431
            ]
          ]
        ]
      }
    },
    {
      "type": "Feature",
      "properties": {
        "building_id": 14,
        "elevation_m": 4.1,
        "confidence_score": 0.86
      },
      "geometry": {
        "type": "Polygon",
        "coordinates": [
          [
            [
              86.903621,
              21.491631
            ],
            [
              86.903515,
              21.492245
            ],
            [
              86.903808,
              21.492295
            ],
            [
              86.903862,
              21.491989
            ],
            [
              86.904155,
              21.49204
            ],
            [
              86.904208,
              21.491733
            ],
            [
              86.903621,
              21.491631
            ]
          ]
        ]
      }
    },
    {
      "type": "Feature",
      "properties": {
        "building_id": 15,
        "elevation_m": 17.0,
        "confidence_score": 0.88
      },
      "geometry": {
        "type": "Polygon",
        "coordinates": [
          [
            [
              86.905413,
              21.492571
            ],
            [
              86.904583,
              21.492647
            ],
            [
              86.904613,
              21.49298
            ],
            [
              86.905028,
              21.492942
            ],
            [
              86.905059,
              21.493274
            ],
            [
              86.905474,
              21.493236
            ],
            [
              86.905413,
              21.492571
            ]
          ]
        ]
      }
    },
    {
      "type": "Feature",
      "properties": {
        "building_id": 16,
        "elevation_m": 14.9,
        "confidence_score": 0.94
      },
      "geometry": {
        "type": "Polygon",
        "coordinates": [
          [
            [
              86.904747,
              21.491214
            ],
            [
              86.905202,
              21.491303
            ],
            [
              86.905123,
              21.491708
            ],
            [
              86.904667,
              21.491618
            ],
            [
              86.904747,
              21.491214
            ]
          ]
        ]
      }
    },
    {
      "type": "Feature",
      "properties": {
        "building_id": 17,
        "elevation_m": 7.4,
        "confidence_score": 0.89
      },
      "geometry": {
        "type": "Polygon",
        "coordinates": [
          [
            [
              86.902576,
              21.498652
            ],
            [
              86.902432,
              21.499271
            ],
            [
              86.901593,
              21.499076
            ],
            [
              86.901737,
              21.498457
            ],
            [
              86.902576,
              21.498652
            ]
          ]
        ]
      }
    },
    {
      "type": "Feature",
      "properties": {
        "building_id": 18,
        "elevation_m": 18.3,
        "confidence_score": 0.91
      },
      "geometry": {
        "type": "Polygon",
        "coordinates": [
          [
            [
              86.900177,
              21.499313
            ],
            [
              86.900026,
              21.49935
            ],
            [
              86.900167,
              21.499924
            ],
            [
              86.900318,
              21.499887
            ],
            [
              86.900271,
              21.499696
            ],
            [
              86.900573,
              21.499622
            ],
            [
              86.900526,
              21.49943
            ],
            [
              86.900224,
              21.499504
            ],
            [
              86.900177,
              21.499313
            ]
          ]
        ]
      }
    },
    {
      "type": "Feature",
      "properties": {
        "building_id": 19,
        "elevation_m": 9.6,
        "confidence_score": 0.91
      },
      "geometry": {
        "type": "Polygon",
        "coordinates": [
          [
            [
              86.902225,
              21.497627
            ],
            [
              86.902164,
              21.497516
            ],
            [
              86.90239,
              21.497366
            ],
            [
              86.902604,
              21.497564
            ],
            [
              86.902762,
              21.497783
            ],
            [
              86.902225,
              21.497627
            ]
          ]
        ]
      }
    },
    {
      "type": "Feature",
      "properties": {
        "building_id": 20,
        "elevation_m": 8.9,
        "confidence_score": 0.95
      },
      "geometry": {
        "type": "Polygon",
        "coordinates": [
          [
            [
              86.903044,
              21.500572
            ],
            [
              86.90288,
              21.500642
            ],
            [
              86.903115,
              21.501197
            ],
            [
              86.903279,
              21.501127
            ],
            [
              86.903201,
              21.500942
            ],
            [
              86.90353,
              21.500803
            ],
            [
              86.903451,
              21.500618
            ],
            [
              86.903123,
              21.500757
            ],
            [
              86.903044,
              21.500572
            ]
          ]
        ]
      }
    },
    {
      "type": "Feature",
      "properties": {
        "building_id": 21,
        "elevation_m": 5.3,
        "confidence_score": 0.91
      },
      "geometry": {
        "type": "Polygon",
        "coordinates": [
          [
            [
              86.904363,
              21.499046
            ],
            [
              86.904205,
              21.499508
            ],
            [
              86.903646,
              21.499316
            ],
            [
              86.903804,
              21.498854
            ],
            [
              86.904363,
              21.499046
            ]
          ]
        ]
      }
    },
    {
      "type": "Feature",
      "properties": {
        "building_id": 22,
        "elevation_m": 11.6,
        "confidence_score": 0.92
      },
      "geometry": {
        "type": "Polygon",
        "coordinates": [
          [
            [
              86.89963,
              21.500058
            ],
            [
              86.899422,
              21.499806
            ],
            [
              86.899294,
              21.499912
            ],
            [
              86.899398,
              21.500038
            ],
            [
              86.899269,
              21.500143
            ],
            [
              86.899373,
              21.500269
            ],
            [
              86.89963,
              21.500058
            ]
          ]
        ]
      }
    },
    {
      "type": "Feature",
      "properties": {
        "building_id": 23,
        "elevation_m": 16.4,
        "confidence_score": 0.93
      },
      "geometry": {
        "type": "Polygon",
        "coordinates": [
          [
            [
              86.902235,
              21.501522
            ],
            [
              86.902229,
              21.501436
            ],
            [
              86.902502,
              21.501346
            ],
            [
              86.90266,
              21.501535
            ],
            [
              86.902573,
              21.501649
            ],
            [
              86.902536,
              21.501713
            ],
            [
              86.902235,
              21.501522
            ]
          ]
        ]
      }
    },
    {
      "type": "Feature",
      "properties": {
        "building_id": 24,
        "elevation_m": 7.2,
        "confidence_score": 0.93
      },
      "geometry": {
        "type": "Polygon",
        "coordinates": [
          [
            [
              86.940683,
              21.493322
            ],
            [
              86.940381,
              21.492903
            ],
            [
              86.940126,
              21.493087
            ],
            [
              86.940277,
              21.493296
            ],
            [
              86.940022,
              21.49348
            ],
            [
              86.940173,
              21.49369
            ],
            [
              86.940683,
              21.493322
            ]
          ]
        ]
      }
    },
    {
      "type": "Feature",
      "properties": {
        "building_id": 25,
        "elevation_m": 5.5,
        "confidence_score": 0.92
      },
      "geometry": {
        "type": "Polygon",
        "coordinates": [
          [
            [
              86.938678,
              21.492201
            ],
            [
              86.938504,
              21.492259
            ],
            [
              86.938641,
              21.492668
            ],
            [
              86.938815,
              21.492609
            ],
            [
              86.938769,
              21.492473
            ],
            [
              86.939117,
              21.492357
            ],
            [
              86.939071,
              21.492221
            ],
            [
              86.938723,
              21.492337
            ],
            [
              86.938678,
              21.492201
            ]
          ]
        ]
      }
    },
    {
      "type": "Feature",
      "properties": {
        "building_id": 26,
        "elevation_m": 18.4,
        "confidence_score": 0.96
      },
      "geometry": {
        "type": "Polygon",
        "coordinates": [
          [
            [
              86.904782,
              21.494183
            ],
            [
              86.905093,
              21.494019
            ],
            [
              86.905216,
              21.494155
            ],
            [
              86.905269,
              21.494151
            ],
            [
              86.90505,
              21.494392
            ],
            [
              86.904782,
              21.494183
            ]
          ]
        ]
      }
    },
    {
      "type": "Feature",
      "properties": {
        "building_id": 27,
        "elevation_m": 5.9,
        "confidence_score": 0.88
      },
      "geometry": {
        "type": "Polygon",
        "coordinates": [
          [
            [
              86.903319,
              21.494991
            ],
            [
              86.903276,
              21.495126
            ],
            [
              86.903767,
              21.495282
            ],
            [
              86.90381,
              21.495147
            ],
            [
              86.903646,
              21.495095
            ],
            [
              86.903732,
              21.494824
            ],
            [
              86.903569,
              21.494772
            ],
            [
              86.903483,
              21.495043
            ],
            [
              86.903319,
              21.494991
            ]
          ]
        ]
      }
    },
    {
      "type": "Feature",
      "properties": {
        "building_id": 28,
        "elevation_m": 15.3,
        "confidence_score": 0.91
      },
      "geometry": {
        "type": "Polygon",
        "coordinates": [
          [
            [
              86.904859,
              21.495884
            ],
            [
              86.90506,
              21.495381
            ],
            [
              86.905379,
              21.495408
            ],
            [
              86.905567,
              21.49546
            ],
            [
              86.90533,
              21.495965
            ],
            [
              86.905333,
              21.496068
            ],
            [
              86.904859,
              21.495884
            ]
          ]
        ]
      }
    },
    {
      "type": "Feature",
      "properties": {
        "building_id": 29,
        "elevation_m": 13.2,
        "confidence_score": 0.9
      },
      "geometry": {
        "type": "Polygon",
        "coordinates": [
          [
            [
              86.906275,
              21.494041
            ],
            [
              86.906113,
              21.49398
            ],
            [
              86.905874,
              21.494616
            ],
            [
              86.906035,
              21.494677
            ],
            [
              86.906115,
              21.494465
            ],
            [
              86.906438,
              21.494586
            ],
            [
              86.906518,
              21.494374
            ],
            [
              86.906195,
              21.494253
            ],
            [
              86.906275,
              21.494041
            ]
          ]
        ]
      }
    },
    {
      "type": "Feature",
      "properties": {
        "building_id": 30,
        "elevation_m": 9.0,
        "confidence_score": 0.87
      },
      "geometry": {
        "type": "Polygon",
        "coordinates": [
          [
            [
              86.904663,
              21.497491
            ],
            [
              86.904213,
              21.497177
            ],
            [
              86.904034,
              21.497435
            ],
            [
              86.904259,
              21.497592
            ],
            [
              86.904079,
              21.497849
            ],
            [
              86.904305,
              21.498006
            ],
            [
              86.904663,
              21.497491
            ]
          ]
        ]
      }
    },
    {
      "type": "Feature",
      "properties": {
        "building_id": 31,
        "elevation_m": 13.6,
        "confidence_score": 0.93
      },
      "geometry": {
        "type": "Polygon",
        "coordinates": [
          [
            [
              86.902628,
              21.496124
            ],
            [
              86.902709,
              21.496019
            ],
            [
              86.902904,
              21.496118
            ],
            [
              86.903027,
              21.496208
            ],
            [
              86.902439,
              21.496457
            ],
            [
              86.902628,
              21.496124
            ]
          ]
        ]
      }
    },
    {
      "type": "Feature",
      "properties": {
        "building_id": 32,
        "elevation_m": 5.5,
        "confidence_score": 0.92
      },
      "geometry": {
        "type": "Polygon",
        "coordinates": [
          [
            [
              86.904815,
              21.49922
            ],
            [
              86.904733,
              21.49924
            ],
            [
              86.904821,
              21.499586
            ],
            [
              86.904902,
              21.499565
            ],
            [
              86.904873,
              21.49945
            ],
            [
              86.905036,
              21.499409
            ],
            [
              86.905007,
              21.499294
            ],
            [
              86.904844,
              21.499335
            ],
            [
              86.904815,
              21.49922
            ]
          ]
        ]
      }
    },
    {
      "type": "Feature",
      "properties": {
        "building_id": 33,
        "elevation_m": 16.1,
        "confidence_score": 0.98
      },
      "geometry": {
        "type": "Polygon",
        "coordinates": [
          [
            [
              86.904545,
              21.500242
            ],
            [
              86.904364,
              21.500025
            ],
            [
              86.904268,
              21.500106
            ],
            [
              86.904359,
              21.500214
            ],
            [
              86.904262,
              21.500295
            ],
            [
              86.904353,
              21.500403
            ],
            [
              86.904545,
              21.500242
            ]
          ]
        ]
      }
    },
    {
      "type": "Feature",
      "properties": {
        "building_id": 34,
        "elevation_m": 13.7,
        "confidence_score": 0.87
      },
      "geometry": {
        "type": "Polygon",
        "coordinates": [
          [
            [
              86.905507,
              21.500954
            ],
            [
              86.905358,
              21.500691
            ],
            [
              86.904767,
              21.501027
            ],
            [
              86.904917,
              21.50129
            ],
            [
              86.905114,
              21.501178
            ],
            [
              86.905413,
              21.501704
            ],
            [
              86.90561,
              21.501592
            ],
            [
              86.90531,
              21.501066
            ],
            [
              86.905507,
              21.500954
            ]
          ]
        ]
      }
    },
    {
      "type": "Feature",
      "properties": {
        "building_id": 35,
        "elevation_m": 9.2,
        "confidence_score": 0.94
      },
      "geometry": {
        "type": "Polygon",
        "coordinates": [
          [
            [
              86.901481,
              21.504282
            ],
            [
              86.901196,
              21.504425
            ],
            [
              86.901009,
              21.504051
            ],
            [
              86.901294,
              21.503908
            ],
            [
              86.901481,
              21.504282
            ]
          ]
        ]
      }
    },
    {
      "type": "Feature",
      "properties": {
        "building_id": 36,
        "elevation_m": 15.6,
        "confidence_score": 0.94
      },
      "geometry": {
        "type": "Polygon",
        "coordinates": [
          [
            [
              86.903288,
              21.506044
            ],
            [
              86.903121,
              21.505926
            ],
            [
              86.903376,
              21.505521
            ],
            [
              86.903815,
              21.506057
            ],
            [
              86.90375,
              21.506111
            ],
            [
              86.903514,
              21.506125
            ],
            [
              86.903288,
              21.506044
            ]
          ]
        ]
      }
    },
    {
      "type": "Feature",
      "properties": {
        "building_id": 37,
        "elevation_m": 4.9,
        "confidence_score": 0.94
      },
      "geometry": {
        "type": "Polygon",
        "coordinates": [
          [
            [
              86.90338,
              21.503459
            ],
            [
              86.903074,
              21.503517
            ],
            [
              86.903205,
              21.504211
            ],
            [
              86.903511,
              21.504154
            ],
            [
              86.903468,
              21.503922
            ],
            [
              86.904079,
              21.503807
            ],
            [
              86.904036,
              21.503575
            ],
            [
              86.903424,
              21.50369
            ],
            [
              86.90338,
              21.503459
            ]
          ]
        ]
      }
    },
    {
      "type": "Feature",
      "properties": {
        "building_id": 38,
        "elevation_m": 13.3,
        "confidence_score": 0.87
      },
      "geometry": {
        "type": "Polygon",
        "coordinates": [
          [
            [
              86.939251,
              21.493972
            ],
            [
              86.938835,
              21.493737
            ],
            [
              86.938721,
              21.493937
            ],
            [
              86.93893,
              21.494055
            ],
            [
              86.938816,
              21.494256
            ],
            [
              86.939024,
              21.494374
            ],
            [
              86.939251,
              21.493972
            ]
          ]
        ]
      }
    },
    {
      "type": "Feature",
      "properties": {
        "building_id": 39,
        "elevation_m": 12.0,
        "confidence_score": 0.9
      },
      "geometry": {
        "type": "Polygon",
        "coordinates": [
          [
            [
              86.939535,
              21.495403
            ],
            [
              86.939527,
              21.495783
            ],
            [
              86.939186,
              21.495776
            ],
            [
              86.939195,
              21.495395
            ],
            [
              86.939535,
              21.495403
            ]
          ]
        ]
      }
    },
    {
      "type": "Feature",
      "properties": {
        "building_id": 40,
        "elevation_m": 4.5,
        "confidence_score": 0.92
      },
      "geometry": {
        "type": "Polygon",
        "coordinates": [
          [
            [
              86.938952,
              21.496088
            ],
            [
              86.938552,
              21.496213
            ],
            [
              86.93864,
              21.496494
            ],
            [
              86.93884,
              21.496431
            ],
            [
              86.938928,
              21.496712
            ],
            [
              86.939128,
              21.49665
            ],
            [
              86.938952,
              21.496088
            ]
          ]
        ]
      }
    },
    {
      "type": "Feature",
      "properties": {
        "building_id": 41,
        "elevation_m": 5.6,
        "confidence_score": 0.93
      },
      "geometry": {
        "type": "Polygon",
        "coordinates": [
          [
            [
              86.937847,
              21.494285
            ],
            [
              86.938188,
              21.494004
            ],
            [
              86.93834,
              21.494023
            ],
            [
              86.938351,
              21.494185
            ],
            [
              86.93827,
              21.494232
            ],
            [
              86.938324,
              21.494349
            ],
            [
              86.937847,
              21.494285
            ]
          ]
        ]
      }
    },
    {
      "type": "Feature",
      "properties": {
        "building_id": 42,
        "elevation_m": 5.8,
        "confidence_score": 0.97
      },
      "geometry": {
        "type": "Polygon",
        "coordinates": [
          [
            [
              86.938812,
              21.493169
            ],
            [
              86.938537,
              21.493004
            ],
            [
              86.938465,
              21.493124
            ],
            [
              86.938602,
              21.493206
            ],
            [
              86.93853,
              21.493327
            ],
            [
              86.938667,
              21.493409
            ],
            [
              86.938812,
              21.493169
            ]
          ]
        ]
      }
    },
    {
      "type": "Feature",
      "properties": {
        "building_id": 43,
        "elevation_m": 6.6,
        "confidence_score": 0.93
      },
      "geometry": {
        "type": "Polygon",
        "coordinates": [
          [
            [
              86.937975,
              21.493445
            ],
            [
              86.937774,
              21.493496
            ],
            [
              86.93772,
              21.493284
            ],
            [
              86.937921,
              21.493233
            ],
            [
              86.937975,
              21.493445
            ]
          ]
        ]
      }
    },
    {
      "type": "Feature",
      "properties": {
        "building_id": 44,
        "elevation_m": 5.9,
        "confidence_score": 0.9
      },
      "geometry": {
        "type": "Polygon",
        "coordinates": [
          [
            [
              86.937473,
              21.497502
            ],
            [
              86.937067,
              21.497563
            ],
            [
              86.937199,
              21.498444
            ],
            [
              86.937604,
              21.498383
            ],
            [
              86.93756,
              21.49809
            ],
            [
              86.93837,
              21.497969
            ],
            [
              86.938327,
              21.497675
            ],
            [
              86.937516,
              21.497796
            ],
            [
              86.937473,
              21.497502
            ]
          ]
        ]
      }
    },
    {
      "type": "Feature",
      "properties": {
        "building_id": 45,
        "elevation_m": 13.7,
        "confidence_score": 0.98
      },
      "geometry": {
        "type": "Polygon",
        "coordinates": [
          [
            [
              86.937726,
              21.495708
            ],
            [
              86.937635,
              21.495757
            ],
            [
              86.937795,
              21.49606
            ],
            [
              86.937887,
              21.496012
            ],
            [
              86.937833,
              21.495911
            ],
            [
              86.938016,
              21.495814
            ],
            [
              86.937963,
              21.495713
            ],
            [
              86.93778,
              21.495809
            ],
            [
              86.937726,
              21.495708
            ]
          ]
        ]
      }
    },
    {
      "type": "Feature",
      "properties": {
        "building_id": 46,
        "elevation_m": 14.8,
        "confidence_score": 0.96
      },
      "geometry": {
        "type": "Polygon",
        "coordinates": [
          [
            [
              86.9385,
              21.494885
            ],
            [
              86.938594,
              21.495238
            ],
            [
              86.938182,
              21.495347
            ],
            [
              86.938088,
              21.494994
            ],
            [
              86.9385,
              21.494885
            ]
          ]
        ]
      }
    },
    {
      "type": "Feature",
      "properties": {
        "building_id": 47,
        "elevation_m": 7.6,
        "confidence_score": 0.96
      },
      "geometry": {
        "type": "Polygon",
        "coordinates": [
          [
            [
              86.911991,
              21.476235
            ],
            [
              86.911768,
              21.476412
            ],
            [
              86.912421,
              21.477236
            ],
            [
              86.912644,
              21.477059
            ],
            [
              86.912426,
              21.476784
            ],
            [
              86.912872,
              21.476431
            ],
            [
              86.912654,
              21.476156
            ],
            [
              86.912208,
              21.47651
            ],
            [
              86.911991,
              21.476235
            ]
          ]
        ]
      }
    },
    {
      "type": "Feature",
      "properties": {
        "building_id": 48,
        "elevation_m": 15.6,
        "confidence_score": 0.89
      },
      "geometry": {
        "type": "Polygon",
        "coordinates": [
          [
            [
              86.909252,
              21.476897
            ],
            [
              86.909139,
              21.476757
            ],
            [
              86.908652,
              21.477148
            ],
            [
              86.908765,
              21.477289
            ],
            [
              86.908927,
              21.477158
            ],
            [
              86.909154,
              21.477439
            ],
            [
              86.909316,
              21.477309
            ],
            [
              86.90909,
              21.477028
            ],
            [
              86.909252,
              21.476897
            ]
          ]
        ]
      }
    },
    {
      "type": "Feature",
      "properties": {
        "building_id": 49,
        "elevation_m": 13.4,
        "confidence_score": 0.95
      },
      "geometry": {
        "type": "Polygon",
        "coordinates": [
          [
            [
              86.905804,
              21.478995
            ],
            [
              86.905511,
              21.478775
            ],
            [
              86.905019,
              21.479433
            ],
            [
              86.905312,
              21.479652
            ],
            [
              86.905476,
              21.479433
            ],
            [
              86.906063,
              21.479872
            ],
            [
              86.906227,
              21.479653
            ],
            [
              86.90564,
              21.479214
            ],
            [
              86.905804,
              21.478995
            ]
          ]
        ]
      }
    },
    {
      "type": "Feature",
      "properties": {
        "building_id": 50,
        "elevation_m": 10.2,
        "confidence_score": 0.92
      },
      "geometry": {
        "type": "Polygon",
        "coordinates": [
          [
            [
              86.907467,
              21.477439
            ],
            [
              86.906789,
              21.477714
            ],
            [
              86.906919,
              21.478033
            ],
            [
              86.907258,
              21.477896
            ],
            [
              86.907387,
              21.478216
            ],
            [
              86.907726,
              21.478078
            ],
            [
              86.907467,
              21.477439
            ]
          ]
        ]
      }
    },
    {
      "type": "Feature",
      "properties": {
        "building_id": 51,
        "elevation_m": 16.2,
        "confidence_score": 0.89
      },
      "geometry": {
        "type": "Polygon",
        "coordinates": [
          [
            [
              86.908151,
              21.477162
            ],
            [
              86.908062,
              21.477125
            ],
            [
              86.907973,
              21.47734
            ],
            [
              86.908062,
              21.477377
            ],
            [
              86.908092,
              21.477305
            ],
            [
              86.90827,
              21.47738
            ],
            [
              86.9083,
              21.477308
            ],
            [
              86.908121,
              21.477234
            ],
            [
              86.908151,
              21.477162
            ]
          ]
        ]
      }
    },
    {
      "type": "Feature",
      "properties": {
        "building_id": 52,
        "elevation_m": 9.1,
        "confidence_score": 0.96
      },
      "geometry": {
        "type": "Polygon",
        "coordinates": [
          [
            [
              86.911155,
              21.47722
            ],
            [
              86.910636,
              21.477383
            ],
            [
              86.910711,
              21.477623
            ],
            [
              86.910971,
              21.477542
            ],
            [
              86.911046,
              21.477782
            ],
            [
              86.911306,
              21.477701
            ],
            [
              86.911155,
              21.47722
            ]
          ]
        ]
      }
    },
    {
      "type": "Feature",
      "properties": {
        "building_id": 53,
        "elevation_m": 17.3,
        "confidence_score": 0.88
      },
      "geometry": {
        "type": "Polygon",
        "coordinates": [
          [
            [
              86.913244,
              21.478255
            ],
            [
              86.912505,
              21.4779
            ],
            [
              86.912301,
              21.478326
            ],
            [
              86.912671,
              21.478503
            ],
            [
              86.912466,
              21.478929
            ],
            [
              86.912836,
              21.479106
            ],
            [
              86.913244,
              21.478255
            ]
          ]
        ]
      }
    },
    {
      "type": "Feature",
      "properties": {
        "building_id": 54,
        "elevation_m": 10.5,
        "confidence_score": 0.86
      },
      "geometry": {
        "type": "Polygon",
        "coordinates": [
          [
            [
              86.914454,
              21.477791
            ],
            [
              86.913909,
              21.477026
            ],
            [
              86.913512,
              21.47731
            ],
            [
              86.913784,
              21.477692
            ],
            [
              86.913387,
              21.477975
            ],
            [
              86.91366,
              21.478357
            ],
            [
              86.914454,
              21.477791
            ]
          ]
        ]
      }
    },
    {
      "type": "Feature",
      "properties": {
        "building_id": 55,
        "elevation_m": 13.9,
        "confidence_score": 0.96
      },
      "geometry": {
        "type": "Polygon",
        "coordinates": [
          [
            [
              86.911948,
              21.48111
            ],
            [
              86.911762,
              21.481346
            ],
            [
              86.911865,
              21.481428
            ],
            [
              86.911958,
              21.48131
            ],
            [
              86.912062,
              21.481392
            ],
            [
              86.912155,
              21.481274
            ],
            [
              86.911948,
              21.48111
            ]
          ]
        ]
      }
    },
    {
      "type": "Feature",
      "properties": {
        "building_id": 56,
        "elevation_m": 6.6,
        "confidence_score": 0.88
      },
      "geometry": {
        "type": "Polygon",
        "coordinates": [
          [
            [
              86.911137,
              21.480221
            ],
            [
              86.911102,
              21.480368
            ],
            [
              86.911709,
              21.480511
            ],
            [
              86.911744,
              21.480364
            ],
            [
              86.911541,
              21.480316
            ],
            [
              86.91161,
              21.480022
            ],
            [
              86.911408,
              21.479975
            ],
            [
              86.911339,
              21.480269
            ],
            [
              86.911137,
              21.480221
            ]
          ]
        ]
      }
    },
    {
      "type": "Feature",
      "properties": {
        "building_id": 57,
        "elevation_m": 8.3,
        "confidence_score": 0.97
      },
      "geometry": {
        "type": "Polygon",
        "coordinates": [
          [
            [
              86.912509,
              21.481573
            ],
            [
              86.912492,
              21.481605
            ],
            [
              86.912576,
              21.481206
            ],
            [
              86.912761,
              21.481189
            ],
            [
              86.912824,
              21.481478
            ],
            [
              86.912894,
              21.481537
            ],
            [
              86.912727,
              21.481643
            ],
            [
              86.912509,
              21.481573
            ]
          ]
        ]
      }
    },
    {
      "type": "Feature",
      "properties": {
        "building_id": 58,
        "elevation_m": 14.8,
        "confidence_score": 0.94
      },
      "geometry": {
        "type": "Polygon",
        "coordinates": [
          [
            [
              86.911459,
              21.480508
            ],
            [
              86.91193,
              21.480874
            ],
            [
              86.911653,
              21.481232
            ],
            [
              86.911181,
              21.480866
            ],
            [
              86.911459,
              21.480508
            ]
          ]
        ]
      }
    },
    {
      "type": "Feature",
      "properties": {
        "building_id": 59,
        "elevation_m": 8.6,
        "confidence_score": 0.91
      },
      "geometry": {
        "type": "Polygon",
        "coordinates": [
          [
            [
              86.912188,
              21.482719
            ],
            [
              86.912196,
              21.482861
            ],
            [
              86.911905,
              21.483054
            ],
            [
              86.911861,
              21.482998
            ],
            [
              86.911815,
              21.482898
            ],
            [
              86.912188,
              21.482719
            ]
          ]
        ]
      }
    },
    {
      "type": "Feature",
      "properties": {
        "building_id": 60,
        "elevation_m": 8.0,
        "confidence_score": 0.9
      },
      "geometry": {
        "type": "Polygon",
        "coordinates": [
          [
            [
              86.91817,
              21.486213
            ],
            [
              86.917343,
              21.485821
            ],
            [
              86.917179,
              21.486167
            ],
            [
              86.917593,
              21.486362
            ],
            [
              86.917429,
              21.486708
            ],
            [
              86.917843,
              21.486903
            ],
            [
              86.91817,
              21.486213
            ]
          ]
        ]
      }
    },
    {
      "type": "Feature",
      "properties": {
        "building_id": 61,
        "elevation_m": 6.0,
        "confidence_score": 0.92
      },
      "geometry": {
        "type": "Polygon",
        "coordinates": [
          [
            [
              86.916736,
              21.486099
            ],
            [
              86.916275,
              21.48513
            ],
            [
              86.9159,
              21.485309
            ],
            [
              86.91613,
              21.485794
            ],
            [
              86.915754,
              21.485972
            ],
            [
              86.915984,
              21.486457
            ],
            [
              86.916736,
              21.486099
            ]
          ]
        ]
      }
    },
    {
      "type": "Feature",
      "properties": {
        "building_id": 62,
        "elevation_m": 17.0,
        "confidence_score": 0.92
      },
      "geometry": {
        "type": "Polygon",
        "coordinates": [
          [
            [
              86.917296,
              21.484096
            ],
            [
              86.917719,
              21.484549
            ],
            [
              86.917391,
              21.484857
            ],
            [
              86.916967,
              21.484404
            ],
            [
              86.917296,
              21.484096
            ]
          ]
        ]
      }
    },
    {
      "type": "Feature",
      "properties": {
        "building_id": 63,
        "elevation_m": 18.2,
        "confidence_score": 0.94
      },
      "geometry": {
        "type": "Polygon",
        "coordinates": [
          [
            [
              86.919161,
              21.485224
            ],
            [
              86.918491,
              21.4853
            ],
            [
              86.918425,
              21.484719
            ],
            [
              86.919095,
              21.484643
            ],
            [
              86.919161,
              21.485224
            ]
          ]
        ]
      }
    },
    {
      "type": "Feature",
      "properties": {
        "building_id": 64,
        "elevation_m": 4.6,
        "confidence_score": 0.88
      },
      "geometry": {
        "type": "Polygon",
        "coordinates": [
          [
            [
              86.916235,
              21.487195
            ],
            [
              86.915578,
              21.487481
            ],
            [
              86.91577,
              21.487922
            ],
            [
              86.916098,
              21.487779
            ],
            [
              86.91629,
              21.48822
            ],
            [
              86.916618,
              21.488078
            ],
            [
              86.916235,
              21.487195
            ]
          ]
        ]
      }
    },
    {
      "type": "Feature",
      "properties": {
        "building_id": 65,
        "elevation_m": 7.3,
        "confidence_score": 0.92
      },
      "geometry": {
        "type": "Polygon",
        "coordinates": [
          [
            [
              86.918446,
              21.487142
            ],
            [
              86.918374,
              21.486815
            ],
            [
              86.918369,
              21.48674
            ],
            [
              86.918681,
              21.486643
            ],
            [
              86.918778,
              21.487028
            ],
            [
              86.918446,
              21.487142
            ]
          ]
        ]
      }
    },
    {
      "type": "Feature",
      "properties": {
        "building_id": 66,
        "elevation_m": 16.1,
        "confidence_score": 0.85
      },
      "geometry": {
        "type": "Polygon",
        "coordinates": [
          [
            [
              86.919494,
              21.484869
            ],
            [
              86.919187,
              21.485423
            ],
            [
              86.919514,
              21.485604
            ],
            [
              86.919667,
              21.485327
            ],
            [
              86.919994,
              21.485508
            ],
            [
              86.920148,
              21.485231
            ],
            [
              86.919494,
              21.484869
            ]
          ]
        ]
      }
    },
    {
      "type": "Feature",
      "properties": {
        "building_id": 67,
        "elevation_m": 4.3,
        "confidence_score": 0.94
      },
      "geometry": {
        "type": "Polygon",
        "coordinates": [
          [
            [
              86.916842,
              21.481352
            ],
            [
              86.916683,
              21.48132
            ],
            [
              86.916596,
              21.481746
            ],
            [
              86.916755,
              21.481778
            ],
            [
              86.916784,
              21.481636
            ],
            [
              86.917102,
              21.4817
            ],
            [
              86.917131,
              21.481558
            ],
            [
              86.916813,
              21.481494
            ],
            [
              86.916842,
              21.481352
            ]
          ]
        ]
      }
    },
    {
      "type": "Feature",
      "properties": {
        "building_id": 68,
        "elevation_m": 13.6,
        "confidence_score": 0.88
      },
      "geometry": {
        "type": "Polygon",
        "coordinates": [
          [
            [
              86.916111,
              21.481856
            ],
            [
              86.91649,
              21.4821
            ],
            [
              86.91618,
              21.482583
            ],
            [
              86.915801,
              21.482339
            ],
            [
              86.916111,
              21.481856
            ]
          ]
        ]
      }
    },
    {
      "type": "Feature",
      "properties": {
        "building_id": 69,
        "elevation_m": 6.2,
        "confidence_score": 0.86
      },
      "geometry": {
        "type": "Polygon",
        "coordinates": [
          [
            [
              86.918112,
              21.481179
            ],
            [
              86.917769,
              21.481267
            ],
            [
              86.917811,
              21.48143
            ],
            [
              86.917983,
              21.481386
            ],
            [
              86.918024,
              21.481549
            ],
            [
              86.918196,
              21.481505
            ],
            [
              86.918112,
              21.481179
            ]
          ]
        ]
      }
    },
    {
      "type": "Feature",
      "properties": {
        "building_id": 70,
        "elevation_m": 9.4,
        "confidence_score": 0.86
      },
      "geometry": {
        "type": "Polygon",
        "coordinates": [
          [
            [
              86.920045,
              21.482779
            ],
            [
              86.91926,
              21.482725
            ],
            [
              86.919237,
              21.483065
            ],
            [
              86.919629,
              21.483092
            ],
            [
              86.919605,
              21.483432
            ],
            [
              86.919997,
              21.483459
            ],
            [
              86.920045,
              21.482779
            ]
          ]
        ]
      }
    },
    {
      "type": "Feature",
      "properties": {
        "building_id": 71,
        "elevation_m": 5.2,
        "confidence_score": 0.93
      },
      "geometry": {
        "type": "Polygon",
        "coordinates": [
          [
            [
              86.918308,
              21.483361
            ],
            [
              86.918086,
              21.482595
            ],
            [
              86.917776,
              21.482685
            ],
            [
              86.917887,
              21.483068
            ],
            [
              86.917577,
              21.483158
            ],
            [
              86.917688,
              21.483541
            ],
            [
              86.918308,
              21.483361
            ]
          ]
        ]
      }
    },
    {
      "type": "Feature",
      "properties": {
        "building_id": 72,
        "elevation_m": 6.2,
        "confidence_score": 0.93
      },
      "geometry": {
        "type": "Polygon",
        "coordinates": [
          [
            [
              86.916466,
              21.48326
            ],
            [
              86.916725,
              21.48382
            ],
            [
              86.916209,
              21.484059
            ],
            [
              86.91595,
              21.483498
            ],
            [
              86.916466,
              21.48326
            ]
          ]
        ]
      }
    },
    {
      "type": "Feature",
      "properties": {
        "building_id": 73,
        "elevation_m": 12.0,
        "confidence_score": 0.88
      },
      "geometry": {
        "type": "Polygon",
        "coordinates": [
          [
            [
              86.914621,
              21.483701
            ],
            [
              86.914398,
              21.483798
            ],
            [
              86.914677,
              21.484444
            ],
            [
              86.914901,
              21.484347
            ],
            [
              86.914808,
              21.484132
            ],
            [
              86.915255,
              21.483939
            ],
            [
              86.915162,
              21.483723
            ],
            [
              86.914715,
              21.483916
            ],
            [
              86.914621,
              21.483701
            ]
          ]
        ]
      }
    },
    {
      "type": "Feature",
      "properties": {
        "building_id": 74,
        "elevation_m": 9.8,
        "confidence_score": 0.89
      },
      "geometry": {
        "type": "Polygon",
        "coordinates": [
          [
            [
              86.918471,
              21.483972
            ],
            [
              86.918387,
              21.484078
            ],
            [
              86.918777,
              21.48439
            ],
            [
              86.918862,
              21.484284
            ],
            [
              86.918732,
              21.48418
            ],
            [
              86.918901,
              21.483968
            ],
            [
              86.918771,
              21.483864
            ],
            [
              86.918602,
              21.484076
            ],
            [
              86.918471,
              21.483972
            ]
          ]
        ]
      }
    },
    {
      "type": "Feature",
      "properties": {
        "building_id": 75,
        "elevation_m": 7.8,
        "confidence_score": 0.9
      },
      "geometry": {
        "type": "Polygon",
        "coordinates": [
          [
            [
              86.920351,
              21.485591
            ],
            [
              86.920203,
              21.48611
            ],
            [
              86.920435,
              21.486176
            ],
            [
              86.920508,
              21.485916
            ],
            [
              86.92074,
              21.485982
            ],
            [
              86.920813,
              21.485723
            ],
            [
              86.920351,
              21.485591
            ]
          ]
        ]
      }
    },
    {
      "type": "Feature",
      "properties": {
        "building_id": 76,
        "elevation_m": 6.9,
        "confidence_score": 0.94
      },
      "geometry": {
        "type": "Polygon",
        "coordinates": [
          [
            [
              86.92174,
              21.483996
            ],
            [
              86.92102,
              21.484135
            ],
            [
              86.921081,
              21.484449
            ],
            [
              86.921441,
              21.484379
            ],
            [
              86.921502,
              21.484693
            ],
            [
              86.921862,
              21.484623
            ],
            [
              86.92174,
              21.483996
            ]
          ]
        ]
      }
    },
    {
      "type": "Feature",
      "properties": {
        "building_id": 77,
        "elevation_m": 9.8,
        "confidence_score": 0.94
      },
      "geometry": {
        "type": "Polygon",
        "coordinates": [
          [
            [
              86.922153,
              21.468581
            ],
            [
              86.922087,
              21.468637
            ],
            [
              86.922308,
              21.468896
            ],
            [
              86.922373,
              21.46884
            ],
            [
              86.9223,
              21.468754
            ],
            [
              86.922432,
              21.468642
            ],
            [
              86.922358,
              21.468556
            ],
            [
              86.922227,
              21.468667
            ],
            [
              86.922153,
              21.468581
            ]
          ]
        ]
      }
    },
    {
      "type": "Feature",
      "properties": {
        "building_id": 78,
        "elevation_m": 11.0,
        "confidence_score": 0.88
      },
      "geometry": {
        "type": "Polygon",
        "coordinates": [
          [
            [
              86.924454,
              21.469044
            ],
            [
              86.924042,
              21.46887
            ],
            [
              86.923897,
              21.468265
            ],
            [
              86.923933,
              21.468168
            ],
            [
              86.924134,
              21.468168
            ],
            [
              86.924454,
              21.469044
            ]
          ]
        ]
      }
    },
    {
      "type": "Feature",
      "properties": {
        "building_id": 79,
        "elevation_m": 9.1,
        "confidence_score": 0.92
      },
      "geometry": {
        "type": "Polygon",
        "coordinates": [
          [
            [
              86.915086,
              21.472417
            ],
            [
              86.914855,
              21.472482
            ],
            [
              86.91501,
              21.473031
            ],
            [
              86.915241,
              21.472966
            ],
            [
              86.915189,
              21.472783
            ],
            [
              86.915651,
              21.472652
            ],
            [
              86.915599,
              21.472469
            ],
            [
              86.915138,
              21.4726
            ],
            [
              86.915086,
              21.472417
            ]
          ]
        ]
      }
    },
    {
      "type": "Feature",
      "properties": {
        "building_id": 80,
        "elevation_m": 18.3,
        "confidence_score": 0.97
      },
      "geometry": {
        "type": "Polygon",
        "coordinates": [
          [
            [
              86.916245,
              21.471688
            ],
            [
              86.916605,
              21.471831
            ],
            [
              86.916582,
              21.471799
            ],
            [
              86.916759,
              21.471574
            ],
            [
              86.916714,
              21.471478
            ],
            [
              86.916435,
              21.471408
            ],
            [
              86.916245,
              21.471688
            ]
          ]
        ]
      }
    },
    {
      "type": "Feature",
      "properties": {
        "building_id": 81,
        "elevation_m": 14.0,
        "confidence_score": 0.87
      },
      "geometry": {
        "type": "Polygon",
        "coordinates": [
          [
            [
              86.91812,
              21.471577
            ],
            [
              86.918282,
              21.472045
            ],
            [
              86.91779,
              21.472216
            ],
            [
              86.917628,
              21.471748
            ],
            [
              86.91812,
              21.471577
            ]
          ]
        ]
      }
    },
    {
      "type": "Feature",
      "properties": {
        "building_id": 82,
        "elevation_m": 7.4,
        "confidence_score": 0.91
      },
      "geometry": {
        "type": "Polygon",
        "coordinates": [
          [
            [
              86.918442,
              21.473712
            ],
            [
              86.917773,
              21.473609
            ],
            [
              86.917714,
              21.473989
            ],
            [
              86.918049,
              21.47404
            ],
            [
              86.91799,
              21.47442
            ],
            [
              86.918325,
              21.474471
            ],
            [
              86.918442,
              21.473712
            ]
          ]
        ]
      }
    },
    {
      "type": "Feature",
      "properties": {
        "building_id": 83,
        "elevation_m": 7.3,
        "confidence_score": 0.86
      },
      "geometry": {
        "type": "Polygon",
        "coordinates": [
          [
            [
              86.905123,
              21.489825
            ],
            [
              86.905007,
              21.490302
            ],
            [
              86.904629,
              21.49021
            ],
            [
              86.904745,
              21.489733
            ],
            [
              86.905123,
              21.489825
            ]
          ]
        ]
      }
    },
    {
      "type": "Feature",
      "properties": {
        "building_id": 84,
        "elevation_m": 16.3,
        "confidence_score": 0.92
      },
      "geometry": {
        "type": "Polygon",
        "coordinates": [
          [
            [
              86.906243,
              21.488021
            ],
            [
              86.905143,
              21.488036
            ],
            [
              86.905127,
              21.486881
            ],
            [
              86.906227,
              21.486866
            ],
            [
              86.906243,
              21.488021
            ]
          ]
        ]
      }
    },
    {
      "type": "Feature",
      "properties": {
        "building_id": 85,
        "elevation_m": 14.8,
        "confidence_score": 0.88
      },
      "geometry": {
        "type": "Polygon",
        "coordinates": [
          [
            [
              86.90528,
              21.491157
            ],
            [
              86.90518,
              21.491476
            ],
            [
              86.905925,
              21.491709
            ],
            [
              86.906024,
              21.491389
            ],
            [
              86.905776,
              21.491312
            ],
            [
              86.905976,
              21.490673
            ],
            [
              86.905728,
              21.490596
            ],
            [
              86.905528,
              21.491235
            ],
            [
              86.90528,
              21.491157
            ]
          ]
        ]
      }
    },
    {
      "type": "Feature",
      "properties": {
        "building_id": 86,
        "elevation_m": 8.1,
        "confidence_score": 0.89
      },
      "geometry": {
        "type": "Polygon",
        "coordinates": [
          [
            [
              86.906319,
              21.485349
            ],
            [
              86.906304,
              21.485123
            ],
            [
              86.905675,
              21.485164
            ],
            [
              86.905689,
              21.48539
            ],
            [
              86.905899,
              21.485376
            ],
            [
              86.905928,
              21.485828
            ],
            [
              86.906138,
              21.485814
            ],
            [
              86.906109,
              21.485363
            ],
            [
              86.906319,
              21.485349
            ]
          ]
        ]
      }
    },
    {
      "type": "Feature",
      "properties": {
        "building_id": 87,
        "elevation_m": 12.9,
        "confidence_score": 0.9
      },
      "geometry": {
        "type": "Polygon",
        "coordinates": [
          [
            [
              86.906973,
              21.48452
            ],
            [
              86.906788,
              21.484567
            ],
            [
              86.906891,
              21.484978
            ],
            [
              86.907077,
              21.484932
            ],
            [
              86.907042,
              21.484795
            ],
            [
              86.907413,
              21.484702
            ],
            [
              86.907378,
              21.484565
            ],
            [
              86.907008,
              21.484658
            ],
            [
              86.906973,
              21.48452
            ]
          ]
        ]
      }
    },
    {
      "type": "Feature",
      "properties": {
        "building_id": 88,
        "elevation_m": 16.8,
        "confidence_score": 0.89
      },
      "geometry": {
        "type": "Polygon",
        "coordinates": [
          [
            [
              86.90684,
              21.486264
            ],
            [
              86.906834,
              21.485991
            ],
            [
              86.907012,
              21.485834
            ],
            [
              86.907254,
              21.485842
            ],
            [
              86.907229,
              21.486022
            ],
            [
              86.90719,
              21.486055
            ],
            [
              86.906962,
              21.486203
            ],
            [
              86.90684,
              21.486264
            ]
          ]
        ]
      }
    },
    {
      "type": "Feature",
      "properties": {
        "building_id": 89,
        "elevation_m": 6.0,
        "confidence_score": 0.89
      },
      "geometry": {
        "type": "Polygon",
        "coordinates": [
          [
            [
              86.908216,
              21.485817
            ],
            [
              86.908558,
              21.485674
            ],
            [
              86.908654,
              21.485754
            ],
            [
              86.908637,
              21.485751
            ],
            [
              86.90862,
              21.485831
            ],
            [
              86.908377,
              21.486015
            ],
            [
              86.908413,
              21.485986
            ],
            [
              86.908216,
              21.485817
            ]
          ]
        ]
      }
    },
    {
      "type": "Feature",
      "properties": {
        "building_id": 90,
        "elevation_m": 15.7,
        "confidence_score": 0.9
      },
      "geometry": {
        "type": "Polygon",
        "coordinates": [
          [
            [
              86.908168,
              21.483202
            ],
            [
              86.908391,
              21.48304
            ],
            [
              86.90839,
              21.483027
            ],
            [
              86.908651,
              21.48312
            ],
            [
              86.908542,
              21.483373
            ],
            [
              86.908168,
              21.483202
            ]
          ]
        ]
      }
    },
    {
      "type": "Feature",
      "properties": {
        "building_id": 91,
        "elevation_m": 6.1,
        "confidence_score": 0.88
      },
      "geometry": {
        "type": "Polygon",
        "coordinates": [
          [
            [
              86.906041,
              21.482593
            ],
            [
              86.905945,
              21.482436
            ],
            [
              86.906046,
              21.482212
            ],
            [
              86.906277,
              21.482201
            ],
            [
              86.906083,
              21.482615
            ],
            [
              86.906041,
              21.482593
            ]
          ]
        ]
      }
    },
    {
      "type": "Feature",
      "properties": {
        "building_id": 92,
        "elevation_m": 6.9,
        "confidence_score": 0.95
      },
      "geometry": {
        "type": "Polygon",
        "coordinates": [
          [
            [
              86.910013,
              21.487549
            ],
            [
              86.910011,
              21.487392
            ],
            [
              86.90947,
              21.487401
            ],
            [
              86.909473,
              21.487558
            ],
            [
              86.909653,
              21.487555
            ],
            [
              86.909658,
              21.48787
            ],
            [
              86.909839,
              21.487867
            ],
            [
              86.909833,
              21.487552
            ],
            [
              86.910013,
              21.487549
            ]
          ]
        ]
      }
    },
    {
      "type": "Feature",
      "properties": {
        "building_id": 93,
        "elevation_m": 7.7,
        "confidence_score": 0.93
      },
      "geometry": {
        "type": "Polygon",
        "coordinates": [
          [
            [
              86.909089,
              21.485231
            ],
            [
              86.908835,
              21.485214
            ],
            [
              86.908798,
              21.485777
            ],
            [
              86.909052,
              21.485794
            ],
            [
              86.909065,
              21.485606
            ],
            [
              86.909573,
              21.48564
            ],
            [
              86.909586,
              21.485452
            ],
            [
              86.909077,
              21.485419
            ],
            [
              86.909089,
              21.485231
            ]
          ]
        ]
      }
    },
    {
      "type": "Feature",
      "properties": {
        "building_id": 94,
        "elevation_m": 4.1,
        "confidence_score": 0.86
      },
      "geometry": {
        "type": "Polygon",
        "coordinates": [
          [
            [
              86.910096,
              21.485678
            ],
            [
              86.90998,
              21.485529
            ],
            [
              86.909885,
              21.485603
            ],
            [
              86.909943,
              21.485677
            ],
            [
              86.909848,
              21.485751
            ],
            [
              86.909906,
              21.485825
            ],
            [
              86.910096,
              21.485678
            ]
          ]
        ]
      }
    },
    {
      "type": "Feature",
      "properties": {
        "building_id": 95,
        "elevation_m": 14.2,
        "confidence_score": 0.92
      },
      "geometry": {
        "type": "Polygon",
        "coordinates": [
          [
            [
              86.909505,
              21.484574
            ],
            [
              86.909494,
              21.484586
            ],
            [
              86.909288,
              21.484585
            ],
            [
              86.909317,
              21.484465
            ],
            [
              86.909258,
              21.48442
            ],
            [
              86.909505,
              21.484574
            ]
          ]
        ]
      }
    },
    {
      "type": "Feature",
      "properties": {
        "building_id": 96,
        "elevation_m": 9.3,
        "confidence_score": 0.85
      },
      "geometry": {
        "type": "Polygon",
        "coordinates": [
          [
            [
              86.910635,
              21.485483
            ],
            [
              86.910518,
              21.485592
            ],
            [
              86.910876,
              21.485981
            ],
            [
              86.910994,
              21.485873
            ],
            [
              86.910874,
              21.485743
            ],
            [
              86.91111,
              21.485526
            ],
            [
              86.910991,
              21.485396
            ],
            [
              86.910755,
              21.485613
            ],
            [
              86.910635,
              21.485483
            ]
          ]
        ]
      }
    },
    {
      "type": "Feature",
      "properties": {
        "building_id": 97,
        "elevation_m": 6.8,
        "confidence_score": 0.94
      },
      "geometry": {
        "type": "Polygon",
        "coordinates": [
          [
            [
              86.907907,
              21.486698
            ],
            [
              86.907727,
              21.486416
            ],
            [
              86.907113,
              21.486808
            ],
            [
              86.907293,
              21.48709
            ],
            [
              86.907498,
              21.486959
            ],
            [
              86.907858,
              21.487523
            ],
            [
              86.908062,
              21.487392
            ],
            [
              86.907702,
              21.486828
            ],
            [
              86.907907,
              21.486698
            ]
          ]
        ]
      }
    },
    {
      "type": "Feature",
      "properties": {
        "building_id": 98,
        "elevation_m": 5.6,
        "confidence_score": 0.87
      },
      "geometry": {
        "type": "Polygon",
        "coordinates": [
          [
            [
              86.90655,
              21.487282
            ],
            [
              86.906466,
              21.488139
            ],
            [
              86.906985,
              21.48819
            ],
            [
              86.907028,
              21.487762
            ],
            [
              86.907547,
              21.487813
            ],
            [
              86.90759,
              21.487384
            ],
            [
              86.90655,
              21.487282
            ]
          ]
        ]
      }
    },
    {
      "type": "Feature",
      "properties": {
        "building_id": 99,
        "elevation_m": 7.0,
        "confidence_score": 0.91
      },
      "geometry": {
        "type": "Polygon",
        "coordinates": [
          [
            [
              86.909698,
              21.48972
            ],
            [
              86.909582,
              21.489201
            ],
            [
              86.909236,
              21.489278
            ],
            [
              86.909294,
              21.489538
            ],
            [
              86.908947,
              21.489615
            ],
            [
              86.909005,
              21.489875
            ],
            [
              86.909698,
              21.48972
            ]
          ]
        ]
      }
    },
    {
      "type": "Feature",
      "properties": {
        "building_id": 100,
        "elevation_m": 13.6,
        "confidence_score": 0.96
      },
      "geometry": {
        "type": "Polygon",
        "coordinates": [
          [
            [
              86.908101,
              21.491635
            ],
            [
              86.908309,
              21.491098
            ],
            [
              86.908661,
              21.491293
            ],
            [
              86.908398,
              21.491679
            ],
            [
              86.908395,
              21.491739
            ],
            [
              86.908101,
              21.491635
            ]
          ]
        ]
      }
    },
    {
      "type": "Feature",
      "properties": {
        "building_id": 101,
        "elevation_m": 18.3,
        "confidence_score": 0.88
      },
      "geometry": {
        "type": "Polygon",
        "coordinates": [
          [
            [
              86.901867,
              21.495276
            ],
            [
              86.901562,
              21.495148
            ],
            [
              86.901659,
              21.494734
            ],
            [
              86.901986,
              21.494525
            ],
            [
              86.901867,
              21.495276
            ]
          ]
        ]
      }
    },
    {
      "type": "Feature",
      "properties": {
        "building_id": 102,
        "elevation_m": 16.9,
        "confidence_score": 0.88
      },
      "geometry": {
        "type": "Polygon",
        "coordinates": [
          [
            [
              86.904274,
              21.496381
            ],
            [
              86.904165,
              21.49648
            ],
            [
              86.904534,
              21.496886
            ],
            [
              86.904644,
              21.496787
            ],
            [
              86.90452,
              21.496651
            ],
            [
              86.904739,
              21.496452
            ],
            [
              86.904616,
              21.496317
            ],
            [
              86.904397,
              21.496516
            ],
            [
              86.904274,
              21.496381
            ]
          ]
        ]
      }
    },
    {
      "type": "Feature",
      "properties": {
        "building_id": 103,
        "elevation_m": 12.6,
        "confidence_score": 0.89
      },
      "geometry": {
        "type": "Polygon",
        "coordinates": [
          [
            [
              86.907094,
              21.496977
            ],
            [
              86.906839,
              21.497053
            ],
            [
              86.906755,
              21.496772
            ],
            [
              86.90701,
              21.496696
            ],
            [
              86.907094,
              21.496977
            ]
          ]
        ]
      }
    },
    {
      "type": "Feature",
      "properties": {
        "building_id": 104,
        "elevation_m": 4.2,
        "confidence_score": 0.95
      },
      "geometry": {
        "type": "Polygon",
        "coordinates": [
          [
            [
              86.907375,
              21.496025
            ],
            [
              86.906979,
              21.495893
            ],
            [
              86.906922,
              21.496064
            ],
            [
              86.90712,
              21.49613
            ],
            [
              86.907063,
              21.496302
            ],
            [
              86.907261,
              21.496368
            ],
            [
              86.907375,
              21.496025
            ]
          ]
        ]
      }
    },
    {
      "type": "Feature",
      "properties": {
        "building_id": 105,
        "elevation_m": 12.3,
        "confidence_score": 0.86
      },
      "geometry": {
        "type": "Polygon",
        "coordinates": [
          [
            [
              86.907962,
              21.496682
            ],
            [
              86.907732,
              21.496448
            ],
            [
              86.907647,
              21.496531
            ],
            [
              86.907762,
              21.496648
            ],
            [
              86.907678,
              21.496731
            ],
            [
              86.907792,
              21.496848
            ],
            [
              86.907962,
              21.496682
            ]
          ]
        ]
      }
    },
    {
      "type": "Feature",
      "properties": {
        "building_id": 106,
        "elevation_m": 15.0,
        "confidence_score": 0.91
      },
      "geometry": {
        "type": "Polygon",
        "coordinates": [
          [
            [
              86.907813,
              21.497333
            ],
            [
              86.907593,
              21.49764
            ],
            [
              86.907286,
              21.497419
            ],
            [
              86.907505,
              21.497113
            ],
            [
              86.907813,
              21.497333
            ]
          ]
        ]
      }
    },
    {
      "type": "Feature",
      "properties": {
        "building_id": 107,
        "elevation_m": 13.0,
        "confidence_score": 0.87
      },
      "geometry": {
        "type": "Polygon",
        "coordinates": [
          [
            [
              86.905993,
              21.49712
            ],
            [
              86.90639,
              21.496548
            ],
            [
              86.906227,
              21.496479
            ],
            [
              86.905806,
              21.496867
            ],
            [
              86.905759,
              21.49692
            ],
            [
              86.905993,
              21.49712
            ]
          ]
        ]
      }
    },
    {
      "type": "Feature",
      "properties": {
        "building_id": 108,
        "elevation_m": 14.6,
        "confidence_score": 0.87
      },
      "geometry": {
        "type": "Polygon",
        "coordinates": [
          [
            [
              86.906988,
              21.494761
            ],
            [
              86.906819,
              21.49477
            ],
            [
              86.90685,
              21.495346
            ],
            [
              86.907019,
              21.495337
            ],
            [
              86.907009,
              21.495145
            ],
            [
              86.907347,
              21.495127
            ],
            [
              86.907337,
              21.494935
            ],
            [
              86.906999,
              21.494953
            ],
            [
              86.906988,
              21.494761
            ]
          ]
        ]
      }
    },
    {
      "type": "Feature",
      "properties": {
        "building_id": 109,
        "elevation_m": 4.6,
        "confidence_score": 0.97
      },
      "geometry": {
        "type": "Polygon",
        "coordinates": [
          [
            [
              86.904227,
              21.503028
            ],
            [
              86.904337,
              21.502753
            ],
            [
              86.904387,
              21.502688
            ],
            [
              86.904677,
              21.502971
            ],
            [
              86.90462,
              21.502968
            ],
            [
              86.904397,
              21.503201
            ],
            [
              86.904227,
              21.503028
            ]
          ]
        ]
      }
    },
    {
      "type": "Feature",
      "properties": {
        "building_id": 110,
        "elevation_m": 7.5,
        "confidence_score": 0.87
      },
      "geometry": {
        "type": "Polygon",
        "coordinates": [
          [
            [
              86.904685,
              21.502193
            ],
            [
              86.904568,
              21.501754
            ],
            [
              86.904709,
              21.501951
            ],
            [
              86.904789,
              21.501944
            ],
            [
              86.904785,
              21.502009
            ],
            [
              86.904685,
              21.502193
            ]
          ]
        ]
      }
    },
    {
      "type": "Feature",
      "properties": {
        "building_id": 111,
        "elevation_m": 6.0,
        "confidence_score": 0.98
      },
      "geometry": {
        "type": "Polygon",
        "coordinates": [
          [
            [
              86.906452,
              21.503203
            ],
            [
              86.906074,
              21.503174
            ],
            [
              86.906002,
              21.504126
            ],
            [
              86.906381,
              21.504155
            ],
            [
              86.906405,
              21.503837
            ],
            [
              86.907162,
              21.503894
            ],
            [
              86.907186,
              21.503577
            ],
            [
              86.906429,
              21.50352
            ],
            [
              86.906452,
              21.503203
            ]
          ]
        ]
      }
    },
    {
      "type": "Feature",
      "properties": {
        "building_id": 112,
        "elevation_m": 8.6,
        "confidence_score": 0.98
      },
      "geometry": {
        "type": "Polygon",
        "coordinates": [
          [
            [
              86.904889,
              21.503483
            ],
            [
              86.904822,
              21.504202
            ],
            [
              86.90527,
              21.504243
            ],
            [
              86.905304,
              21.503884
            ],
            [
              86.905752,
              21.503926
            ],
            [
              86.905786,
              21.503566
            ],
            [
              86.904889,
              21.503483
            ]
          ]
        ]
      }
    },
    {
      "type": "Feature",
      "properties": {
        "building_id": 113,
        "elevation_m": 12.9,
        "confidence_score": 0.93
      },
      "geometry": {
        "type": "Polygon",
        "coordinates": [
          [
            [
              86.920329,
              21.50281
            ],
            [
              86.920203,
              21.502767
            ],
            [
              86.920088,
              21.5031
            ],
            [
              86.920214,
              21.503144
            ],
            [
              86.920253,
              21.503032
            ],
            [
              86.920504,
              21.503119
            ],
            [
              86.920543,
              21.503008
            ],
            [
              86.920291,
              21.502921
            ],
            [
              86.920329,
              21.50281
            ]
          ]
        ]
      }
    },
    {
      "type": "Feature",
      "properties": {
        "building_id": 114,
        "elevation_m": 7.6,
        "confidence_score": 0.9
      },
      "geometry": {
        "type": "Polygon",
        "coordinates": [
          [
            [
              86.919196,
              21.50147
            ],
            [
              86.919166,
              21.501615
            ],
            [
              86.918739,
              21.501262
            ],
            [
              86.918706,
              21.501105
            ],
            [
              86.919532,
              21.501094
            ],
            [
              86.919196,
              21.50147
            ]
          ]
        ]
      }
    },
    {
      "type": "Feature",
      "properties": {
        "building_id": 115,
        "elevation_m": 18.4,
        "confidence_score": 0.92
      },
      "geometry": {
        "type": "Polygon",
        "coordinates": [
          [
            [
              86.920728,
              21.501093
            ],
            [
              86.920628,
              21.501846
            ],
            [
              86.920922,
              21.501886
            ],
            [
              86.920972,
              21.501509
            ],
            [
              86.921267,
              21.501549
            ],
            [
              86.921317,
              21.501172
            ],
            [
              86.920728,
              21.501093
            ]
          ]
        ]
      }
    },
    {
      "type": "Feature",
      "properties": {
        "building_id": 116,
        "elevation_m": 7.6,
        "confidence_score": 0.94
      },
      "geometry": {
        "type": "Polygon",
        "coordinates": [
          [
            [
              86.921203,
              21.500269
            ],
            [
              86.920943,
              21.500195
            ],
            [
              86.92111,
              21.499571
            ],
            [
              86.921223,
              21.499602
            ],
            [
              86.921429,
              21.499685
            ],
            [
              86.921485,
              21.500053
            ],
            [
              86.921203,
              21.500269
            ]
          ]
        ]
      }
    },
    {
      "type": "Feature",
      "properties": {
        "building_id": 117,
        "elevation_m": 12.0,
        "confidence_score": 0.86
      },
      "geometry": {
        "type": "Polygon",
        "coordinates": [
          [
            [
              86.918659,
              21.499287
            ],
            [
              86.919279,
              21.499628
            ],
            [
              86.918895,
              21.500328
            ],
            [
              86.918274,
              21.499987
            ],
            [
              86.918659,
              21.499287
            ]
          ]
        ]
      }
    },
    {
      "type": "Feature",
      "properties": {
        "building_id": 118,
        "elevation_m": 13.1,
        "confidence_score": 0.87
      },
      "geometry": {
        "type": "Polygon",
        "coordinates": [
          [
            [
              86.91929,
              21.502358
            ],
            [
              86.918706,
              21.502457
            ],
            [
              86.918747,
              21.502693
            ],
            [
              86.919038,
              21.502643
            ],
            [
              86.919079,
              21.502879
            ],
            [
              86.919371,
              21.50283
            ],
            [
              86.91929,
              21.502358
            ]
          ]
        ]
      }
    },
    {
      "type": "Feature",
      "properties": {
        "building_id": 119,
        "elevation_m": 5.2,
        "confidence_score": 0.93
      },
      "geometry": {
        "type": "Polygon",
        "coordinates": [
          [
            [
              86.917429,
              21.501305
            ],
            [
              86.917664,
              21.502117
            ],
            [
              86.916825,
              21.50236
            ],
            [
              86.916589,
              21.501548
            ],
            [
              86.917429,
              21.501305
            ]
          ]
        ]
      }
    },
    {
      "type": "Feature",
      "properties": {
        "building_id": 120,
        "elevation_m": 6.0,
        "confidence_score": 0.94
      },
      "geometry": {
        "type": "Polygon",
        "coordinates": [
          [
            [
              86.917522,
              21.500741
            ],
            [
              86.917397,
              21.500701
            ],
            [
              86.917255,
              21.50061
            ],
            [
              86.917257,
              21.500406
            ],
            [
              86.917458,
              21.500364
            ],
            [
              86.917492,
              21.500395
            ],
            [
              86.917621,
              21.500607
            ],
            [
              86.917522,
              21.500741
            ]
          ]
        ]
      }
    },
    {
      "type": "Feature",
      "properties": {
        "building_id": 121,
        "elevation_m": 14.2,
        "confidence_score": 0.91
      },
      "geometry": {
        "type": "Polygon",
        "coordinates": [
          [
            [
              86.915178,
              21.501537
            ],
            [
              86.914684,
              21.500908
            ],
            [
              86.914403,
              21.501128
            ],
            [
              86.914651,
              21.501443
            ],
            [
              86.91437,
              21.501663
            ],
            [
              86.914617,
              21.501978
            ],
            [
              86.915178,
              21.501537
            ]
          ]
        ]
      }
    },
    {
      "type": "Feature",
      "properties": {
        "building_id": 122,
        "elevation_m": 18.2,
        "confidence_score": 0.85
      },
      "geometry": {
        "type": "Polygon",
        "coordinates": [
          [
            [
              86.915888,
              21.501022
            ],
            [
              86.915614,
              21.501378
            ],
            [
              86.915213,
              21.501069
            ],
            [
              86.915486,
              21.500713
            ],
            [
              86.915888,
              21.501022
            ]
          ]
        ]
      }
    },
    {
      "type": "Feature",
      "properties": {
        "building_id": 123,
        "elevation_m": 6.9,
        "confidence_score": 0.89
      },
      "geometry": {
        "type": "Polygon",
        "coordinates": [
          [
            [
              86.91464,
              21.502175
            ],
            [
              86.914622,
              21.502666
            ],
            [
              86.914836,
              21.502674
            ],
            [
              86.914845,
              21.502428
            ],
            [
              86.915059,
              21.502436
            ],
            [
              86.915068,
              21.50219
            ],
            [
              86.91464,
              21.502175
            ]
          ]
        ]
      }
    },
    {
      "type": "Feature",
      "properties": {
        "building_id": 124,
        "elevation_m": 10.9,
        "confidence_score": 0.91
      },
      "geometry": {
        "type": "Polygon",
        "coordinates": [
          [
            [
              86.9158,
              21.500221
            ],
            [
              86.915626,
              21.499526
            ],
            [
              86.915355,
              21.499593
            ],
            [
              86.915442,
              21.499941
            ],
            [
              86.915171,
              21.500008
            ],
            [
              86.915258,
              21.500356
            ],
            [
              86.9158,
              21.500221
            ]
          ]
        ]
      }
    },
    {
      "type": "Feature",
      "properties": {
        "building_id": 125,
        "elevation_m": 11.8,
        "confidence_score": 0.88
      },
      "geometry": {
        "type": "Polygon",
        "coordinates": [
          [
            [
              86.9165,
              21.502062
            ],
            [
              86.915852,
              21.502487
            ],
            [
              86.916027,
              21.502755
            ],
            [
              86.916352,
              21.502543
            ],
            [
              86.916528,
              21.502812
            ],
            [
              86.916852,
              21.502599
            ],
            [
              86.9165,
              21.502062
            ]
          ]
        ]
      }
    },
    {
      "type": "Feature",
      "properties": {
        "building_id": 126,
        "elevation_m": 12.8,
        "confidence_score": 0.87
      },
      "geometry": {
        "type": "Polygon",
        "coordinates": [
          [
            [
              86.916649,
              21.499997
            ],
            [
              86.916499,
              21.500259
            ],
            [
              86.916621,
              21.500329
            ],
            [
              86.916696,
              21.500198
            ],
            [
              86.916818,
              21.500268
            ],
            [
              86.916893,
              21.500137
            ],
            [
              86.916649,
              21.499997
            ]
          ]
        ]
      }
    },
    {
      "type": "Feature",
      "properties": {
        "building_id": 127,
        "elevation_m": 6.5,
        "confidence_score": 0.9
      },
      "geometry": {
        "type": "Polygon",
        "coordinates": [
          [
            [
              86.918098,
              21.50344
            ],
            [
              86.917892,
              21.503424
            ],
            [
              86.917839,
              21.5041
            ],
            [
              86.918044,
              21.504116
            ],
            [
              86.918062,
              21.503891
            ],
            [
              86.918473,
              21.503923
            ],
            [
              86.91849,
              21.503698
            ],
            [
              86.91808,
              21.503666
            ],
            [
              86.918098,
              21.50344
            ]
          ]
        ]
      }
    },
    {
      "type": "Feature",
      "properties": {
        "building_id": 128,
        "elevation_m": 8.7,
        "confidence_score": 0.95
      },
      "geometry": {
        "type": "Polygon",
        "coordinates": [
          [
            [
              86.916847,
              21.499542
            ],
            [
              86.916755,
              21.499604
            ],
            [
              86.916897,
              21.499814
            ],
            [
              86.916989,
              21.499752
            ],
            [
              86.916942,
              21.499682
            ],
            [
              86.917125,
              21.499558
            ],
            [
              86.917078,
              21.499488
            ],
            [
              86.916894,
              21.499612
            ],
            [
              86.916847,
              21.499542
            ]
          ]
        ]
      }
    },
    {
      "type": "Feature",
      "properties": {
        "building_id": 129,
        "elevation_m": 5.3,
        "confidence_score": 0.91
      },
      "geometry": {
        "type": "Polygon",
        "coordinates": [
          [
            [
              86.916399,
              21.499188
            ],
            [
              86.915809,
              21.499008
            ],
            [
              86.915733,
              21.499258
            ],
            [
              86.916028,
              21.499348
            ],
            [
              86.915952,
              21.499598
            ],
            [
              86.916247,
              21.499688
            ],
            [
              86.916399,
              21.499188
            ]
          ]
        ]
      }
    },
    {
      "type": "Feature",
      "properties": {
        "building_id": 130,
        "elevation_m": 10.4,
        "confidence_score": 0.87
      },
      "geometry": {
        "type": "Polygon",
        "coordinates": [
          [
            [
              86.917068,
              21.488992
            ],
            [
              86.916936,
              21.489075
            ],
            [
              86.917217,
              21.489515
            ],
            [
              86.917349,
              21.489432
            ],
            [
              86.917255,
              21.489285
            ],
            [
              86.917517,
              21.489118
            ],
            [
              86.917423,
              21.488971
            ],
            [
              86.917161,
              21.489138
            ],
            [
              86.917068,
              21.488992
            ]
          ]
        ]
      }
    },
    {
      "type": "Feature",
      "properties": {
        "building_id": 131,
        "elevation_m": 9.2,
        "confidence_score": 0.89
      },
      "geometry": {
        "type": "Polygon",
        "coordinates": [
          [
            [
              86.918969,
              21.488876
            ],
            [
              86.918885,
              21.488831
            ],
            [
              86.918858,
              21.488725
            ],
            [
              86.919044,
              21.48854
            ],
            [
              86.919173,
              21.488877
            ],
            [
              86.918969,
              21.488876
            ]
          ]
        ]
      }
    },
    {
      "type": "Feature",
      "properties": {
        "building_id": 132,
        "elevation_m": 13.9,
        "confidence_score": 0.94
      },
      "geometry": {
        "type": "Polygon",
        "coordinates": [
          [
            [
              86.919203,
              21.489535
            ],
            [
              86.918574,
              21.489623
            ],
            [
              86.918617,
              21.489929
            ],
            [
              86.918932,
              21.489885
            ],
            [
              86.918975,
              21.490191
            ],
            [
              86.919289,
              21.490147
            ],
            [
              86.919203,
              21.489535
            ]
          ]
        ]
      }
    },
    {
      "type": "Feature",
      "properties": {
        "building_id": 133,
        "elevation_m": 7.5,
        "confidence_score": 0.88
      },
      "geometry": {
        "type": "Polygon",
        "coordinates": [
          [
            [
              86.919965,
              21.489931
            ],
            [
              86.919926,
              21.489904
            ],
            [
              86.919966,
              21.48967
            ],
            [
              86.920162,
              21.48953
            ],
            [
              86.920266,
              21.489936
            ],
            [
              86.919965,
              21.489931
            ]
          ]
        ]
      }
    },
    {
      "type": "Feature",
      "properties": {
        "building_id": 134,
        "elevation_m": 4.9,
        "confidence_score": 0.88
      },
      "geometry": {
        "type": "Polygon",
        "coordinates": [
          [
            [
              86.918355,
              21.487983
            ],
            [
              86.918769,
              21.487743
            ],
            [
              86.918833,
              21.487948
            ],
            [
              86.918822,
              21.487987
            ],
            [
              86.918663,
              21.488123
            ],
            [
              86.918355,
              21.487983
            ]
          ]
        ]
      }
    },
    {
      "type": "Feature",
      "properties": {
        "building_id": 135,
        "elevation_m": 12.0,
        "confidence_score": 0.86
      },
      "geometry": {
        "type": "Polygon",
        "coordinates": [
          [
            [
              86.919485,
              21.487193
            ],
            [
              86.919492,
              21.487167
            ],
            [
              86.919688,
              21.487055
            ],
            [
              86.919802,
              21.487029
            ],
            [
              86.919824,
              21.487284
            ],
            [
              86.919485,
              21.487193
            ]
          ]
        ]
      }
    },
    {
      "type": "Feature",
      "properties": {
        "building_id": 136,
        "elevation_m": 11.9,
        "confidence_score": 0.94
      },
      "geometry": {
        "type": "Polygon",
        "coordinates": [
          [
            [
              86.921462,
              21.490767
            ],
            [
              86.921643,
              21.49123
            ],
            [
              86.921195,
              21.491405
            ],
            [
              86.921014,
              21.490942
            ],
            [
              86.921462,
              21.490767
            ]
          ]
        ]
      }
    },
    {
      "type": "Feature",
      "properties": {
        "building_id": 137,
        "elevation_m": 11.1,
        "confidence_score": 0.91
      },
      "geometry": {
        "type": "Polygon",
        "coordinates": [
          [
            [
              86.920496,
              21.490853
            ],
            [
              86.920343,
              21.490725
            ],
            [
              86.919805,
              21.491371
            ],
            [
              86.919958,
              21.491498
            ],
            [
              86.920137,
              21.491283
            ],
            [
              86.920443,
              21.491538
            ],
            [
              86.920623,
              21.491323
            ],
            [
              86.920317,
              21.491068
            ],
            [
              86.920496,
              21.490853
            ]
          ]
        ]
      }
    },
    {
      "type": "Feature",
      "properties": {
        "building_id": 138,
        "elevation_m": 11.2,
        "confidence_score": 0.95
      },
      "geometry": {
        "type": "Polygon",
        "coordinates": [
          [
            [
              86.920665,
              21.490336
            ],
            [
              86.921032,
              21.490344
            ],
            [
              86.921023,
              21.49071
            ],
            [
              86.920657,
              21.490701
            ],
            [
              86.920665,
              21.490336
            ]
          ]
        ]
      }
    },
    {
      "type": "Feature",
      "properties": {
        "building_id": 139,
        "elevation_m": 17.1,
        "confidence_score": 0.92
      },
      "geometry": {
        "type": "Polygon",
        "coordinates": [
          [
            [
              86.922068,
              21.489883
            ],
            [
              86.922442,
              21.489768
            ],
            [
              86.922601,
              21.490096
            ],
            [
              86.922594,
              21.490134
            ],
            [
              86.922453,
              21.49027
            ],
            [
              86.922068,
              21.489883
            ]
          ]
        ]
      }
    },
    {
      "type": "Feature",
      "properties": {
        "building_id": 140,
        "elevation_m": 13.6,
        "confidence_score": 0.9
      },
      "geometry": {
        "type": "Polygon",
        "coordinates": [
          [
            [
              86.921591,
              21.488586
            ],
            [
              86.921677,
              21.488594
            ],
            [
              86.922049,
              21.488755
            ],
            [
              86.922144,
              21.488687
            ],
            [
              86.92213,
              21.488802
            ],
            [
              86.922151,
              21.488937
            ],
            [
              86.922067,
              21.489151
            ],
            [
              86.921591,
              21.488586
            ]
          ]
        ]
      }
    },
    {
      "type": "Feature",
      "properties": {
        "building_id": 141,
        "elevation_m": 14.9,
        "confidence_score": 0.9
      },
      "geometry": {
        "type": "Polygon",
        "coordinates": [
          [
            [
              86.921214,
              21.489959
            ],
            [
              86.92103,
              21.489629
            ],
            [
              86.9209,
              21.489702
            ],
            [
              86.920993,
              21.489866
            ],
            [
              86.920863,
              21.489939
            ],
            [
              86.920955,
              21.490104
            ],
            [
              86.921214,
              21.489959
            ]
          ]
        ]
      }
    },
    {
      "type": "Feature",
      "properties": {
        "building_id": 142,
        "elevation_m": 9.8,
        "confidence_score": 0.89
      },
      "geometry": {
        "type": "Polygon",
        "coordinates": [
          [
            [
              86.922071,
              21.491798
            ],
            [
              86.921685,
              21.492462
            ],
            [
              86.92211,
              21.492709
            ],
            [
              86.922303,
              21.492377
            ],
            [
              86.922728,
              21.492624
            ],
            [
              86.922921,
              21.492292
            ],
            [
              86.922071,
              21.491798
            ]
          ]
        ]
      }
    },
    {
      "type": "Feature",
      "properties": {
        "building_id": 143,
        "elevation_m": 17.9,
        "confidence_score": 0.94
      },
      "geometry": {
        "type": "Polygon",
        "coordinates": [
          [
            [
              86.923685,
              21.489352
            ],
            [
              86.923339,
              21.489903
            ],
            [
              86.922781,
              21.489552
            ],
            [
              86.923127,
              21.489002
            ],
            [
              86.923685,
              21.489352
            ]
          ]
        ]
      }
    },
    {
      "type": "Feature",
      "properties": {
        "building_id": 144,
        "elevation_m": 13.5,
        "confidence_score": 0.96
      },
      "geometry": {
        "type": "Polygon",
        "coordinates": [
          [
            [
              86.923211,
              21.490935
            ],
            [
              86.923427,
              21.490839
            ],
            [
              86.923553,
              21.490949
            ],
            [
              86.923512,
              21.491165
            ],
            [
              86.923403,
              21.491293
            ],
            [
              86.92338,
              21.491294
            ],
            [
              86.923351,
              21.49128
            ],
            [
              86.923211,
              21.490935
            ]
          ]
        ]
      }
    },
    {
      "type": "Feature",
      "properties": {
        "building_id": 145,
        "elevation_m": 17.6,
        "confidence_score": 0.93
      },
      "geometry": {
        "type": "Polygon",
        "coordinates": [
          [
            [
              86.920771,
              21.493477
            ],
            [
              86.920524,
              21.493503
            ],
            [
              86.920612,
              21.49435
            ],
            [
              86.92086,
              21.494324
            ],
            [
              86.92083,
              21.494042
            ],
            [
              86.921326,
              21.49399
            ],
            [
              86.921296,
              21.493708
            ],
            [
              86.920801,
              21.493759
            ],
            [
              86.920771,
              21.493477
            ]
          ]
        ]
      }
    },
    {
      "type": "Feature",
      "properties": {
        "building_id": 146,
        "elevation_m": 7.8,
        "confidence_score": 0.91
      },
      "geometry": {
        "type": "Polygon",
        "coordinates": [
          [
            [
              86.92195,
              21.495082
            ],
            [
              86.921895,
              21.494692
            ],
            [
              86.921633,
              21.494729
            ],
            [
              86.92166,
              21.494924
            ],
            [
              86.921398,
              21.494961
            ],
            [
              86.921425,
              21.495155
            ],
            [
              86.92195,
              21.495082
            ]
          ]
        ]
      }
    },
    {
      "type": "Feature",
      "properties": {
        "building_id": 147,
        "elevation_m": 5.1,
        "confidence_score": 0.92
      },
      "geometry": {
        "type": "Polygon",
        "coordinates": [
          [
            [
              86.919801,
              21.495014
            ],
            [
              86.919693,
              21.495335
            ],
            [
              86.920493,
              21.495604
            ],
            [
              86.920601,
              21.495284
            ],
            [
              86.920334,
              21.495194
            ],
            [
              86.920549,
              21.494554
            ],
            [
              86.920283,
              21.494464
            ],
            [
              86.920067,
              21.495104
            ],
            [
              86.919801,
              21.495014
            ]
          ]
        ]
      }
    },
    {
      "type": "Feature",
      "properties": {
        "building_id": 148,
        "elevation_m": 8.9,
        "confidence_score": 0.96
      },
      "geometry": {
        "type": "Polygon",
        "coordinates": [
          [
            [
              86.921404,
              21.496364
            ],
            [
              86.921453,
              21.496311
            ],
            [
              86.921546,
              21.496263
            ],
            [
              86.921579,
              21.496319
            ],
            [
              86.921572,
              21.496487
            ],
            [
              86.921503,
              21.496467
            ],
            [
              86.921404,
              21.496364
            ]
          ]
        ]
      }
    },
    {
      "type": "Feature",
      "properties": {
        "building_id": 149,
        "elevation_m": 14.7,
        "confidence_score": 0.87
      },
      "geometry": {
        "type": "Polygon",
        "coordinates": [
          [
            [
              86.922924,
              21.494288
            ],
            [
              86.922535,
              21.494115
            ],
            [
              86.922421,
              21.494372
            ],
            [
              86.922616,
              21.494458
            ],
            [
              86.922502,
              21.494714
            ],
            [
              86.922697,
              21.494801
            ],
            [
              86.922924,
              21.494288
            ]
          ]
        ]
      }
    },
    {
      "type": "Feature",
      "properties": {
        "building_id": 150,
        "elevation_m": 13.0,
        "confidence_score": 0.88
      },
      "geometry": {
        "type": "Polygon",
        "coordinates": [
          [
            [
              86.921537,
              21.495918
            ],
            [
              86.921721,
              21.495672
            ],
            [
              86.921832,
              21.495762
            ],
            [
              86.921769,
              21.49609
            ],
            [
              86.921521,
              21.495972
            ],
            [
              86.921537,
              21.495918
            ]
          ]
        ]
      }
    },
    {
      "type": "Feature",
      "properties": {
        "building_id": 151,
        "elevation_m": 7.2,
        "confidence_score": 0.95
      },
      "geometry": {
        "type": "Polygon",
        "coordinates": [
          [
            [
              86.923701,
              21.493724
            ],
            [
              86.923254,
              21.493112
            ],
            [
              86.922962,
              21.493326
            ],
            [
              86.923186,
              21.493632
            ],
            [
              86.922894,
              21.493845
            ],
            [
              86.923117,
              21.494151
            ],
            [
              86.923701,
              21.493724
            ]
          ]
        ]
      }
    },
    {
      "type": "Feature",
      "properties": {
        "building_id": 152,
        "elevation_m": 12.6,
        "confidence_score": 0.89
      },
      "geometry": {
        "type": "Polygon",
        "coordinates": [
          [
            [
              86.924367,
              21.494493
            ],
            [
              86.924221,
              21.494333
            ],
            [
              86.923839,
              21.494683
            ],
            [
              86.923985,
              21.494842
            ],
            [
              86.924112,
              21.494726
            ],
            [
              86.924405,
              21.495046
            ],
            [
              86.924532,
              21.494929
            ],
            [
              86.92424,
              21.49461
            ],
            [
              86.924367,
              21.494493
            ]
          ]
        ]
      }
    },
    {
      "type": "Feature",
      "properties": {
        "building_id": 153,
        "elevation_m": 4.2,
        "confidence_score": 0.91
      },
      "geometry": {
        "type": "Polygon",
        "coordinates": [
          [
            [
              86.920949,
              21.50496
            ],
            [
              86.920815,
              21.504801
            ],
            [
              86.920392,
              21.505156
            ],
            [
              86.920526,
              21.505315
            ],
            [
              86.920667,
              21.505197
            ],
            [
              86.920934,
              21.505515
            ],
            [
              86.921075,
              21.505397
            ],
            [
              86.920808,
              21.505078
            ],
            [
              86.920949,
              21.50496
            ]
          ]
        ]
      }
    },
    {
      "type": "Feature",
      "properties": {
        "building_id": 154,
        "elevation_m": 10.0,
        "confidence_score": 0.97
      },
      "geometry": {
        "type": "Polygon",
        "coordinates": [
          [
            [
              86.922715,
              21.505325
            ],
            [
              86.922673,
              21.505908
            ],
            [
              86.922004,
              21.50586
            ],
            [
              86.922046,
              21.505277
            ],
            [
              86.922715,
              21.505325
            ]
          ]
        ]
      }
    },
    {
      "type": "Feature",
      "properties": {
        "building_id": 155,
        "elevation_m": 5.4,
        "confidence_score": 0.9
      },
      "geometry": {
        "type": "Polygon",
        "coordinates": [
          [
            [
              86.921791,
              21.505862
            ],
            [
              86.921745,
              21.506351
            ],
            [
              86.921363,
              21.506314
            ],
            [
              86.921409,
              21.505826
            ],
            [
              86.921791,
              21.505862
            ]
          ]
        ]
      }
    },
    {
      "type": "Feature",
      "properties": {
        "building_id": 156,
        "elevation_m": 6.3,
        "confidence_score": 0.97
      },
      "geometry": {
        "type": "Polygon",
        "coordinates": [
          [
            [
              86.92028,
              21.504256
            ],
            [
              86.920098,
              21.504258
            ],
            [
              86.920101,
              21.504665
            ],
            [
              86.920283,
              21.504663
            ],
            [
              86.920282,
              21.504528
            ],
            [
              86.920645,
              21.504525
            ],
            [
              86.920644,
              21.504389
            ],
            [
              86.920281,
              21.504392
            ],
            [
              86.92028,
              21.504256
            ]
          ]
        ]
      }
    },
    {
      "type": "Feature",
      "properties": {
        "building_id": 157,
        "elevation_m": 15.4,
        "confidence_score": 0.91
      },
      "geometry": {
        "type": "Polygon",
        "coordinates": [
          [
            [
              86.920955,
              21.503857
            ],
            [
              86.921323,
              21.504084
            ],
            [
              86.921017,
              21.504581
            ],
            [
              86.920648,
              21.504354
            ],
            [
              86.920955,
              21.503857
            ]
          ]
        ]
      }
    },
    {
      "type": "Feature",
      "properties": {
        "building_id": 158,
        "elevation_m": 5.8,
        "confidence_score": 0.94
      },
      "geometry": {
        "type": "Polygon",
        "coordinates": [
          [
            [
              86.921895,
              21.504716
            ],
            [
              86.92183,
              21.504598
            ],
            [
              86.921848,
              21.504456
            ],
            [
              86.922102,
              21.504367
            ],
            [
              86.922193,
              21.504472
            ],
            [
              86.921895,
              21.504716
            ]
          ]
        ]
      }
    },
    {
      "type": "Feature",
      "properties": {
        "building_id": 159,
        "elevation_m": 18.1,
        "confidence_score": 0.96
      },
      "geometry": {
        "type": "Polygon",
        "coordinates": [
          [
            [
              86.922559,
              21.503523
            ],
            [
              86.922442,
              21.503722
            ],
            [
              86.92297,
              21.504034
            ],
            [
              86.923087,
              21.503836
            ],
            [
              86.922911,
              21.503732
            ],
            [
              86.923146,
              21.503334
            ],
            [
              86.92297,
              21.50323
            ],
            [
              86.922735,
              21.503627
            ],
            [
              86.922559,
              21.503523
            ]
          ]
        ]
      }
    },
    {
      "type": "Feature",
      "properties": {
        "building_id": 160,
        "elevation_m": 12.4,
        "confidence_score": 0.97
      },
      "geometry": {
        "type": "Polygon",
        "coordinates": [
          [
            [
              86.921866,
              21.502735
            ],
            [
              86.921478,
              21.502968
            ],
            [
              86.921612,
              21.50319
            ],
            [
              86.921806,
              21.503073
            ],
            [
              86.92194,
              21.503295
            ],
            [
              86.922133,
              21.503179
            ],
            [
              86.921866,
              21.502735
            ]
          ]
        ]
      }
    },
    {
      "type": "Feature",
      "properties": {
        "building_id": 161,
        "elevation_m": 15.9,
        "confidence_score": 0.91
      },
      "geometry": {
        "type": "Polygon",
        "coordinates": [
          [
            [
              86.921465,
              21.502416
            ],
            [
              86.921201,
              21.502057
            ],
            [
              86.921028,
              21.502184
            ],
            [
              86.92116,
              21.502364
            ],
            [
              86.920986,
              21.502491
            ],
            [
              86.921119,
              21.502671
            ],
            [
              86.921465,
              21.502416
            ]
          ]
        ]
      }
    },
    {
      "type": "Feature",
      "properties": {
        "building_id": 162,
        "elevation_m": 16.4,
        "confidence_score": 0.95
      },
      "geometry": {
        "type": "Polygon",
        "coordinates": [
          [
            [
              86.921241,
              21.502449
            ],
            [
              86.920943,
              21.502228
            ],
            [
              86.920822,
              21.502391
            ],
            [
              86.920971,
              21.502501
            ],
            [
              86.92085,
              21.502664
            ],
            [
              86.920999,
              21.502775
            ],
            [
              86.921241,
              21.502449
            ]
          ]
        ]
      }
    },
    {
      "type": "Feature",
      "properties": {
        "building_id": 163,
        "elevation_m": 14.0,
        "confidence_score": 0.92
      },
      "geometry": {
        "type": "Polygon",
        "coordinates": [
          [
            [
              86.919796,
              21.503462
            ],
            [
              86.919921,
              21.503791
            ],
            [
              86.919545,
              21.503933
            ],
            [
              86.91942,
              21.503604
            ],
            [
              86.919796,
              21.503462
            ]
          ]
        ]
      }
    },
    {
      "type": "Feature",
      "properties": {
        "building_id": 164,
        "elevation_m": 11.3,
        "confidence_score": 0.9
      },
      "geometry": {
        "type": "Polygon",
        "coordinates": [
          [
            [
              86.915753,
              21.503668
            ],
            [
              86.916041,
              21.503718
            ],
            [
              86.916053,
              21.503569
            ],
            [
              86.915993,
              21.5035
            ],
            [
              86.915974,
              21.503502
            ],
            [
              86.915957,
              21.503521
            ],
            [
              86.915753,
              21.503668
            ]
          ]
        ]
      }
    },
    {
      "type": "Feature",
      "properties": {
        "building_id": 165,
        "elevation_m": 13.3,
        "confidence_score": 0.89
      },
      "geometry": {
        "type": "Polygon",
        "coordinates": [
          [
            [
              86.923155,
              21.497176
            ],
            [
              86.923175,
              21.49714
            ],
            [
              86.923139,
              21.49675
            ],
            [
              86.923467,
              21.497044
            ],
            [
              86.923393,
              21.497146
            ],
            [
              86.923418,
              21.49719
            ],
            [
              86.92334,
              21.497124
            ],
            [
              86.923155,
              21.497176
            ]
          ]
        ]
      }
    },
    {
      "type": "Feature",
      "properties": {
        "building_id": 166,
        "elevation_m": 4.6,
        "confidence_score": 0.89
      },
      "geometry": {
        "type": "Polygon",
        "coordinates": [
          [
            [
              86.922689,
              21.4995
            ],
            [
              86.922556,
              21.499339
            ],
            [
              86.922455,
              21.499236
            ],
            [
              86.922279,
              21.499225
            ],
            [
              86.922336,
              21.498957
            ],
            [
              86.922307,
              21.498763
            ],
            [
              86.922928,
              21.498906
            ],
            [
              86.922689,
              21.4995
            ]
          ]
        ]
      }
    },
    {
      "type": "Feature",
      "properties": {
        "building_id": 167,
        "elevation_m": 6.1,
        "confidence_score": 0.92
      },
      "geometry": {
        "type": "Polygon",
        "coordinates": [
          [
            [
              86.922073,
              21.497727
            ],
            [
              86.922104,
              21.497382
            ],
            [
              86.922199,
              21.497428
            ],
            [
              86.922271,
              21.497415
            ],
            [
              86.922302,
              21.497923
            ],
            [
              86.922073,
              21.497727
            ]
          ]
        ]
      }
    },
    {
      "type": "Feature",
      "properties": {
        "building_id": 168,
        "elevation_m": 4.8,
        "confidence_score": 0.93
      },
      "geometry": {
        "type": "Polygon",
        "coordinates": [
          [
            [
              86.924196,
              21.498471
            ],
            [
              86.924057,
              21.498937
            ],
            [
              86.924287,
              21.499005
            ],
            [
              86.924356,
              21.498773
            ],
            [
              86.924586,
              21.498841
            ],
            [
              86.924656,
              21.498609
            ],
            [
              86.924196,
              21.498471
            ]
          ]
        ]
      }
    },
    {
      "type": "Feature",
      "properties": {
        "building_id": 169,
        "elevation_m": 6.8,
        "confidence_score": 0.89
      },
      "geometry": {
        "type": "Polygon",
        "coordinates": [
          [
            [
              86.924041,
              21.495728
            ],
            [
              86.924015,
              21.496454
            ],
            [
              86.923462,
              21.496433
            ],
            [
              86.923489,
              21.495708
            ],
            [
              86.924041,
              21.495728
            ]
          ]
        ]
      }
    },
    {
      "type": "Feature",
      "properties": {
        "building_id": 170,
        "elevation_m": 8.9,
        "confidence_score": 0.97
      },
      "geometry": {
        "type": "Polygon",
        "coordinates": [
          [
            [
              86.908475,
              21.478077
            ],
            [
              86.908447,
              21.477934
            ],
            [
              86.908669,
              21.477684
            ],
            [
              86.908907,
              21.477796
            ],
            [
              86.908976,
              21.478041
            ],
            [
              86.908988,
              21.478252
            ],
            [
              86.908475,
              21.478077
            ]
          ]
        ]
      }
    },
    {
      "type": "Feature",
      "properties": {
        "building_id": 171,
        "elevation_m": 15.9,
        "confidence_score": 0.89
      },
      "geometry": {
        "type": "Polygon",
        "coordinates": [
          [
            [
              86.914955,
              21.47677
            ],
            [
              86.914719,
              21.476777
            ],
            [
              86.914742,
              21.477561
            ],
            [
              86.914978,
              21.477554
            ],
            [
              86.91497,
              21.477293
            ],
            [
              86.915442,
              21.477279
            ],
            [
              86.915435,
              21.477017
            ],
            [
              86.914963,
              21.477031
            ],
            [
              86.914955,
              21.47677
            ]
          ]
        ]
      }
    },
    {
      "type": "Feature",
      "properties": {
        "building_id": 172,
        "elevation_m": 6.1,
        "confidence_score": 0.91
      },
      "geometry": {
        "type": "Polygon",
        "coordinates": [
          [
            [
              86.9155,
              21.479034
            ],
            [
              86.915406,
              21.478893
            ],
            [
              86.915421,
              21.478743
            ],
            [
              86.915817,
              21.478783
            ],
            [
              86.915858,
              21.478761
            ],
            [
              86.915839,
              21.478923
            ],
            [
              86.915669,
              21.478986
            ],
            [
              86.9155,
              21.479034
            ]
          ]
        ]
      }
    },
    {
      "type": "Feature",
      "properties": {
        "building_id": 173,
        "elevation_m": 15.1,
        "confidence_score": 0.87
      },
      "geometry": {
        "type": "Polygon",
        "coordinates": [
          [
            [
              86.915476,
              21.479049
            ],
            [
              86.914238,
              21.478995
            ],
            [
              86.914219,
              21.479451
            ],
            [
              86.914837,
              21.479478
            ],
            [
              86.914817,
              21.479935
            ],
            [
              86.915436,
              21.479962
            ],
            [
              86.915476,
              21.479049
            ]
          ]
        ]
      }
    },
    {
      "type": "Feature",
      "properties": {
        "building_id": 174,
        "elevation_m": 5.9,
        "confidence_score": 0.85
      },
      "geometry": {
        "type": "Polygon",
        "coordinates": [
          [
            [
              86.913785,
              21.481011
            ],
            [
              86.913779,
              21.48115
            ],
            [
              86.913305,
              21.481003
            ],
            [
              86.913232,
              21.480792
            ],
            [
              86.913924,
              21.480326
            ],
            [
              86.91407,
              21.480617
            ],
            [
              86.913785,
              21.481011
            ]
          ]
        ]
      }
    },
    {
      "type": "Feature",
      "properties": {
        "building_id": 175,
        "elevation_m": 16.4,
        "confidence_score": 0.87
      },
      "geometry": {
        "type": "Polygon",
        "coordinates": [
          [
            [
              86.910946,
              21.478435
            ],
            [
              86.910786,
              21.478626
            ],
            [
              86.911237,
              21.479005
            ],
            [
              86.911398,
              21.478814
            ],
            [
              86.911247,
              21.478688
            ],
            [
              86.911568,
              21.478305
            ],
            [
              86.911418,
              21.478179
            ],
            [
              86.911097,
              21.478561
            ],
            [
              86.910946,
              21.478435
            ]
          ]
        ]
      }
    },
    {
      "type": "Feature",
      "properties": {
        "building_id": 176,
        "elevation_m": 12.6,
        "confidence_score": 0.91
      },
      "geometry": {
        "type": "Polygon",
        "coordinates": [
          [
            [
              86.917056,
              21.481308
            ],
            [
              86.916796,
              21.481781
            ],
            [
              86.916454,
              21.481593
            ],
            [
              86.916714,
              21.48112
            ],
            [
              86.917056,
              21.481308
            ]
          ]
        ]
      }
    },
    {
      "type": "Feature",
      "properties": {
        "building_id": 177,
        "elevation_m": 8.0,
        "confidence_score": 0.93
      },
      "geometry": {
        "type": "Polygon",
        "coordinates": [
          [
            [
              86.915075,
              21.481636
            ],
            [
              86.914934,
              21.481498
            ],
            [
              86.914417,
              21.482027
            ],
            [
              86.914559,
              21.482165
            ],
            [
              86.914731,
              21.481989
            ],
            [
              86.915014,
              21.482265
            ],
            [
              86.915186,
              21.482088
            ],
            [
              86.914903,
              21.481812
            ],
            [
              86.915075,
              21.481636
            ]
          ]
        ]
      }
    },
    {
      "type": "Feature",
      "properties": {
        "building_id": 178,
        "elevation_m": 14.9,
        "confidence_score": 0.85
      },
      "geometry": {
        "type": "Polygon",
        "coordinates": [
          [
            [
              86.91477,
              21.480198
            ],
            [
              86.914444,
              21.480743
            ],
            [
              86.914642,
              21.480861
            ],
            [
              86.914805,
              21.480589
            ],
            [
              86.915003,
              21.480708
            ],
            [
              86.915166,
              21.480435
            ],
            [
              86.91477,
              21.480198
            ]
          ]
        ]
      }
    },
    {
      "type": "Feature",
      "properties": {
        "building_id": 179,
        "elevation_m": 7.3,
        "confidence_score": 0.86
      },
      "geometry": {
        "type": "Polygon",
        "coordinates": [
          [
            [
              86.910503,
              21.481737
            ],
            [
              86.910142,
              21.482189
            ],
            [
              86.910376,
              21.482376
            ],
            [
              86.910556,
              21.48215
            ],
            [
              86.910791,
              21.482336
            ],
            [
              86.910971,
              21.48211
            ],
            [
              86.910503,
              21.481737
            ]
          ]
        ]
      }
    },
    {
      "type": "Feature",
      "properties": {
        "building_id": 180,
        "elevation_m": 14.7,
        "confidence_score": 0.94
      },
      "geometry": {
        "type": "Polygon",
        "coordinates": [
          [
            [
              86.910354,
              21.482526
            ],
            [
              86.909744,
              21.482609
            ],
            [
              86.909787,
              21.482924
            ],
            [
              86.910092,
              21.482882
            ],
            [
              86.910135,
              21.483197
            ],
            [
              86.910439,
              21.483155
            ],
            [
              86.910354,
              21.482526
            ]
          ]
        ]
      }
    },
    {
      "type": "Feature",
      "properties": {
        "building_id": 181,
        "elevation_m": 13.7,
        "confidence_score": 0.9
      },
      "geometry": {
        "type": "Polygon",
        "coordinates": [
          [
            [
              86.909601,
              21.481121
            ],
            [
              86.90918,
              21.481812
            ],
            [
              86.90869,
              21.481513
            ],
            [
              86.909111,
              21.480822
            ],
            [
              86.909601,
              21.481121
            ]
          ]
        ]
      }
    },
    {
      "type": "Feature",
      "properties": {
        "building_id": 182,
        "elevation_m": 18.4,
        "confidence_score": 0.87
      },
      "geometry": {
        "type": "Polygon",
        "coordinates": [
          [
            [
              86.910616,
              21.479619
            ],
            [
              86.910375,
              21.479545
            ],
            [
              86.910137,
              21.480317
            ],
            [
              86.910378,
              21.480391
            ],
            [
              86.910457,
              21.480134
            ],
            [
              86.910939,
              21.480282
            ],
            [
              86.911018,
              21.480025
            ],
            [
              86.910536,
              21.479876
            ],
            [
              86.910616,
              21.479619
            ]
          ]
        ]
      }
    },
    {
      "type": "Feature",
      "properties": {
        "building_id": 183,
        "elevation_m": 11.4,
        "confidence_score": 0.87
      },
      "geometry": {
        "type": "Polygon",
        "coordinates": [
          [
            [
              86.925,
              21.489152
            ],
            [
              86.924006,
              21.489191
            ],
            [
              86.923953,
              21.487834
            ],
            [
              86.924947,
              21.487795
            ],
            [
              86.925,
              21.489152
            ]
          ]
        ]
      }
    },
    {
      "type": "Feature",
      "properties": {
        "building_id": 184,
        "elevation_m": 13.8,
        "confidence_score": 0.87
      },
      "geometry": {
        "type": "Polygon",
        "coordinates": [
          [
            [
              86.926205,
              21.490339
            ],
            [
              86.925651,
              21.490553
            ],
            [
              86.925729,
              21.490753
            ],
            [
              86.926006,
              21.490646
            ],
            [
              86.926083,
              21.490847
            ],
            [
              86.92636,
              21.49074
            ],
            [
              86.926205,
              21.490339
            ]
          ]
        ]
      }
    },
    {
      "type": "Feature",
      "properties": {
        "building_id": 185,
        "elevation_m": 11.9,
        "confidence_score": 0.97
      },
      "geometry": {
        "type": "Polygon",
        "coordinates": [
          [
            [
              86.92682,
              21.490169
            ],
            [
              86.926168,
              21.490476
            ],
            [
              86.925878,
              21.489863
            ],
            [
              86.92653,
              21.489556
            ],
            [
              86.92682,
              21.490169
            ]
          ]
        ]
      }
    },
    {
      "type": "Feature",
      "properties": {
        "building_id": 186,
        "elevation_m": 14.2,
        "confidence_score": 0.91
      },
      "geometry": {
        "type": "Polygon",
        "coordinates": [
          [
            [
              86.923506,
              21.486486
            ],
            [
              86.922757,
              21.487019
            ],
            [
              86.922962,
              21.487306
            ],
            [
              86.923336,
              21.48704
            ],
            [
              86.923541,
              21.487327
            ],
            [
              86.923915,
              21.48706
            ],
            [
              86.923506,
              21.486486
            ]
          ]
        ]
      }
    },
    {
      "type": "Feature",
      "properties": {
        "building_id": 187,
        "elevation_m": 11.2,
        "confidence_score": 0.98
      },
      "geometry": {
        "type": "Polygon",
        "coordinates": [
          [
            [
              86.926078,
              21.48625
            ],
            [
              86.92632,
              21.486932
            ],
            [
              86.9256,
              21.487187
            ],
            [
              86.925358,
              21.486505
            ],
            [
              86.926078,
              21.48625
            ]
          ]
        ]
      }
    },
    {
      "type": "Feature",
      "properties": {
        "building_id": 188,
        "elevation_m": 18.3,
        "confidence_score": 0.9
      },
      "geometry": {
        "type": "Polygon",
        "coordinates": [
          [
            [
              86.925692,
              21.488326
            ],
            [
              86.926212,
              21.488085
            ],
            [
              86.925708,
              21.487883
            ],
            [
              86.9257,
              21.487902
            ],
            [
              86.925754,
              21.487971
            ],
            [
              86.925692,
              21.488326
            ]
          ]
        ]
      }
    },
    {
      "type": "Feature",
      "properties": {
        "building_id": 189,
        "elevation_m": 15.6,
        "confidence_score": 0.91
      },
      "geometry": {
        "type": "Polygon",
        "coordinates": [
          [
            [
              86.925446,
              21.491054
            ],
            [
              86.92538,
              21.491
            ],
            [
              86.925664,
              21.490899
            ],
            [
              86.925695,
              21.490922
            ],
            [
              86.925688,
              21.490975
            ],
            [
              86.925446,
              21.491054
            ]
          ]
        ]
      }
    },
    {
      "type": "Feature",
      "properties": {
        "building_id": 190,
        "elevation_m": 10.7,
        "confidence_score": 0.88
      },
      "geometry": {
        "type": "Polygon",
        "coordinates": [
          [
            [
              86.924181,
              21.490979
            ],
            [
              86.924068,
              21.490633
            ],
            [
              86.924149,
              21.490648
            ],
            [
              86.924206,
              21.49056
            ],
            [
              86.924269,
              21.490549
            ],
            [
              86.924413,
              21.490805
            ],
            [
              86.924181,
              21.490979
            ]
          ]
        ]
      }
    },
    {
      "type": "Feature",
      "properties": {
        "building_id": 191,
        "elevation_m": 14.0,
        "confidence_score": 0.88
      },
      "geometry": {
        "type": "Polygon",
        "coordinates": [
          [
            [
              86.927752,
              21.49139
            ],
            [
              86.927671,
              21.491538
            ],
            [
              86.928163,
              21.49181
            ],
            [
              86.928245,
              21.491662
            ],
            [
              86.928081,
              21.491571
            ],
            [
              86.928244,
              21.491276
            ],
            [
              86.92808,
              21.491185
            ],
            [
              86.927916,
              21.491481
            ],
            [
              86.927752,
              21.49139
            ]
          ]
        ]
      }
    },
    {
      "type": "Feature",
      "properties": {
        "building_id": 192,
        "elevation_m": 7.7,
        "confidence_score": 0.95
      },
      "geometry": {
        "type": "Polygon",
        "coordinates": [
          [
            [
              86.927315,
              21.491822
            ],
            [
              86.927829,
              21.492057
            ],
            [
              86.927639,
              21.492474
            ],
            [
              86.927125,
              21.492239
            ],
            [
              86.927315,
              21.491822
            ]
          ]
        ]
      }
    },
    {
      "type": "Feature",
      "properties": {
        "building_id": 193,
        "elevation_m": 9.9,
        "confidence_score": 0.9
      },
      "geometry": {
        "type": "Polygon",
        "coordinates": [
          [
            [
              86.927642,
              21.493316
            ],
            [
              86.927364,
              21.492453
            ],
            [
              86.927034,
              21.49256
            ],
            [
              86.927173,
              21.492991
            ],
            [
              86.926843,
              21.493098
            ],
            [
              86.926982,
              21.493529
            ],
            [
              86.927642,
              21.493316
            ]
          ]
        ]
      }
    },
    {
      "type": "Feature",
      "properties": {
        "building_id": 194,
        "elevation_m": 11.6,
        "confidence_score": 0.91
      },
      "geometry": {
        "type": "Polygon",
        "coordinates": [
          [
            [
              86.925683,
              21.481272
            ],
            [
              86.925349,
              21.480881
            ],
            [
              86.925173,
              21.481032
            ],
            [
              86.92534,
              21.481228
            ],
            [
              86.925163,
              21.481378
            ],
            [
              86.92533,
              21.481574
            ],
            [
              86.925683,
              21.481272
            ]
          ]
        ]
      }
    },
    {
      "type": "Feature",
      "properties": {
        "building_id": 195,
        "elevation_m": 8.0,
        "confidence_score": 0.9
      },
      "geometry": {
        "type": "Polygon",
        "coordinates": [
          [
            [
              86.926099,
              21.481301
            ],
            [
              86.925967,
              21.481468
            ],
            [
              86.92661,
              21.48198
            ],
            [
              86.926742,
              21.481814
            ],
            [
              86.926528,
              21.481643
            ],
            [
              86.926792,
              21.481311
            ],
            [
              86.926578,
              21.48114
            ],
            [
              86.926313,
              21.481472
            ],
            [
              86.926099,
              21.481301
            ]
          ]
        ]
      }
    },
    {
      "type": "Feature",
      "properties": {
        "building_id": 196,
        "elevation_m": 14.4,
        "confidence_score": 0.96
      },
      "geometry": {
        "type": "Polygon",
        "coordinates": [
          [
            [
              86.926462,
              21.483269
            ],
            [
              86.926196,
              21.483391
            ],
            [
              86.926466,
              21.48398
            ],
            [
              86.926732,
              21.483858
            ],
            [
              86.926642,
              21.483662
            ],
            [
              86.927174,
              21.483417
            ],
            [
              86.927084,
              21.483221
            ],
            [
              86.926552,
              21.483465
            ],
            [
              86.926462,
              21.483269
            ]
          ]
        ]
      }
    },
    {
      "type": "Feature",
      "properties": {
        "building_id": 197,
        "elevation_m": 15.4,
        "confidence_score": 0.89
      },
      "geometry": {
        "type": "Polygon",
        "coordinates": [
          [
            [
              86.924913,
              21.482561
            ],
            [
              86.924889,
              21.482385
            ],
            [
              86.92501,
              21.482263
            ],
            [
              86.925067,
              21.482341
            ],
            [
              86.925105,
              21.482433
            ],
            [
              86.925029,
              21.482537
            ],
            [
              86.924913,
              21.482561
            ]
          ]
        ]
      }
    },
    {
      "type": "Feature",
      "properties": {
        "building_id": 198,
        "elevation_m": 12.7,
        "confidence_score": 0.96
      },
      "geometry": {
        "type": "Polygon",
        "coordinates": [
          [
            [
              86.925065,
              21.483858
            ],
            [
              86.924193,
              21.484296
            ],
            [
              86.9244,
              21.484709
            ],
            [
              86.924836,
              21.48449
            ],
            [
              86.925044,
              21.484904
            ],
            [
              86.92548,
              21.484685
            ],
            [
              86.925065,
              21.483858
            ]
          ]
        ]
      }
    },
    {
      "type": "Feature",
      "properties": {
        "building_id": 199,
        "elevation_m": 5.6,
        "confidence_score": 0.88
      },
      "geometry": {
        "type": "Polygon",
        "coordinates": [
          [
            [
              86.922673,
              21.483441
            ],
            [
              86.922457,
              21.483388
            ],
            [
              86.922284,
              21.484099
            ],
            [
              86.922501,
              21.484152
            ],
            [
              86.922558,
              21.483915
            ],
            [
              86.922991,
              21.48402
            ],
            [
              86.923049,
              21.483783
            ],
            [
              86.922616,
              21.483678
            ],
            [
              86.922673,
              21.483441
            ]
          ]
        ]
      }
    },
    {
      "type": "Feature",
      "properties": {
        "building_id": 200,
        "elevation_m": 6.9,
        "confidence_score": 0.9
      },
      "geometry": {
        "type": "Polygon",
        "coordinates": [
          [
            [
              86.92214,
              21.482199
            ],
            [
              86.92197,
              21.481967
            ],
            [
              86.921425,
              21.482364
            ],
            [
              86.921594,
              21.482597
            ],
            [
              86.921776,
              21.482464
            ],
            [
              86.922115,
              21.482929
            ],
            [
              86.922297,
              21.482797
            ],
            [
              86.921958,
              21.482332
            ],
            [
              86.92214,
              21.482199
            ]
          ]
        ]
      }
    },
    {
      "type": "Feature",
      "properties": {
        "building_id": 201,
        "elevation_m": 6.4,
        "confidence_score": 0.9
      },
      "geometry": {
        "type": "Polygon",
        "coordinates": [
          [
            [
              86.923129,
              21.485117
            ],
            [
              86.922988,
              21.485014
            ],
            [
              86.922619,
              21.485517
            ],
            [
              86.92276,
              21.48562
            ],
            [
              86.922883,
              21.485452
            ],
            [
              86.923165,
              21.485659
            ],
            [
              86.923288,
              21.485491
            ],
            [
              86.923006,
              21.485285
            ],
            [
              86.923129,
              21.485117
            ]
          ]
        ]
      }
    },
    {
      "type": "Feature",
      "properties": {
        "building_id": 202,
        "elevation_m": 7.3,
        "confidence_score": 0.88
      },
      "geometry": {
        "type": "Polygon",
        "coordinates": [
          [
            [
              86.924311,
              21.482881
            ],
            [
              86.924318,
              21.483251
            ],
            [
              86.923844,
              21.48326
            ],
            [
              86.923838,
              21.482889
            ],
            [
              86.924311,
              21.482881
            ]
          ]
        ]
      }
    },
    {
      "type": "Feature",
      "properties": {
        "building_id": 203,
        "elevation_m": 5.1,
        "confidence_score": 0.92
      },
      "geometry": {
        "type": "Polygon",
        "coordinates": [
          [
            [
              86.930091,
              21.478258
            ],
            [
              86.930028,
              21.478093
            ],
            [
              86.929984,
              21.478071
            ],
            [
              86.930167,
              21.477995
            ],
            [
              86.930143,
              21.478255
            ],
            [
              86.930091,
              21.478258
            ]
          ]
        ]
      }
    },
    {
      "type": "Feature",
      "properties": {
        "building_id": 204,
        "elevation_m": 13.7,
        "confidence_score": 0.87
      },
      "geometry": {
        "type": "Polygon",
        "coordinates": [
          [
            [
              86.929811,
              21.477994
            ],
            [
              86.929758,
              21.477247
            ],
            [
              86.929372,
              21.477274
            ],
            [
              86.929398,
              21.477648
            ],
            [
              86.929011,
              21.477675
            ],
            [
              86.929038,
              21.478049
            ],
            [
              86.929811,
              21.477994
            ]
          ]
        ]
      }
    },
    {
      "type": "Feature",
      "properties": {
        "building_id": 205,
        "elevation_m": 15.6,
        "confidence_score": 0.86
      },
      "geometry": {
        "type": "Polygon",
        "coordinates": [
          [
            [
              86.929713,
              21.475372
            ],
            [
              86.929628,
              21.475309
            ],
            [
              86.930017,
              21.47534
            ],
            [
              86.929931,
              21.475447
            ],
            [
              86.92992,
              21.475507
            ],
            [
              86.929889,
              21.475435
            ],
            [
              86.929713,
              21.475372
            ]
          ]
        ]
      }
    },
    {
      "type": "Feature",
      "properties": {
        "building_id": 206,
        "elevation_m": 11.1,
        "confidence_score": 0.96
      },
      "geometry": {
        "type": "Polygon",
        "coordinates": [
          [
            [
              86.935934,
              21.485455
            ],
            [
              86.935963,
              21.486086
            ],
            [
              86.935208,
              21.486122
            ],
            [
              86.935178,
              21.48549
            ],
            [
              86.935934,
              21.485455
            ]
          ]
        ]
      }
    },
    {
      "type": "Feature",
      "properties": {
        "building_id": 207,
        "elevation_m": 16.0,
        "confidence_score": 0.94
      },
      "geometry": {
        "type": "Polygon",
        "coordinates": [
          [
            [
              86.930149,
              21.479254
            ],
            [
              86.929842,
              21.47917
            ],
            [
              86.929779,
              21.479005
            ],
            [
              86.929828,
              21.478933
            ],
            [
              86.930052,
              21.478949
            ],
            [
              86.930149,
              21.479254
            ]
          ]
        ]
      }
    },
    {
      "type": "Feature",
      "properties": {
        "building_id": 208,
        "elevation_m": 12.3,
        "confidence_score": 0.88
      },
      "geometry": {
        "type": "Polygon",
        "coordinates": [
          [
            [
              86.930348,
              21.48094
            ],
            [
              86.929944,
              21.480994
            ],
            [
              86.929878,
              21.480503
            ],
            [
              86.930282,
              21.480449
            ],
            [
              86.930348,
              21.48094
            ]
          ]
        ]
      }
    },
    {
      "type": "Feature",
      "properties": {
        "building_id": 209,
        "elevation_m": 4.3,
        "confidence_score": 0.88
      },
      "geometry": {
        "type": "Polygon",
        "coordinates": [
          [
            [
              86.930777,
              21.481861
            ],
            [
              86.931028,
              21.482623
            ],
            [
              86.930083,
              21.482934
            ],
            [
              86.929832,
              21.482172
            ],
            [
              86.930777,
              21.481861
            ]
          ]
        ]
      }
    },
    {
      "type": "Feature",
      "properties": {
        "building_id": 210,
        "elevation_m": 14.0,
        "confidence_score": 0.87
      },
      "geometry": {
        "type": "Polygon",
        "coordinates": [
          [
            [
              86.923901,
              21.480692
            ],
            [
              86.923877,
              21.480643
            ],
            [
              86.92394,
              21.480623
            ],
            [
              86.924489,
              21.480839
            ],
            [
              86.924554,
              21.480876
            ],
            [
              86.923901,
              21.480692
            ]
          ]
        ]
      }
    },
    {
      "type": "Feature",
      "properties": {
        "building_id": 211,
        "elevation_m": 7.6,
        "confidence_score": 0.91
      },
      "geometry": {
        "type": "Polygon",
        "coordinates": [
          [
            [
              86.924875,
              21.478981
            ],
            [
              86.925458,
              21.479786
            ],
            [
              86.924509,
              21.480474
            ],
            [
              86.923926,
              21.479669
            ],
            [
              86.924875,
              21.478981
            ]
          ]
        ]
      }
    },
    {
      "type": "Feature",
      "properties": {
        "building_id": 212,
        "elevation_m": 6.7,
        "confidence_score": 0.95
      },
      "geometry": {
        "type": "Polygon",
        "coordinates": [
          [
            [
              86.927543,
              21.482432
            ],
            [
              86.927507,
              21.482434
            ],
            [
              86.927506,
              21.482445
            ],
            [
              86.927382,
              21.482266
            ],
            [
              86.927546,
              21.482066
            ],
            [
              86.927543,
              21.482432
            ]
          ]
        ]
      }
    },
    {
      "type": "Feature",
      "properties": {
        "building_id": 213,
        "elevation_m": 14.5,
        "confidence_score": 0.89
      },
      "geometry": {
        "type": "Polygon",
        "coordinates": [
          [
            [
              86.927341,
              21.480418
            ],
            [
              86.926972,
              21.480799
            ],
            [
              86.92653,
              21.480372
            ],
            [
              86.926898,
              21.479991
            ],
            [
              86.927341,
              21.480418
            ]
          ]
        ]
      }
    },
    {
      "type": "Feature",
      "properties": {
        "building_id": 214,
        "elevation_m": 4.4,
        "confidence_score": 0.91
      },
      "geometry": {
        "type": "Polygon",
        "coordinates": [
          [
            [
              86.928419,
              21.481211
            ],
            [
              86.928077,
              21.48172
            ],
            [
              86.928292,
              21.481864
            ],
            [
              86.928462,
              21.481609
            ],
            [
              86.928677,
              21.481753
            ],
            [
              86.928848,
              21.481499
            ],
            [
              86.928419,
              21.481211
            ]
          ]
        ]
      }
    },
    {
      "type": "Feature",
      "properties": {
        "building_id": 215,
        "elevation_m": 10.5,
        "confidence_score": 0.91
      },
      "geometry": {
        "type": "Polygon",
        "coordinates": [
          [
            [
              86.914338,
              21.485393
            ],
            [
              86.913949,
              21.48581
            ],
            [
              86.913393,
              21.485292
            ],
            [
              86.913782,
              21.484875
            ],
            [
              86.914338,
              21.485393
            ]
          ]
        ]
      }
    },
    {
      "type": "Feature",
      "properties": {
        "building_id": 216,
        "elevation_m": 12.0,
        "confidence_score": 0.89
      },
      "geometry": {
        "type": "Polygon",
        "coordinates": [
          [
            [
              86.913668,
              21.484018
            ],
            [
              86.913567,
              21.484341
            ],
            [
              86.913175,
              21.484219
            ],
            [
              86.913275,
              21.483897
            ],
            [
              86.913668,
              21.484018
            ]
          ]
        ]
      }
    },
    {
      "type": "Feature",
      "properties": {
        "building_id": 217,
        "elevation_m": 16.9,
        "confidence_score": 0.87
      },
      "geometry": {
        "type": "Polygon",
        "coordinates": [
          [
            [
              86.912804,
              21.48509
            ],
            [
              86.912556,
              21.485582
            ],
            [
              86.91212,
              21.485363
            ],
            [
              86.912367,
              21.484871
            ],
            [
              86.912804,
              21.48509
            ]
          ]
        ]
      }
    },
    {
      "type": "Feature",
      "properties": {
        "building_id": 218,
        "elevation_m": 10.0,
        "confidence_score": 0.98
      },
      "geometry": {
        "type": "Polygon",
        "coordinates": [
          [
            [
              86.913976,
              21.487368
            ],
            [
              86.913538,
              21.487308
            ],
            [
              86.913432,
              21.487236
            ],
            [
              86.913501,
              21.486617
            ],
            [
              86.913717,
              21.486562
            ],
            [
              86.913761,
              21.48667
            ],
            [
              86.914025,
              21.486693
            ],
            [
              86.913976,
              21.487368
            ]
          ]
        ]
      }
    },
    {
      "type": "Feature",
      "properties": {
        "building_id": 219,
        "elevation_m": 8.9,
        "confidence_score": 0.86
      },
      "geometry": {
        "type": "Polygon",
        "coordinates": [
          [
            [
              86.924425,
              21.485707
            ],
            [
              86.924286,
              21.485507
            ],
            [
              86.923717,
              21.485902
            ],
            [
              86.923856,
              21.486102
            ],
            [
              86.924046,
              21.48597
            ],
            [
              86.924323,
              21.48637
            ],
            [
              86.924512,
              21.486238
            ],
            [
              86.924235,
              21.485839
            ],
            [
              86.924425,
              21.485707
            ]
          ]
        ]
      }
    },
    {
      "type": "Feature",
      "properties": {
        "building_id": 220,
        "elevation_m": 5.4,
        "confidence_score": 0.93
      },
      "geometry": {
        "type": "Polygon",
        "coordinates": [
          [
            [
              86.921951,
              21.485748
            ],
            [
              86.922192,
              21.485535
            ],
            [
              86.922245,
              21.485565
            ],
            [
              86.922303,
              21.485826
            ],
            [
              86.92234,
              21.485864
            ],
            [
              86.922076,
              21.485935
            ],
            [
              86.921951,
              21.485748
            ]
          ]
        ]
      }
    },
    {
      "type": "Feature",
      "properties": {
        "building_id": 221,
        "elevation_m": 8.6,
        "confidence_score": 0.98
      },
      "geometry": {
        "type": "Polygon",
        "coordinates": [
          [
            [
              86.926782,
              21.485016
            ],
            [
              86.926635,
              21.485026
            ],
            [
              86.926421,
              21.484956
            ],
            [
              86.926457,
              21.484815
            ],
            [
              86.926612,
              21.484628
            ],
            [
              86.926757,
              21.484485
            ],
            [
              86.926782,
              21.485016
            ]
          ]
        ]
      }
    },
    {
      "type": "Feature",
      "properties": {
        "building_id": 222,
        "elevation_m": 14.4,
        "confidence_score": 0.96
      },
      "geometry": {
        "type": "Polygon",
        "coordinates": [
          [
            [
              86.912058,
              21.483763
            ],
            [
              86.911968,
              21.483688
            ],
            [
              86.91247,
              21.483431
            ],
            [
              86.912601,
              21.483611
            ],
            [
              86.912709,
              21.483823
            ],
            [
              86.912714,
              21.483913
            ],
            [
              86.912598,
              21.483871
            ],
            [
              86.912058,
              21.483763
            ]
          ]
        ]
      }
    },
    {
      "type": "Feature",
      "properties": {
        "building_id": 223,
        "elevation_m": 15.2,
        "confidence_score": 0.94
      },
      "geometry": {
        "type": "Polygon",
        "coordinates": [
          [
            [
              86.911267,
              21.483806
            ],
            [
              86.910711,
              21.484393
            ],
            [
              86.910975,
              21.484643
            ],
            [
              86.911253,
              21.484349
            ],
            [
              86.911516,
              21.484598
            ],
            [
              86.911794,
              21.484305
            ],
            [
              86.911267,
              21.483806
            ]
          ]
        ]
      }
    },
    {
      "type": "Feature",
      "properties": {
        "building_id": 224,
        "elevation_m": 7.4,
        "confidence_score": 0.95
      },
      "geometry": {
        "type": "Polygon",
        "coordinates": [
          [
            [
              86.917717,
              21.469837
            ],
            [
              86.917318,
              21.470058
            ],
            [
              86.917475,
              21.470341
            ],
            [
              86.917674,
              21.470231
            ],
            [
              86.917831,
              21.470514
            ],
            [
              86.91803,
              21.470403
            ],
            [
              86.917717,
              21.469837
            ]
          ]
        ]
      }
    },
    {
      "type": "Feature",
      "properties": {
        "building_id": 225,
        "elevation_m": 12.4,
        "confidence_score": 0.96
      },
      "geometry": {
        "type": "Polygon",
        "coordinates": [
          [
            [
              86.916335,
              21.479413
            ],
            [
              86.91624,
              21.47947
            ],
            [
              86.916435,
              21.479796
            ],
            [
              86.91653,
              21.479739
            ],
            [
              86.916465,
              21.47963
            ],
            [
              86.916655,
              21.479516
            ],
            [
              86.916589,
              21.479408
            ],
            [
              86.9164,
              21.479522
            ],
            [
              86.916335,
              21.479413
            ]
          ]
        ]
      }
    },
    {
      "type": "Feature",
      "properties": {
        "building_id": 226,
        "elevation_m": 12.5,
        "confidence_score": 0.92
      },
      "geometry": {
        "type": "Polygon",
        "coordinates": [
          [
            [
              86.916889,
              21.4784
            ],
            [
              86.91684,
              21.478997
            ],
            [
              86.916268,
              21.478949
            ],
            [
              86.916317,
              21.478353
            ],
            [
              86.916889,
              21.4784
            ]
          ]
        ]
      }
    },
    {
      "type": "Feature",
      "properties": {
        "building_id": 227,
        "elevation_m": 5.9,
        "confidence_score": 0.94
      },
      "geometry": {
        "type": "Polygon",
        "coordinates": [
          [
            [
              86.92035,
              21.481936
            ],
            [
              86.919882,
              21.482535
            ],
            [
              86.919409,
              21.482166
            ],
            [
              86.919877,
              21.481567
            ],
            [
              86.92035,
              21.481936
            ]
          ]
        ]
      }
    },
    {
      "type": "Feature",
      "properties": {
        "building_id": 228,
        "elevation_m": 4.6,
        "confidence_score": 0.87
      },
      "geometry": {
        "type": "Polygon",
        "coordinates": [
          [
            [
              86.920758,
              21.48148
            ],
            [
              86.920229,
              21.481359
            ],
            [
              86.920152,
              21.481695
            ],
            [
              86.920416,
              21.481756
            ],
            [
              86.920339,
              21.482092
            ],
            [
              86.920603,
              21.482153
            ],
            [
              86.920758,
              21.48148
            ]
          ]
        ]
      }
    },
    {
      "type": "Feature",
      "properties": {
        "building_id": 229,
        "elevation_m": 15.9,
        "confidence_score": 0.91
      },
      "geometry": {
        "type": "Polygon",
        "coordinates": [
          [
            [
              86.920702,
              21.480264
            ],
            [
              86.921145,
              21.48062
            ],
            [
              86.920674,
              21.481205
            ],
            [
              86.920231,
              21.480849
            ],
            [
              86.920702,
              21.480264
            ]
          ]
        ]
      }
    },
    {
      "type": "Feature",
      "properties": {
        "building_id": 230,
        "elevation_m": 8.5,
        "confidence_score": 0.93
      },
      "geometry": {
        "type": "Polygon",
        "coordinates": [
          [
            [
              86.918657,
              21.480372
            ],
            [
              86.918885,
              21.480536
            ],
            [
              86.918865,
              21.480465
            ],
            [
              86.918907,
              21.480421
            ],
            [
              86.918657,
              21.480372
            ]
          ]
        ]
      }
    },
    {
      "type": "Feature",
      "properties": {
        "building_id": 231,
        "elevation_m": 15.4,
        "confidence_score": 0.88
      },
      "geometry": {
        "type": "Polygon",
        "coordinates": [
          [
            [
              86.935152,
              21.487476
            ],
            [
              86.935129,
              21.487857
            ],
            [
              86.935359,
              21.487871
            ],
            [
              86.935371,
              21.48768
            ],
            [
              86.935601,
              21.487694
            ],
            [
              86.935612,
              21.487504
            ],
            [
              86.935152,
              21.487476
            ]
          ]
        ]
      }
    },
    {
      "type": "Feature",
      "properties": {
        "building_id": 232,
        "elevation_m": 9.5,
        "confidence_score": 0.86
      },
      "geometry": {
        "type": "Polygon",
        "coordinates": [
          [
            [
              86.936389,
              21.486457
            ],
            [
              86.93593,
              21.486417
            ],
            [
              86.935901,
              21.486738
            ],
            [
              86.936131,
              21.486758
            ],
            [
              86.936103,
              21.487078
            ],
            [
              86.936333,
              21.487098
            ],
            [
              86.936389,
              21.486457
            ]
          ]
        ]
      }
    },
    {
      "type": "Feature",
      "properties": {
        "building_id": 233,
        "elevation_m": 8.3,
        "confidence_score": 0.86
      },
      "geometry": {
        "type": "Polygon",
        "coordinates": [
          [
            [
              86.937165,
              21.487694
            ],
            [
              86.937045,
              21.487599
            ],
            [
              86.9367,
              21.488034
            ],
            [
              86.93682,
              21.488129
            ],
            [
              86.936935,
              21.487984
            ],
            [
              86.937175,
              21.488174
            ],
            [
              86.93729,
              21.488029
            ],
            [
              86.93705,
              21.487839
            ],
            [
              86.937165,
              21.487694
            ]
          ]
        ]
      }
    },
    {
      "type": "Feature",
      "properties": {
        "building_id": 234,
        "elevation_m": 4.9,
        "confidence_score": 0.91
      },
      "geometry": {
        "type": "Polygon",
        "coordinates": [
          [
            [
              86.937374,
              21.487297
            ],
            [
              86.937306,
              21.487478
            ],
            [
              86.937866,
              21.48769
            ],
            [
              86.937935,
              21.487509
            ],
            [
              86.937748,
              21.487438
            ],
            [
              86.937885,
              21.487076
            ],
            [
              86.937698,
              21.487005
            ],
            [
              86.937561,
              21.487367
            ],
            [
              86.937374,
              21.487297
            ]
          ]
        ]
      }
    },
    {
      "type": "Feature",
      "properties": {
        "building_id": 235,
        "elevation_m": 9.9,
        "confidence_score": 0.86
      },
      "geometry": {
        "type": "Polygon",
        "coordinates": [
          [
            [
              86.934228,
              21.484979
            ],
            [
              86.933277,
              21.485649
            ],
            [
              86.933545,
              21.486029
            ],
            [
              86.934021,
              21.485695
            ],
            [
              86.934289,
              21.486075
            ],
            [
              86.934764,
              21.48574
            ],
            [
              86.934228,
              21.484979
            ]
          ]
        ]
      }
    },
    {
      "type": "Feature",
      "properties": {
        "building_id": 236,
        "elevation_m": 17.9,
        "confidence_score": 0.93
      },
      "geometry": {
        "type": "Polygon",
        "coordinates": [
          [
            [
              86.934571,
              21.48797
            ],
            [
              86.933983,
              21.488363
            ],
            [
              86.933696,
              21.487934
            ],
            [
              86.934285,
              21.487541
            ],
            [
              86.934571,
              21.48797
            ]
          ]
        ]
      }
    },
    {
      "type": "Feature",
      "properties": {
        "building_id": 237,
        "elevation_m": 12.2,
        "confidence_score": 0.89
      },
      "geometry": {
        "type": "Polygon",
        "coordinates": [
          [
            [
              86.932811,
              21.485811
            ],
            [
              86.932631,
              21.485643
            ],
            [
              86.93194,
              21.486382
            ],
            [
              86.93212,
              21.486551
            ],
            [
              86.93235,
              21.486304
            ],
            [
              86.932711,
              21.486641
            ],
            [
              86.932941,
              21.486395
            ],
            [
              86.932581,
              21.486058
            ],
            [
              86.932811,
              21.485811
            ]
          ]
        ]
      }
    },
    {
      "type": "Feature",
      "properties": {
        "building_id": 238,
        "elevation_m": 16.1,
        "confidence_score": 0.94
      },
      "geometry": {
        "type": "Polygon",
        "coordinates": [
          [
            [
              86.932496,
              21.485301
            ],
            [
              86.932002,
              21.485619
            ],
            [
              86.931711,
              21.485571
            ],
            [
              86.931646,
              21.485328
            ],
            [
              86.931567,
              21.485288
            ],
            [
              86.931718,
              21.484888
            ],
            [
              86.932491,
              21.485223
            ],
            [
              86.932496,
              21.485301
            ]
          ]
        ]
      }
    },
    {
      "type": "Feature",
      "properties": {
        "building_id": 239,
        "elevation_m": 14.8,
        "confidence_score": 0.95
      },
      "geometry": {
        "type": "Polygon",
        "coordinates": [
          [
            [
              86.906526,
              21.480815
            ],
            [
              86.906513,
              21.481244
            ],
            [
              86.90677,
              21.481251
            ],
            [
              86.906776,
              21.481037
            ],
            [
              86.907033,
              21.481044
            ],
            [
              86.907039,
              21.48083
            ],
            [
              86.906526,
              21.480815
            ]
          ]
        ]
      }
    },
    {
      "type": "Feature",
      "properties": {
        "building_id": 240,
        "elevation_m": 12.8,
        "confidence_score": 0.85
      },
      "geometry": {
        "type": "Polygon",
        "coordinates": [
          [
            [
              86.908214,
              21.482423
            ],
            [
              86.907919,
              21.482819
            ],
            [
              86.907506,
              21.48251
            ],
            [
              86.907801,
              21.482115
            ],
            [
              86.908214,
              21.482423
            ]
          ]
        ]
      }
    },
    {
      "type": "Feature",
      "properties": {
        "building_id": 241,
        "elevation_m": 12.3,
        "confidence_score": 0.88
      },
      "geometry": {
        "type": "Polygon",
        "coordinates": [
          [
            [
              86.907582,
              21.481366
            ],
            [
              86.907471,
              21.481471
            ],
            [
              86.907894,
              21.481921
            ],
            [
              86.908006,
              21.481816
            ],
            [
              86.907865,
              21.481666
            ],
            [
              86.908088,
              21.481455
            ],
            [
              86.907947,
              21.481305
            ],
            [
              86.907724,
              21.481516
            ],
            [
              86.907582,
              21.481366
            ]
          ]
        ]
      }
    },
    {
      "type": "Feature",
      "properties": {
        "building_id": 242,
        "elevation_m": 16.4,
        "confidence_score": 0.89
      },
      "geometry": {
        "type": "Polygon",
        "coordinates": [
          [
            [
              86.908189,
              21.480213
            ],
            [
              86.907946,
              21.480691
            ],
            [
              86.907386,
              21.480406
            ],
            [
              86.90763,
              21.479928
            ],
            [
              86.908189,
              21.480213
            ]
          ]
        ]
      }
    },
    {
      "type": "Feature",
      "properties": {
        "building_id": 243,
        "elevation_m": 16.8,
        "confidence_score": 0.95
      },
      "geometry": {
        "type": "Polygon",
        "coordinates": [
          [
            [
              86.907224,
              21.492213
            ],
            [
              86.907569,
              21.492817
            ],
            [
              86.906981,
              21.493153
            ],
            [
              86.906635,
              21.492549
            ],
            [
              86.907224,
              21.492213
            ]
          ]
        ]
      }
    },
    {
      "type": "Feature",
      "properties": {
        "building_id": 244,
        "elevation_m": 12.6,
        "confidence_score": 0.93
      },
      "geometry": {
        "type": "Polygon",
        "coordinates": [
          [
            [
              86.909243,
              21.493525
            ],
            [
              86.908901,
              21.49303
            ],
            [
              86.908662,
              21.493194
            ],
            [
              86.908833,
              21.493442
            ],
            [
              86.908594,
              21.493607
            ],
            [
              86.908764,
              21.493855
            ],
            [
              86.909243,
              21.493525
            ]
          ]
        ]
      }
    },
    {
      "type": "Feature",
      "properties": {
        "building_id": 245,
        "elevation_m": 13.1,
        "confidence_score": 0.93
      },
      "geometry": {
        "type": "Polygon",
        "coordinates": [
          [
            [
              86.908002,
              21.495354
            ],
            [
              86.907865,
              21.495205
            ],
            [
              86.907471,
              21.495566
            ],
            [
              86.907607,
              21.495715
            ],
            [
              86.907739,
              21.495595
            ],
            [
              86.908011,
              21.495893
            ],
            [
              86.908143,
              21.495773
            ],
            [
              86.90787,
              21.495475
            ],
            [
              86.908002,
              21.495354
            ]
          ]
        ]
      }
    },
    {
      "type": "Feature",
      "properties": {
        "building_id": 246,
        "elevation_m": 13.8,
        "confidence_score": 0.92
      },
      "geometry": {
        "type": "Polygon",
        "coordinates": [
          [
            [
              86.909146,
              21.492354
            ],
            [
              86.909516,
              21.492432
            ],
            [
              86.909428,
              21.492854
            ],
            [
              86.909058,
              21.492776
            ],
            [
              86.909146,
              21.492354
            ]
          ]
        ]
      }
    },
    {
      "type": "Feature",
      "properties": {
        "building_id": 247,
        "elevation_m": 5.5,
        "confidence_score": 0.93
      },
      "geometry": {
        "type": "Polygon",
        "coordinates": [
          [
            [
              86.910821,
              21.492539
            ],
            [
              86.910127,
              21.492263
            ],
            [
              86.909989,
              21.492611
            ],
            [
              86.910336,
              21.492748
            ],
            [
              86.910199,
              21.493095
            ],
            [
              86.910546,
              21.493233
            ],
            [
              86.910821,
              21.492539
            ]
          ]
        ]
      }
    },
    {
      "type": "Feature",
      "properties": {
        "building_id": 248,
        "elevation_m": 13.2,
        "confidence_score": 0.88
      },
      "geometry": {
        "type": "Polygon",
        "coordinates": [
          [
            [
              86.912367,
              21.491471
            ],
            [
              86.911923,
              21.491367
            ],
            [
              86.911861,
              21.491632
            ],
            [
              86.912083,
              21.491684
            ],
            [
              86.912021,
              21.49195
            ],
            [
              86.912243,
              21.492002
            ],
            [
              86.912367,
              21.491471
            ]
          ]
        ]
      }
    },
    {
      "type": "Feature",
      "properties": {
        "building_id": 249,
        "elevation_m": 9.0,
        "confidence_score": 0.94
      },
      "geometry": {
        "type": "Polygon",
        "coordinates": [
          [
            [
              86.910843,
              21.490676
            ],
            [
              86.910942,
              21.49044
            ],
            [
              86.910937,
              21.490479
            ],
            [
              86.910999,
              21.490397
            ],
            [
              86.911119,
              21.490867
            ],
            [
              86.911042,
              21.490945
            ],
            [
              86.910843,
              21.490676
            ]
          ]
        ]
      }
    },
    {
      "type": "Feature",
      "properties": {
        "building_id": 250,
        "elevation_m": 12.0,
        "confidence_score": 0.87
      },
      "geometry": {
        "type": "Polygon",
        "coordinates": [
          [
            [
              86.905366,
              21.499905
            ],
            [
              86.905364,
              21.499804
            ],
            [
              86.905562,
              21.499815
            ],
            [
              86.905703,
              21.499866
            ],
            [
              86.905621,
              21.500147
            ],
            [
              86.905366,
              21.499905
            ]
          ]
        ]
      }
    },
    {
      "type": "Feature",
      "properties": {
        "building_id": 251,
        "elevation_m": 10.3,
        "confidence_score": 0.94
      },
      "geometry": {
        "type": "Polygon",
        "coordinates": [
          [
            [
              86.905654,
              21.499022
            ],
            [
              86.905555,
              21.498863
            ],
            [
              86.905647,
              21.498853
            ],
            [
              86.905639,
              21.498783
            ],
            [
              86.905675,
              21.498775
            ],
            [
              86.905986,
              21.499061
            ],
            [
              86.905654,
              21.499022
            ]
          ]
        ]
      }
    },
    {
      "type": "Feature",
      "properties": {
        "building_id": 252,
        "elevation_m": 6.4,
        "confidence_score": 0.9
      },
      "geometry": {
        "type": "Polygon",
        "coordinates": [
          [
            [
              86.906774,
              21.505391
            ],
            [
              86.906878,
              21.505227
            ],
            [
              86.907246,
              21.505192
            ],
            [
              86.907305,
              21.505476
            ],
            [
              86.907196,
              21.505614
            ],
            [
              86.906774,
              21.505391
            ]
          ]
        ]
      }
    },
    {
      "type": "Feature",
      "properties": {
        "building_id": 253,
        "elevation_m": 17.4,
        "confidence_score": 0.93
      },
      "geometry": {
        "type": "Polygon",
        "coordinates": [
          [
            [
              86.90826,
              21.503559
            ],
            [
              86.908483,
              21.504255
            ],
            [
              86.907866,
              21.504453
            ],
            [
              86.907642,
              21.503758
            ],
            [
              86.90826,
              21.503559
            ]
          ]
        ]
      }
    },
    {
      "type": "Feature",
      "properties": {
        "building_id": 254,
        "elevation_m": 5.9,
        "confidence_score": 0.86
      },
      "geometry": {
        "type": "Polygon",
        "coordinates": [
          [
            [
              86.90857,
              21.505321
            ],
            [
              86.908502,
              21.505747
            ],
            [
              86.908092,
              21.505681
            ],
            [
              86.90816,
              21.505255
            ],
            [
              86.90857,
              21.505321
            ]
          ]
        ]
      }
    },
    {
      "type": "Feature",
      "properties": {
        "building_id": 255,
        "elevation_m": 4.4,
        "confidence_score": 0.91
      },
      "geometry": {
        "type": "Polygon",
        "coordinates": [
          [
            [
              86.905951,
              21.504218
            ],
            [
              86.90632,
              21.504644
            ],
            [
              86.905873,
              21.505031
            ],
            [
              86.905504,
              21.504605
            ],
            [
              86.905951,
              21.504218
            ]
          ]
        ]
      }
    },
    {
      "type": "Feature",
      "properties": {
        "building_id": 256,
        "elevation_m": 8.8,
        "confidence_score": 0.89
      },
      "geometry": {
        "type": "Polygon",
        "coordinates": [
          [
            [
              86.910886,
              21.504265
            ],
            [
              86.910629,
              21.504627
            ],
            [
              86.910845,
              21.50478
            ],
            [
              86.910973,
              21.504599
            ],
            [
              86.911188,
              21.504752
            ],
            [
              86.911317,
              21.504571
            ],
            [
              86.910886,
              21.504265
            ]
          ]
        ]
      }
    },
    {
      "type": "Feature",
      "properties": {
        "building_id": 257,
        "elevation_m": 4.4,
        "confidence_score": 0.87
      },
      "geometry": {
        "type": "Polygon",
        "coordinates": [
          [
            [
              86.92308,
              21.506704
            ],
            [
              86.923211,
              21.506338
            ],
            [
              86.923608,
              21.506705
            ],
            [
              86.923361,
              21.506863
            ],
            [
              86.923192,
              21.506785
            ],
            [
              86.923144,
              21.50671
            ],
            [
              86.92308,
              21.506704
            ]
          ]
        ]
      }
    },
    {
      "type": "Feature",
      "properties": {
        "building_id": 258,
        "elevation_m": 12.2,
        "confidence_score": 0.85
      },
      "geometry": {
        "type": "Polygon",
        "coordinates": [
          [
            [
              86.925393,
              21.507198
            ],
            [
              86.925256,
              21.507685
            ],
            [
              86.924813,
              21.507561
            ],
            [
              86.92495,
              21.507074
            ],
            [
              86.925393,
              21.507198
            ]
          ]
        ]
      }
    },
    {
      "type": "Feature",
      "properties": {
        "building_id": 259,
        "elevation_m": 17.0,
        "confidence_score": 0.86
      },
      "geometry": {
        "type": "Polygon",
        "coordinates": [
          [
            [
              86.905022,
              21.50514
            ],
            [
              86.905097,
              21.505629
            ],
            [
              86.90456,
              21.505711
            ],
            [
              86.904485,
              21.505223
            ],
            [
              86.905022,
              21.50514
            ]
          ]
        ]
      }
    },
    {
      "type": "Feature",
      "properties": {
        "building_id": 260,
        "elevation_m": 4.8,
        "confidence_score": 0.92
      },
      "geometry": {
        "type": "Polygon",
        "coordinates": [
          [
            [
              86.906395,
              21.500688
            ],
            [
              86.906742,
              21.500766
            ],
            [
              86.906652,
              21.501169
            ],
            [
              86.906305,
              21.501091
            ],
            [
              86.906395,
              21.500688
            ]
          ]
        ]
      }
    },
    {
      "type": "Feature",
      "properties": {
        "building_id": 261,
        "elevation_m": 7.0,
        "confidence_score": 0.91
      },
      "geometry": {
        "type": "Polygon",
        "coordinates": [
          [
            [
              86.908575,
              21.500873
            ],
            [
              86.908244,
              21.50164
            ],
            [
              86.908537,
              21.501767
            ],
            [
              86.908703,
              21.501383
            ],
            [
              86.908996,
              21.50151
            ],
            [
              86.909162,
              21.501127
            ],
            [
              86.908575,
              21.500873
            ]
          ]
        ]
      }
    },
    {
      "type": "Feature",
      "properties": {
        "building_id": 262,
        "elevation_m": 9.8,
        "confidence_score": 0.95
      },
      "geometry": {
        "type": "Polygon",
        "coordinates": [
          [
            [
              86.907603,
              21.500175
            ],
            [
              86.90832,
              21.500321
            ],
            [
              86.908203,
              21.500895
            ],
            [
              86.907486,
              21.500748
            ],
            [
              86.907603,
              21.500175
            ]
          ]
        ]
      }
    },
    {
      "type": "Feature",
      "properties": {
        "building_id": 263,
        "elevation_m": 17.2,
        "confidence_score": 0.9
      },
      "geometry": {
        "type": "Polygon",
        "coordinates": [
          [
            [
              86.915921,
              21.497021
            ],
            [
              86.916197,
              21.496961
            ],
            [
              86.916158,
              21.497006
            ],
            [
              86.916229,
              21.497315
            ],
            [
              86.916102,
              21.49744
            ],
            [
              86.916034,
              21.497411
            ],
            [
              86.916038,
              21.497395
            ],
            [
              86.915921,
              21.497021
            ]
          ]
        ]
      }
    },
    {
      "type": "Feature",
      "properties": {
        "building_id": 264,
        "elevation_m": 13.3,
        "confidence_score": 0.94
      },
      "geometry": {
        "type": "Polygon",
        "coordinates": [
          [
            [
              86.915584,
              21.4963
            ],
            [
              86.915897,
              21.496326
            ],
            [
              86.915878,
              21.496555
            ],
            [
              86.915565,
              21.496529
            ],
            [
              86.915584,
              21.4963
            ]
          ]
        ]
      }
    },
    {
      "type": "Feature",
      "properties": {
        "building_id": 265,
        "elevation_m": 5.2,
        "confidence_score": 0.94
      },
      "geometry": {
        "type": "Polygon",
        "coordinates": [
          [
            [
              86.915634,
              21.494912
            ],
            [
              86.915473,
              21.494932
            ],
            [
              86.91553,
              21.495403
            ],
            [
              86.915692,
              21.495383
            ],
            [
              86.915672,
              21.495226
            ],
            [
              86.915995,
              21.495187
            ],
            [
              86.915975,
              21.49503
            ],
            [
              86.915653,
              21.495069
            ],
            [
              86.915634,
              21.494912
            ]
          ]
        ]
      }
    },
    {
      "type": "Feature",
      "properties": {
        "building_id": 266,
        "elevation_m": 10.4,
        "confidence_score": 0.93
      },
      "geometry": {
        "type": "Polygon",
        "coordinates": [
          [
            [
              86.916991,
              21.497712
            ],
            [
              86.916939,
              21.497503
            ],
            [
              86.916966,
              21.497385
            ],
            [
              86.91718,
              21.497319
            ],
            [
              86.91731,
              21.497513
            ],
            [
              86.916991,
              21.497712
            ]
          ]
        ]
      }
    },
    {
      "type": "Feature",
      "properties": {
        "building_id": 267,
        "elevation_m": 7.2,
        "confidence_score": 0.96
      },
      "geometry": {
        "type": "Polygon",
        "coordinates": [
          [
            [
              86.916596,
              21.498094
            ],
            [
              86.916279,
              21.497908
            ],
            [
              86.916168,
              21.498098
            ],
            [
              86.916326,
              21.498191
            ],
            [
              86.916215,
              21.49838
            ],
            [
              86.916373,
              21.498473
            ],
            [
              86.916596,
              21.498094
            ]
          ]
        ]
      }
    },
    {
      "type": "Feature",
      "properties": {
        "building_id": 268,
        "elevation_m": 7.4,
        "confidence_score": 0.86
      },
      "geometry": {
        "type": "Polygon",
        "coordinates": [
          [
            [
              86.914505,
              21.497354
            ],
            [
              86.914254,
              21.497412
            ],
            [
              86.914432,
              21.498184
            ],
            [
              86.914683,
              21.498126
            ],
            [
              86.914624,
              21.497869
            ],
            [
              86.915127,
              21.497753
            ],
            [
              86.915067,
              21.497496
            ],
            [
              86.914565,
              21.497611
            ],
            [
              86.914505,
              21.497354
            ]
          ]
        ]
      }
    },
    {
      "type": "Feature",
      "properties": {
        "building_id": 269,
        "elevation_m": 6.5,
        "confidence_score": 0.95
      },
      "geometry": {
        "type": "Polygon",
        "coordinates": [
          [
            [
              86.908746,
              21.5042
            ],
            [
              86.908818,
              21.504015
            ],
            [
              86.909154,
              21.503888
            ],
            [
              86.909239,
              21.503906
            ],
            [
              86.909449,
              21.504272
            ],
            [
              86.908746,
              21.5042
            ]
          ]
        ]
      }
    },
    {
      "type": "Feature",
      "properties": {
        "building_id": 270,
        "elevation_m": 14.2,
        "confidence_score": 0.85
      },
      "geometry": {
        "type": "Polygon",
        "coordinates": [
          [
            [
              86.910705,
              21.503684
            ],
            [
              86.910698,
              21.504351
            ],
            [
              86.909885,
              21.504342
            ],
            [
              86.909892,
              21.503675
            ],
            [
              86.910705,
              21.503684
            ]
          ]
        ]
      }
    },
    {
      "type": "Feature",
      "properties": {
        "building_id": 271,
        "elevation_m": 7.0,
        "confidence_score": 0.85
      },
      "geometry": {
        "type": "Polygon",
        "coordinates": [
          [
            [
              86.910484,
              21.501699
            ],
            [
              86.910338,
              21.501982
            ],
            [
              86.910494,
              21.502062
            ],
            [
              86.910567,
              21.501921
            ],
            [
              86.910723,
              21.502001
            ],
            [
              86.910796,
              21.50186
            ],
            [
              86.910484,
              21.501699
            ]
          ]
        ]
      }
    },
    {
      "type": "Feature",
      "properties": {
        "building_id": 272,
        "elevation_m": 4.3,
        "confidence_score": 0.96
      },
      "geometry": {
        "type": "Polygon",
        "coordinates": [
          [
            [
              86.910767,
              21.502689
            ],
            [
              86.910277,
              21.503073
            ],
            [
              86.910443,
              21.503286
            ],
            [
              86.910688,
              21.503094
            ],
            [
              86.910855,
              21.503306
            ],
            [
              86.9111,
              21.503114
            ],
            [
              86.910767,
              21.502689
            ]
          ]
        ]
      }
    },
    {
      "type": "Feature",
      "properties": {
        "building_id": 273,
        "elevation_m": 11.1,
        "confidence_score": 0.97
      },
      "geometry": {
        "type": "Polygon",
        "coordinates": [
          [
            [
              86.909515,
              21.500923
            ],
            [
              86.909913,
              21.501005
            ],
            [
              86.90982,
              21.501459
            ],
            [
              86.909422,
              21.501377
            ],
            [
              86.909515,
              21.500923
            ]
          ]
        ]
      }
    },
    {
      "type": "Feature",
      "properties": {
        "building_id": 274,
        "elevation_m": 14.5,
        "confidence_score": 0.88
      },
      "geometry": {
        "type": "Polygon",
        "coordinates": [
          [
            [
              86.91769,
              21.497901
            ],
            [
              86.917516,
              21.498018
            ],
            [
              86.917807,
              21.49845
            ],
            [
              86.917981,
              21.498333
            ],
            [
              86.917884,
              21.498189
            ],
            [
              86.918232,
              21.497955
            ],
            [
              86.918135,
              21.497811
            ],
            [
              86.917787,
              21.498045
            ],
            [
              86.91769,
              21.497901
            ]
          ]
        ]
      }
    },
    {
      "type": "Feature",
      "properties": {
        "building_id": 275,
        "elevation_m": 10.4,
        "confidence_score": 0.92
      },
      "geometry": {
        "type": "Polygon",
        "coordinates": [
          [
            [
              86.917718,
              21.498437
            ],
            [
              86.918095,
              21.498656
            ],
            [
              86.917881,
              21.499025
            ],
            [
              86.917504,
              21.498806
            ],
            [
              86.917718,
              21.498437
            ]
          ]
        ]
      }
    },
    {
      "type": "Feature",
      "properties": {
        "building_id": 276,
        "elevation_m": 14.5,
        "confidence_score": 0.88
      },
      "geometry": {
        "type": "Polygon",
        "coordinates": [
          [
            [
              86.918629,
              21.497181
            ],
            [
              86.918347,
              21.497723
            ],
            [
              86.91859,
              21.497849
            ],
            [
              86.918731,
              21.497578
            ],
            [
              86.918973,
              21.497705
            ],
            [
              86.919114,
              21.497434
            ],
            [
              86.918629,
              21.497181
            ]
          ]
        ]
      }
    },
    {
      "type": "Feature",
      "properties": {
        "building_id": 277,
        "elevation_m": 14.5,
        "confidence_score": 0.91
      },
      "geometry": {
        "type": "Polygon",
        "coordinates": [
          [
            [
              86.919929,
              21.497692
            ],
            [
              86.919718,
              21.497692
            ],
            [
              86.919716,
              21.498583
            ],
            [
              86.919927,
              21.498583
            ],
            [
              86.919927,
              21.498286
            ],
            [
              86.920349,
              21.498287
            ],
            [
              86.920349,
              21.49799
            ],
            [
              86.919928,
              21.497989
            ],
            [
              86.919929,
              21.497692
            ]
          ]
        ]
      }
    },
    {
      "type": "Feature",
      "properties": {
        "building_id": 278,
        "elevation_m": 6.4,
        "confidence_score": 0.95
      },
      "geometry": {
        "type": "Polygon",
        "coordinates": [
          [
            [
              86.918988,
              21.49589
            ],
            [
              86.918431,
              21.496011
            ],
            [
              86.918336,
              21.495572
            ],
            [
              86.918894,
              21.495452
            ],
            [
              86.918988,
              21.49589
            ]
          ]
        ]
      }
    },
    {
      "type": "Feature",
      "properties": {
        "building_id": 279,
        "elevation_m": 9.2,
        "confidence_score": 0.94
      },
      "geometry": {
        "type": "Polygon",
        "coordinates": [
          [
            [
              86.91826,
              21.499294
            ],
            [
              86.917864,
              21.499394
            ],
            [
              86.91776,
              21.498984
            ],
            [
              86.918157,
              21.498884
            ],
            [
              86.91826,
              21.499294
            ]
          ]
        ]
      }
    },
    {
      "type": "Feature",
      "properties": {
        "building_id": 280,
        "elevation_m": 9.6,
        "confidence_score": 0.94
      },
      "geometry": {
        "type": "Polygon",
        "coordinates": [
          [
            [
              86.9111,
              21.503602
            ],
            [
              86.911004,
              21.503526
            ],
            [
              86.910706,
              21.503906
            ],
            [
              86.910803,
              21.503982
            ],
            [
              86.910902,
              21.503855
            ],
            [
              86.911095,
              21.504007
            ],
            [
              86.911195,
              21.50388
            ],
            [
              86.911001,
              21.503728
            ],
            [
              86.9111,
              21.503602
            ]
          ]
        ]
      }
    },
    {
      "type": "Feature",
      "properties": {
        "building_id": 281,
        "elevation_m": 16.6,
        "confidence_score": 0.86
      },
      "geometry": {
        "type": "Polygon",
        "coordinates": [
          [
            [
              86.911885,
              21.50285
            ],
            [
              86.911442,
              21.502958
            ],
            [
              86.91131,
              21.502413
            ],
            [
              86.911753,
              21.502306
            ],
            [
              86.911885,
              21.50285
            ]
          ]
        ]
      }
    },
    {
      "type": "Feature",
      "properties": {
        "building_id": 282,
        "elevation_m": 11.6,
        "confidence_score": 0.94
      },
      "geometry": {
        "type": "Polygon",
        "coordinates": [
          [
            [
              86.912376,
              21.500571
            ],
            [
              86.91227,
              21.500495
            ],
            [
              86.911968,
              21.500921
            ],
            [
              86.912075,
              21.500996
            ],
            [
              86.912175,
              21.500854
            ],
            [
              86.912388,
              21.501005
            ],
            [
              86.912488,
              21.500863
            ],
            [
              86.912276,
              21.500713
            ],
            [
              86.912376,
              21.500571
            ]
          ]
        ]
      }
    },
    {
      "type": "Feature",
      "properties": {
        "building_id": 283,
        "elevation_m": 15.7,
        "confidence_score": 0.87
      },
      "geometry": {
        "type": "Polygon",
        "coordinates": [
          [
            [
              86.9112,
              21.501017
            ],
            [
              86.91081,
              21.501407
            ],
            [
              86.910482,
              21.501079
            ],
            [
              86.910872,
              21.500689
            ],
            [
              86.9112,
              21.501017
            ]
          ]
        ]
      }
    },
    {
      "type": "Feature",
      "properties": {
        "building_id": 284,
        "elevation_m": 18.5,
        "confidence_score": 0.96
      },
      "geometry": {
        "type": "Polygon",
        "coordinates": [
          [
            [
              86.917208,
              21.495411
            ],
            [
              86.917257,
              21.495354
            ],
            [
              86.917239,
              21.495263
            ],
            [
              86.917626,
              21.495384
            ],
            [
              86.917476,
              21.495488
            ],
            [
              86.917208,
              21.495411
            ]
          ]
        ]
      }
    },
    {
      "type": "Feature",
      "properties": {
        "building_id": 285,
        "elevation_m": 4.4,
        "confidence_score": 0.87
      },
      "geometry": {
        "type": "Polygon",
        "coordinates": [
          [
            [
              86.918653,
              21.494631
            ],
            [
              86.918182,
              21.494744
            ],
            [
              86.918036,
              21.494138
            ],
            [
              86.918508,
              21.494025
            ],
            [
              86.918653,
              21.494631
            ]
          ]
        ]
      }
    },
    {
      "type": "Feature",
      "properties": {
        "building_id": 286,
        "elevation_m": 17.7,
        "confidence_score": 0.89
      },
      "geometry": {
        "type": "Polygon",
        "coordinates": [
          [
            [
              86.917561,
              21.49362
            ],
            [
              86.917339,
              21.494101
            ],
            [
              86.917001,
              21.493945
            ],
            [
              86.917224,
              21.493464
            ],
            [
              86.917561,
              21.49362
            ]
          ]
        ]
      }
    },
    {
      "type": "Feature",
      "properties": {
        "building_id": 287,
        "elevation_m": 17.7,
        "confidence_score": 0.91
      },
      "geometry": {
        "type": "Polygon",
        "coordinates": [
          [
            [
              86.919811,
              21.494597
            ],
            [
              86.919132,
              21.494728
            ],
            [
              86.919008,
              21.494088
            ],
            [
              86.919687,
              21.493956
            ],
            [
              86.919811,
              21.494597
            ]
          ]
        ]
      }
    },
    {
      "type": "Feature",
      "properties": {
        "building_id": 288,
        "elevation_m": 12.0,
        "confidence_score": 0.96
      },
      "geometry": {
        "type": "Polygon",
        "coordinates": [
          [
            [
              86.919006,
              21.492624
            ],
            [
              86.918595,
              21.492376
            ],
            [
              86.918459,
              21.492601
            ],
            [
              86.918664,
              21.492725
            ],
            [
              86.918528,
              21.492951
            ],
            [
              86.918733,
              21.493075
            ],
            [
              86.919006,
              21.492624
            ]
          ]
        ]
      }
    },
    {
      "type": "Feature",
      "properties": {
        "building_id": 289,
        "elevation_m": 8.7,
        "confidence_score": 0.9
      },
      "geometry": {
        "type": "Polygon",
        "coordinates": [
          [
            [
              86.916647,
              21.494084
            ],
            [
              86.916599,
              21.493871
            ],
            [
              86.916451,
              21.493904
            ],
            [
              86.916475,
              21.494011
            ],
            [
              86.916327,
              21.494044
            ],
            [
              86.916351,
              21.494151
            ],
            [
              86.916647,
              21.494084
            ]
          ]
        ]
      }
    },
    {
      "type": "Feature",
      "properties": {
        "building_id": 290,
        "elevation_m": 12.4,
        "confidence_score": 0.97
      },
      "geometry": {
        "type": "Polygon",
        "coordinates": [
          [
            [
              86.917435,
              21.492192
            ],
            [
              86.9179,
              21.492586
            ],
            [
              86.917532,
              21.49302
            ],
            [
              86.917067,
              21.492626
            ],
            [
              86.917435,
              21.492192
            ]
          ]
        ]
      }
    },
    {
      "type": "Feature",
      "properties": {
        "building_id": 291,
        "elevation_m": 5.3,
        "confidence_score": 0.95
      },
      "geometry": {
        "type": "Polygon",
        "coordinates": [
          [
            [
              86.919428,
              21.493386
            ],
            [
              86.919829,
              21.493499
            ],
            [
              86.91974,
              21.493813
            ],
            [
              86.919339,
              21.493699
            ],
            [
              86.919428,
              21.493386
            ]
          ]
        ]
      }
    },
    {
      "type": "Feature",
      "properties": {
        "building_id": 292,
        "elevation_m": 10.1,
        "confidence_score": 0.95
      },
      "geometry": {
        "type": "Polygon",
        "coordinates": [
          [
            [
              86.922043,
              21.500724
            ],
            [
              86.921811,
              21.500809
            ],
            [
              86.921862,
              21.500948
            ],
            [
              86.921978,
              21.500906
            ],
            [
              86.922029,
              21.501045
            ],
            [
              86.922146,
              21.501003
            ],
            [
              86.922043,
              21.500724
            ]
          ]
        ]
      }
    },
    {
      "type": "Feature",
      "properties": {
        "building_id": 293,
        "elevation_m": 13.9,
        "confidence_score": 0.87
      },
      "geometry": {
        "type": "Polygon",
        "coordinates": [
          [
            [
              86.922081,
              21.501438
            ],
            [
              86.922316,
              21.501631
            ],
            [
              86.922141,
              21.501845
            ],
            [
              86.921906,
              21.501651
            ],
            [
              86.922081,
              21.501438
            ]
          ]
        ]
      }
    },
    {
      "type": "Feature",
      "properties": {
        "building_id": 294,
        "elevation_m": 7.1,
        "confidence_score": 0.89
      },
      "geometry": {
        "type": "Polygon",
        "coordinates": [
          [
            [
              86.93427,
              21.49445
            ],
            [
              86.933733,
              21.494215
            ],
            [
              86.933626,
              21.494459
            ],
            [
              86.933895,
              21.494577
            ],
            [
              86.933789,
              21.49482
            ],
            [
              86.934057,
              21.494938
            ],
            [
              86.93427,
              21.49445
            ]
          ]
        ]
      }
    },
    {
      "type": "Feature",
      "properties": {
        "building_id": 295,
        "elevation_m": 8.3,
        "confidence_score": 0.96
      },
      "geometry": {
        "type": "Polygon",
        "coordinates": [
          [
            [
              86.935302,
              21.493652
            ],
            [
              86.93474,
              21.493164
            ],
            [
              86.934553,
              21.493381
            ],
            [
              86.934834,
              21.493624
            ],
            [
              86.934647,
              21.49384
            ],
            [
              86.934927,
              21.494084
            ],
            [
              86.935302,
              21.493652
            ]
          ]
        ]
      }
    },
    {
      "type": "Feature",
      "properties": {
        "building_id": 296,
        "elevation_m": 17.8,
        "confidence_score": 0.91
      },
      "geometry": {
        "type": "Polygon",
        "coordinates": [
          [
            [
              86.935675,
              21.49574
            ],
            [
              86.935356,
              21.49562
            ],
            [
              86.935447,
              21.495343
            ],
            [
              86.935671,
              21.495226
            ],
            [
              86.935669,
              21.495363
            ],
            [
              86.935797,
              21.495332
            ],
            [
              86.935872,
              21.495343
            ],
            [
              86.935675,
              21.49574
            ]
          ]
        ]
      }
    },
    {
      "type": "Feature",
      "properties": {
        "building_id": 297,
        "elevation_m": 7.5,
        "confidence_score": 0.91
      },
      "geometry": {
        "type": "Polygon",
        "coordinates": [
          [
            [
              86.936251,
              21.494086
            ],
            [
              86.936727,
              21.494137
            ],
            [
              86.936677,
              21.494604
            ],
            [
              86.936201,
              21.494553
            ],
            [
              86.936251,
              21.494086
            ]
          ]
        ]
      }
    },
    {
      "type": "Feature",
      "properties": {
        "building_id": 298,
        "elevation_m": 13.5,
        "confidence_score": 0.9
      },
      "geometry": {
        "type": "Polygon",
        "coordinates": [
          [
            [
              86.935686,
              21.492685
            ],
            [
              86.935097,
              21.493188
            ],
            [
              86.935314,
              21.493444
            ],
            [
              86.935609,
              21.493192
            ],
            [
              86.935827,
              21.493447
            ],
            [
              86.936122,
              21.493196
            ],
            [
              86.935686,
              21.492685
            ]
          ]
        ]
      }
    },
    {
      "type": "Feature",
      "properties": {
        "building_id": 299,
        "elevation_m": 11.0,
        "confidence_score": 0.93
      },
      "geometry": {
        "type": "Polygon",
        "coordinates": [
          [
            [
              86.935375,
              21.491632
            ],
            [
              86.935913,
              21.491977
            ],
            [
              86.935481,
              21.492652
            ],
            [
              86.934943,
              21.492308
            ],
            [
              86.935375,
              21.491632
            ]
          ]
        ]
      }
    },
    {
      "type": "Feature",
      "properties": {
        "building_id": 300,
        "elevation_m": 15.4,
        "confidence_score": 0.92
      },
      "geometry": {
        "type": "Polygon",
        "coordinates": [
          [
            [
              86.934401,
              21.491519
            ],
            [
              86.934299,
              21.491361
            ],
            [
              86.933813,
              21.491674
            ],
            [
              86.933915,
              21.491832
            ],
            [
              86.934077,
              21.491728
            ],
            [
              86.934281,
              21.492044
            ],
            [
              86.934443,
              21.491939
            ],
            [
              86.934239,
              21.491623
            ],
            [
              86.934401,
              21.491519
            ]
          ]
        ]
      }
    },
    {
      "type": "Feature",
      "properties": {
        "building_id": 301,
        "elevation_m": 15.6,
        "confidence_score": 0.87
      },
      "geometry": {
        "type": "Polygon",
        "coordinates": [
          [
            [
              86.933903,
              21.493045
            ],
            [
              86.933509,
              21.492977
            ],
            [
              86.933467,
              21.493215
            ],
            [
              86.933664,
              21.49325
            ],
            [
              86.933623,
              21.493488
            ],
            [
              86.93382,
              21.493522
            ],
            [
              86.933903,
              21.493045
            ]
          ]
        ]
      }
    },
    {
      "type": "Feature",
      "properties": {
        "building_id": 302,
        "elevation_m": 17.7,
        "confidence_score": 0.85
      },
      "geometry": {
        "type": "Polygon",
        "coordinates": [
          [
            [
              86.933557,
              21.49513
            ],
            [
              86.933158,
              21.495229
            ],
            [
              86.933203,
              21.495413
            ],
            [
              86.933403,
              21.495364
            ],
            [
              86.933448,
              21.495549
            ],
            [
              86.933648,
              21.495499
            ],
            [
              86.933557,
              21.49513
            ]
          ]
        ]
      }
    },
    {
      "type": "Feature",
      "properties": {
        "building_id": 303,
        "elevation_m": 11.8,
        "confidence_score": 0.88
      },
      "geometry": {
        "type": "Polygon",
        "coordinates": [
          [
            [
              86.93277,
              21.494239
            ],
            [
              86.93292,
              21.494537
            ],
            [
              86.932505,
              21.494745
            ],
            [
              86.932355,
              21.494447
            ],
            [
              86.93277,
              21.494239
            ]
          ]
        ]
      }
    },
    {
      "type": "Feature",
      "properties": {
        "building_id": 304,
        "elevation_m": 13.0,
        "confidence_score": 0.86
      },
      "geometry": {
        "type": "Polygon",
        "coordinates": [
          [
            [
              86.931682,
              21.495144
            ],
            [
              86.931613,
              21.495306
            ],
            [
              86.932123,
              21.495524
            ],
            [
              86.932192,
              21.495362
            ],
            [
              86.932022,
              21.49529
            ],
            [
              86.93216,
              21.494966
            ],
            [
              86.93199,
              21.494893
            ],
            [
              86.931852,
              21.495217
            ],
            [
              86.931682,
              21.495144
            ]
          ]
        ]
      }
    },
    {
      "type": "Feature",
      "properties": {
        "building_id": 305,
        "elevation_m": 7.9,
        "confidence_score": 0.93
      },
      "geometry": {
        "type": "Polygon",
        "coordinates": [
          [
            [
              86.933745,
              21.495984
            ],
            [
              86.933564,
              21.496405
            ],
            [
              86.933209,
              21.496252
            ],
            [
              86.933391,
              21.495831
            ],
            [
              86.933745,
              21.495984
            ]
          ]
        ]
      }
    },
    {
      "type": "Feature",
      "properties": {
        "building_id": 306,
        "elevation_m": 11.7,
        "confidence_score": 0.94
      },
      "geometry": {
        "type": "Polygon",
        "coordinates": [
          [
            [
              86.934492,
              21.495711
            ],
            [
              86.934884,
              21.496156
            ],
            [
              86.934496,
              21.496498
            ],
            [
              86.934104,
              21.496053
            ],
            [
              86.934492,
              21.495711
            ]
          ]
        ]
      }
    },
    {
      "type": "Feature",
      "properties": {
        "building_id": 307,
        "elevation_m": 17.8,
        "confidence_score": 0.95
      },
      "geometry": {
        "type": "Polygon",
        "coordinates": [
          [
            [
              86.932301,
              21.493206
            ],
            [
              86.932155,
              21.493379
            ],
            [
              86.93253,
              21.493694
            ],
            [
              86.932675,
              21.493521
            ],
            [
              86.932551,
              21.493416
            ],
            [
              86.932841,
              21.49307
            ],
            [
              86.932716,
              21.492965
            ],
            [
              86.932426,
              21.493311
            ],
            [
              86.932301,
              21.493206
            ]
          ]
        ]
      }
    },
    {
      "type": "Feature",
      "properties": {
        "building_id": 308,
        "elevation_m": 7.9,
        "confidence_score": 0.97
      },
      "geometry": {
        "type": "Polygon",
        "coordinates": [
          [
            [
              86.931536,
              21.494212
            ],
            [
              86.931604,
              21.493991
            ],
            [
              86.931953,
              21.494079
            ],
            [
              86.932016,
              21.494203
            ],
            [
              86.931905,
              21.494263
            ],
            [
              86.931536,
              21.494212
            ]
          ]
        ]
      }
    },
    {
      "type": "Feature",
      "properties": {
        "building_id": 309,
        "elevation_m": 17.8,
        "confidence_score": 0.94
      },
      "geometry": {
        "type": "Polygon",
        "coordinates": [
          [
            [
              86.92818,
              21.507545
            ],
            [
              86.928113,
              21.507596
            ],
            [
              86.928018,
              21.507458
            ],
            [
              86.928047,
              21.507381
            ],
            [
              86.928085,
              21.507377
            ],
            [
              86.92823,
              21.507414
            ],
            [
              86.92818,
              21.507545
            ]
          ]
        ]
      }
    },
    {
      "type": "Feature",
      "properties": {
        "building_id": 310,
        "elevation_m": 14.7,
        "confidence_score": 0.97
      },
      "geometry": {
        "type": "Polygon",
        "coordinates": [
          [
            [
              86.927191,
              21.507725
            ],
            [
              86.926903,
              21.508024
            ],
            [
              86.927025,
              21.508142
            ],
            [
              86.927169,
              21.507992
            ],
            [
              86.927292,
              21.50811
            ],
            [
              86.927436,
              21.507961
            ],
            [
              86.927191,
              21.507725
            ]
          ]
        ]
      }
    },
    {
      "type": "Feature",
      "properties": {
        "building_id": 311,
        "elevation_m": 4.7,
        "confidence_score": 0.91
      },
      "geometry": {
        "type": "Polygon",
        "coordinates": [
          [
            [
              86.919845,
              21.492514
            ],
            [
              86.919686,
              21.492592
            ],
            [
              86.919984,
              21.493192
            ],
            [
              86.920143,
              21.493113
            ],
            [
              86.920044,
              21.492914
            ],
            [
              86.920361,
              21.492756
            ],
            [
              86.920261,
              21.492556
            ],
            [
              86.919944,
              21.492714
            ],
            [
              86.919845,
              21.492514
            ]
          ]
        ]
      }
    },
    {
      "type": "Feature",
      "properties": {
        "building_id": 312,
        "elevation_m": 13.2,
        "confidence_score": 0.9
      },
      "geometry": {
        "type": "Polygon",
        "coordinates": [
          [
            [
              86.918033,
              21.491142
            ],
            [
              86.918027,
              21.491912
            ],
            [
              86.918462,
              21.491915
            ],
            [
              86.918465,
              21.49153
            ],
            [
              86.918899,
              21.491533
            ],
            [
              86.918902,
              21.491148
            ],
            [
              86.918033,
              21.491142
            ]
          ]
        ]
      }
    },
    {
      "type": "Feature",
      "properties": {
        "building_id": 313,
        "elevation_m": 16.9,
        "confidence_score": 0.87
      },
      "geometry": {
        "type": "Polygon",
        "coordinates": [
          [
            [
              86.920198,
              21.487263
            ],
            [
              86.920193,
              21.487597
            ],
            [
              86.920369,
              21.4876
            ],
            [
              86.920372,
              21.487433
            ],
            [
              86.920548,
              21.487436
            ],
            [
              86.92055,
              21.487269
            ],
            [
              86.920198,
              21.487263
            ]
          ]
        ]
      }
    },
    {
      "type": "Feature",
      "properties": {
        "building_id": 314,
        "elevation_m": 9.3,
        "confidence_score": 0.97
      },
      "geometry": {
        "type": "Polygon",
        "coordinates": [
          [
            [
              86.920292,
              21.490099
            ],
            [
              86.920191,
              21.490141
            ],
            [
              86.920313,
              21.490433
            ],
            [
              86.920414,
              21.490391
            ],
            [
              86.920373,
              21.490294
            ],
            [
              86.920574,
              21.49021
            ],
            [
              86.920533,
              21.490113
            ],
            [
              86.920332,
              21.490196
            ],
            [
              86.920292,
              21.490099
            ]
          ]
        ]
      }
    },
    {
      "type": "Feature",
      "properties": {
        "building_id": 315,
        "elevation_m": 9.6,
        "confidence_score": 0.86
      },
      "geometry": {
        "type": "Polygon",
        "coordinates": [
          [
            [
              86.923528,
              21.492093
            ],
            [
              86.923562,
              21.491971
            ],
            [
              86.923553,
              21.491908
            ],
            [
              86.923791,
              21.491899
            ],
            [
              86.923808,
              21.492246
            ],
            [
              86.923634,
              21.492239
            ],
            [
              86.923528,
              21.492093
            ]
          ]
        ]
      }
    },
    {
      "type": "Feature",
      "properties": {
        "building_id": 316,
        "elevation_m": 7.6,
        "confidence_score": 0.87
      },
      "geometry": {
        "type": "Polygon",
        "coordinates": [
          [
            [
              86.925197,
              21.491559
            ],
            [
              86.92496,
              21.491305
            ],
            [
              86.924838,
              21.491419
            ],
            [
              86.924957,
              21.491546
            ],
            [
              86.924835,
              21.491659
            ],
            [
              86.924953,
              21.491786
            ],
            [
              86.925197,
              21.491559
            ]
          ]
        ]
      }
    },
    {
      "type": "Feature",
      "properties": {
        "building_id": 317,
        "elevation_m": 12.9,
        "confidence_score": 0.87
      },
      "geometry": {
        "type": "Polygon",
        "coordinates": [
          [
            [
              86.925024,
              21.492161
            ],
            [
              86.924921,
              21.49207
            ],
            [
              86.924568,
              21.49247
            ],
            [
              86.924671,
              21.492561
            ],
            [
              86.924788,
              21.492428
            ],
            [
              86.924994,
              21.49261
            ],
            [
              86.925112,
              21.492477
            ],
            [
              86.924906,
              21.492295
            ],
            [
              86.925024,
              21.492161
            ]
          ]
        ]
      }
    },
    {
      "type": "Feature",
      "properties": {
        "building_id": 318,
        "elevation_m": 9.5,
        "confidence_score": 0.92
      },
      "geometry": {
        "type": "Polygon",
        "coordinates": [
          [
            [
              86.924362,
              21.493115
            ],
            [
              86.924295,
              21.492966
            ],
            [
              86.923762,
              21.493208
            ],
            [
              86.92383,
              21.493357
            ],
            [
              86.924007,
              21.493276
            ],
            [
              86.924143,
              21.493574
            ],
            [
              86.92432,
              21.493494
            ],
            [
              86.924185,
              21.493195
            ],
            [
              86.924362,
              21.493115
            ]
          ]
        ]
      }
    },
    {
      "type": "Feature",
      "properties": {
        "building_id": 319,
        "elevation_m": 14.3,
        "confidence_score": 0.88
      },
      "geometry": {
        "type": "Polygon",
        "coordinates": [
          [
            [
              86.927123,
              21.495031
            ],
            [
              86.927038,
              21.49456
            ],
            [
              86.926791,
              21.494604
            ],
            [
              86.926834,
              21.49484
            ],
            [
              86.926587,
              21.494885
            ],
            [
              86.92663,
              21.49512
            ],
            [
              86.927123,
              21.495031
            ]
          ]
        ]
      }
    },
    {
      "type": "Feature",
      "properties": {
        "building_id": 320,
        "elevation_m": 5.6,
        "confidence_score": 0.94
      },
      "geometry": {
        "type": "Polygon",
        "coordinates": [
          [
            [
              86.92858,
              21.495228
            ],
            [
              86.927963,
              21.495581
            ],
            [
              86.928132,
              21.495876
            ],
            [
              86.928441,
              21.4957
            ],
            [
              86.92861,
              21.495995
            ],
            [
              86.928918,
              21.495818
            ],
            [
              86.92858,
              21.495228
            ]
          ]
        ]
      }
    },
    {
      "type": "Feature",
      "properties": {
        "building_id": 321,
        "elevation_m": 14.5,
        "confidence_score": 0.86
      },
      "geometry": {
        "type": "Polygon",
        "coordinates": [
          [
            [
              86.926955,
              21.496783
            ],
            [
              86.926873,
              21.496744
            ],
            [
              86.926733,
              21.496295
            ],
            [
              86.927,
              21.496342
            ],
            [
              86.927168,
              21.496474
            ],
            [
              86.926955,
              21.496783
            ]
          ]
        ]
      }
    },
    {
      "type": "Feature",
      "properties": {
        "building_id": 322,
        "elevation_m": 4.3,
        "confidence_score": 0.93
      },
      "geometry": {
        "type": "Polygon",
        "coordinates": [
          [
            [
              86.928211,
              21.496921
            ],
            [
              86.928202,
              21.49773
            ],
            [
              86.927108,
              21.497716
            ],
            [
              86.927118,
              21.496907
            ],
            [
              86.928211,
              21.496921
            ]
          ]
        ]
      }
    },
    {
      "type": "Feature",
      "properties": {
        "building_id": 323,
        "elevation_m": 10.3,
        "confidence_score": 0.92
      },
      "geometry": {
        "type": "Polygon",
        "coordinates": [
          [
            [
              86.929436,
              21.495597
            ],
            [
              86.929932,
              21.495716
            ],
            [
              86.929806,
              21.496241
            ],
            [
              86.92931,
              21.496122
            ],
            [
              86.929436,
              21.495597
            ]
          ]
        ]
      }
    },
    {
      "type": "Feature",
      "properties": {
        "building_id": 324,
        "elevation_m": 11.6,
        "confidence_score": 0.89
      },
      "geometry": {
        "type": "Polygon",
        "coordinates": [
          [
            [
              86.929497,
              21.494246
            ],
            [
              86.928992,
              21.493859
            ],
            [
              86.928802,
              21.494107
            ],
            [
              86.929055,
              21.494301
            ],
            [
              86.928865,
              21.494549
            ],
            [
              86.929118,
              21.494742
            ],
            [
              86.929497,
              21.494246
            ]
          ]
        ]
      }
    },
    {
      "type": "Feature",
      "properties": {
        "building_id": 325,
        "elevation_m": 7.9,
        "confidence_score": 0.95
      },
      "geometry": {
        "type": "Polygon",
        "coordinates": [
          [
            [
              86.928347,
              21.492856
            ],
            [
              86.928259,
              21.49248
            ],
            [
              86.928117,
              21.492513
            ],
            [
              86.92816,
              21.492701
            ],
            [
              86.928018,
              21.492734
            ],
            [
              86.928061,
              21.492922
            ],
            [
              86.928347,
              21.492856
            ]
          ]
        ]
      }
    },
    {
      "type": "Feature",
      "properties": {
        "building_id": 326,
        "elevation_m": 16.6,
        "confidence_score": 0.93
      },
      "geometry": {
        "type": "Polygon",
        "coordinates": [
          [
            [
              86.929121,
              21.492024
            ],
            [
              86.929183,
              21.491777
            ],
            [
              86.929235,
              21.491722
            ],
            [
              86.929397,
              21.491822
            ],
            [
              86.929339,
              21.491921
            ],
            [
              86.929309,
              21.492015
            ],
            [
              86.929121,
              21.492024
            ]
          ]
        ]
      }
    },
    {
      "type": "Feature",
      "properties": {
        "building_id": 327,
        "elevation_m": 17.1,
        "confidence_score": 0.86
      },
      "geometry": {
        "type": "Polygon",
        "coordinates": [
          [
            [
              86.929509,
              21.492394
            ],
            [
              86.929758,
              21.492963
            ],
            [
              86.92907,
              21.493265
            ],
            [
              86.92882,
              21.492695
            ],
            [
              86.929509,
              21.492394
            ]
          ]
        ]
      }
    },
    {
      "type": "Feature",
      "properties": {
        "building_id": 328,
        "elevation_m": 4.1,
        "confidence_score": 0.95
      },
      "geometry": {
        "type": "Polygon",
        "coordinates": [
          [
            [
              86.924114,
              21.493968
            ],
            [
              86.924171,
              21.493979
            ],
            [
              86.924344,
              21.493904
            ],
            [
              86.924309,
              21.493904
            ],
            [
              86.924437,
              21.493882
            ],
            [
              86.924459,
              21.494065
            ],
            [
              86.924427,
              21.494176
            ],
            [
              86.924114,
              21.493968
            ]
          ]
        ]
      }
    },
    {
      "type": "Feature",
      "properties": {
        "building_id": 329,
        "elevation_m": 11.9,
        "confidence_score": 0.88
      },
      "geometry": {
        "type": "Polygon",
        "coordinates": [
          [
            [
              86.923427,
              21.492638
            ],
            [
              86.923629,
              21.492833
            ],
            [
              86.923427,
              21.493043
            ],
            [
              86.923225,
              21.492848
            ],
            [
              86.923427,
              21.492638
            ]
          ]
        ]
      }
    },
    {
      "type": "Feature",
      "properties": {
        "building_id": 330,
        "elevation_m": 13.5,
        "confidence_score": 0.88
      },
      "geometry": {
        "type": "Polygon",
        "coordinates": [
          [
            [
              86.924762,
              21.494855
            ],
            [
              86.924542,
              21.495296
            ],
            [
              86.924763,
              21.495406
            ],
            [
              86.924873,
              21.495186
            ],
            [
              86.925093,
              21.495296
            ],
            [
              86.925203,
              21.495076
            ],
            [
              86.924762,
              21.494855
            ]
          ]
        ]
      }
    },
    {
      "type": "Feature",
      "properties": {
        "building_id": 331,
        "elevation_m": 9.2,
        "confidence_score": 0.97
      },
      "geometry": {
        "type": "Polygon",
        "coordinates": [
          [
            [
              86.925815,
              21.493765
            ],
            [
              86.925438,
              21.493981
            ],
            [
              86.925582,
              21.494231
            ],
            [
              86.92577,
              21.494123
            ],
            [
              86.925914,
              21.494372
            ],
            [
              86.926102,
              21.494264
            ],
            [
              86.925815,
              21.493765
            ]
          ]
        ]
      }
    },
    {
      "type": "Feature",
      "properties": {
        "building_id": 332,
        "elevation_m": 5.3,
        "confidence_score": 0.98
      },
      "geometry": {
        "type": "Polygon",
        "coordinates": [
          [
            [
              86.921125,
              21.497316
            ],
            [
              86.921224,
              21.496993
            ],
            [
              86.921241,
              21.497025
            ],
            [
              86.921346,
              21.497091
            ],
            [
              86.92129,
              21.49724
            ],
            [
              86.921328,
              21.497234
            ],
            [
              86.921125,
              21.497316
            ]
          ]
        ]
      }
    },
    {
      "type": "Feature",
      "properties": {
        "building_id": 333,
        "elevation_m": 4.9,
        "confidence_score": 0.9
      },
      "geometry": {
        "type": "Polygon",
        "coordinates": [
          [
            [
              86.92199,
              21.496529
            ],
            [
              86.922008,
              21.496535
            ],
            [
              86.922055,
              21.496592
            ],
            [
              86.922016,
              21.496623
            ],
            [
              86.922077,
              21.496608
            ],
            [
              86.921893,
              21.49679
            ],
            [
              86.92199,
              21.496529
            ]
          ]
        ]
      }
    },
    {
      "type": "Feature",
      "properties": {
        "building_id": 334,
        "elevation_m": 14.1,
        "confidence_score": 0.91
      },
      "geometry": {
        "type": "Polygon",
        "coordinates": [
          [
            [
              86.924023,
              21.505118
            ],
            [
              86.923913,
              21.50502
            ],
            [
              86.923544,
              21.50543
            ],
            [
              86.923654,
              21.505529
            ],
            [
              86.923777,
              21.505392
            ],
            [
              86.923996,
              21.505589
            ],
            [
              86.924119,
              21.505452
            ],
            [
              86.9239,
              21.505255
            ],
            [
              86.924023,
              21.505118
            ]
          ]
        ]
      }
    },
    {
      "type": "Feature",
      "properties": {
        "building_id": 335,
        "elevation_m": 15.1,
        "confidence_score": 0.91
      },
      "geometry": {
        "type": "Polygon",
        "coordinates": [
          [
            [
              86.924168,
              21.506391
            ],
            [
              86.923961,
              21.506446
            ],
            [
              86.924091,
              21.506931
            ],
            [
              86.924298,
              21.506875
            ],
            [
              86.924255,
              21.506714
            ],
            [
              86.924669,
              21.506603
            ],
            [
              86.924625,
              21.506441
            ],
            [
              86.924211,
              21.506552
            ],
            [
              86.924168,
              21.506391
            ]
          ]
        ]
      }
    },
    {
      "type": "Feature",
      "properties": {
        "building_id": 336,
        "elevation_m": 14.9,
        "confidence_score": 0.92
      },
      "geometry": {
        "type": "Polygon",
        "coordinates": [
          [
            [
              86.922617,
              21.504506
            ],
            [
              86.922587,
              21.504804
            ],
            [
              86.9227,
              21.504816
            ],
            [
              86.922715,
              21.504667
            ],
            [
              86.922829,
              21.504678
            ],
            [
              86.922844,
              21.504529
            ],
            [
              86.922617,
              21.504506
            ]
          ]
        ]
      }
    },
    {
      "type": "Feature",
      "properties": {
        "building_id": 337,
        "elevation_m": 15.6,
        "confidence_score": 0.93
      },
      "geometry": {
        "type": "Polygon",
        "coordinates": [
          [
            [
              86.923859,
              21.504446
            ],
            [
              86.923589,
              21.504577
            ],
            [
              86.923439,
              21.504208
            ],
            [
              86.923575,
              21.504181
            ],
            [
              86.923859,
              21.504446
            ]
          ]
        ]
      }
    },
    {
      "type": "Feature",
      "properties": {
        "building_id": 338,
        "elevation_m": 12.0,
        "confidence_score": 0.93
      },
      "geometry": {
        "type": "Polygon",
        "coordinates": [
          [
            [
              86.924236,
              21.502073
            ],
            [
              86.923554,
              21.502539
            ],
            [
              86.923744,
              21.502816
            ],
            [
              86.924084,
              21.502583
            ],
            [
              86.924274,
              21.50286
            ],
            [
              86.924615,
              21.502627
            ],
            [
              86.924236,
              21.502073
            ]
          ]
        ]
      }
    },
    {
      "type": "Feature",
      "properties": {
        "building_id": 339,
        "elevation_m": 8.1,
        "confidence_score": 0.9
      },
      "geometry": {
        "type": "Polygon",
        "coordinates": [
          [
            [
              86.925398,
              21.503739
            ],
            [
              86.924981,
              21.50394
            ],
            [
              86.925124,
              21.504236
            ],
            [
              86.925332,
              21.504135
            ],
            [
              86.925475,
              21.50443
            ],
            [
              86.925683,
              21.504329
            ],
            [
              86.925398,
              21.503739
            ]
          ]
        ]
      }
    },
    {
      "type": "Feature",
      "properties": {
        "building_id": 340,
        "elevation_m": 10.9,
        "confidence_score": 0.96
      },
      "geometry": {
        "type": "Polygon",
        "coordinates": [
          [
            [
              86.925149,
              21.496218
            ],
            [
              86.92494,
              21.495938
            ],
            [
              86.924745,
              21.496083
            ],
            [
              86.924849,
              21.496223
            ],
            [
              86.924654,
              21.496369
            ],
            [
              86.924758,
              21.496509
            ],
            [
              86.925149,
              21.496218
            ]
          ]
        ]
      }
    },
    {
      "type": "Feature",
      "properties": {
        "building_id": 341,
        "elevation_m": 14.6,
        "confidence_score": 0.93
      },
      "geometry": {
        "type": "Polygon",
        "coordinates": [
          [
            [
              86.926099,
              21.496371
            ],
            [
              86.925931,
              21.496362
            ],
            [
              86.925913,
              21.496729
            ],
            [
              86.926081,
              21.496738
            ],
            [
              86.926087,
              21.496615
            ],
            [
              86.926423,
              21.496633
            ],
            [
              86.926429,
              21.49651
            ],
            [
              86.926093,
              21.496493
            ],
            [
              86.926099,
              21.496371
            ]
          ]
        ]
      }
    },
    {
      "type": "Feature",
      "properties": {
        "building_id": 342,
        "elevation_m": 12.2,
        "confidence_score": 0.98
      },
      "geometry": {
        "type": "Polygon",
        "coordinates": [
          [
            [
              86.926248,
              21.495681
            ],
            [
              86.92579,
              21.495742
            ],
            [
              86.925721,
              21.495227
            ],
            [
              86.92618,
              21.495166
            ],
            [
              86.926248,
              21.495681
            ]
          ]
        ]
      }
    },
    {
      "type": "Feature",
      "properties": {
        "building_id": 343,
        "elevation_m": 17.8,
        "confidence_score": 0.9
      },
      "geometry": {
        "type": "Polygon",
        "coordinates": [
          [
            [
              86.937236,
              21.495475
            ],
            [
              86.937352,
              21.495398
            ],
            [
              86.93734,
              21.49537
            ],
            [
              86.937512,
              21.495382
            ],
            [
              86.93743,
              21.495585
            ],
            [
              86.937236,
              21.495475
            ]
          ]
        ]
      }
    },
    {
      "type": "Feature",
      "properties": {
        "building_id": 344,
        "elevation_m": 9.4,
        "confidence_score": 0.92
      },
      "geometry": {
        "type": "Polygon",
        "coordinates": [
          [
            [
              86.936316,
              21.496177
            ],
            [
              86.936288,
              21.49626
            ],
            [
              86.936595,
              21.496365
            ],
            [
              86.936623,
              21.496282
            ],
            [
              86.936521,
              21.496247
            ],
            [
              86.936578,
              21.496082
            ],
            [
              86.936476,
              21.496047
            ],
            [
              86.936419,
              21.496212
            ],
            [
              86.936316,
              21.496177
            ]
          ]
        ]
      }
    },
    {
      "type": "Feature",
      "properties": {
        "building_id": 345,
        "elevation_m": 9.8,
        "confidence_score": 0.91
      },
      "geometry": {
        "type": "Polygon",
        "coordinates": [
          [
            [
              86.937373,
              21.496172
            ],
            [
              86.937038,
              21.496215
            ],
            [
              86.937005,
              21.495955
            ],
            [
              86.93734,
              21.495913
            ],
            [
              86.937373,
              21.496172
            ]
          ]
        ]
      }
    },
    {
      "type": "Feature",
      "properties": {
        "building_id": 346,
        "elevation_m": 8.6,
        "confidence_score": 0.85
      },
      "geometry": {
        "type": "Polygon",
        "coordinates": [
          [
            [
              86.909569,
              21.47801
            ],
            [
              86.909397,
              21.478376
            ],
            [
              86.909021,
              21.478199
            ],
            [
              86.909193,
              21.477833
            ],
            [
              86.909569,
              21.47801
            ]
          ]
        ]
      }
    },
    {
      "type": "Feature",
      "properties": {
        "building_id": 347,
        "elevation_m": 8.0,
        "confidence_score": 0.86
      },
      "geometry": {
        "type": "Polygon",
        "coordinates": [
          [
            [
              86.908725,
              21.482153
            ],
            [
              86.909406,
              21.482478
            ],
            [
              86.909138,
              21.483039
            ],
            [
              86.908457,
              21.482714
            ],
            [
              86.908725,
              21.482153
            ]
          ]
        ]
      }
    },
    {
      "type": "Feature",
      "properties": {
        "building_id": 348,
        "elevation_m": 10.1,
        "confidence_score": 0.91
      },
      "geometry": {
        "type": "Polygon",
        "coordinates": [
          [
            [
              86.928237,
              21.482662
            ],
            [
              86.928445,
              21.483069
            ],
            [
              86.928114,
              21.483238
            ],
            [
              86.927906,
              21.482832
            ],
            [
              86.928237,
              21.482662
            ]
          ]
        ]
      }
    },
    {
      "type": "Feature",
      "properties": {
        "building_id": 349,
        "elevation_m": 13.6,
        "confidence_score": 0.96
      },
      "geometry": {
        "type": "Polygon",
        "coordinates": [
          [
            [
              86.926305,
              21.485539
            ],
            [
              86.926257,
              21.485638
            ],
            [
              86.926526,
              21.485769
            ],
            [
              86.926574,
              21.48567
            ],
            [
              86.926485,
              21.485627
            ],
            [
              86.926581,
              21.485429
            ],
            [
              86.926492,
              21.485385
            ],
            [
              86.926395,
              21.485583
            ],
            [
              86.926305,
              21.485539
            ]
          ]
        ]
      }
    },
    {
      "type": "Feature",
      "properties": {
        "building_id": 350,
        "elevation_m": 11.6,
        "confidence_score": 0.85
      },
      "geometry": {
        "type": "Polygon",
        "coordinates": [
          [
            [
              86.927756,
              21.485546
            ],
            [
              86.927843,
              21.485834
            ],
            [
              86.927446,
              21.485954
            ],
            [
              86.927359,
              21.485666
            ],
            [
              86.927756,
              21.485546
            ]
          ]
        ]
      }
    },
    {
      "type": "Feature",
      "properties": {
        "building_id": 351,
        "elevation_m": 7.0,
        "confidence_score": 0.87
      },
      "geometry": {
        "type": "Polygon",
        "coordinates": [
          [
            [
              86.927686,
              21.486119
            ],
            [
              86.927892,
              21.486286
            ],
            [
              86.927706,
              21.486516
            ],
            [
              86.9275,
              21.48635
            ],
            [
              86.927686,
              21.486119
            ]
          ]
        ]
      }
    },
    {
      "type": "Feature",
      "properties": {
        "building_id": 352,
        "elevation_m": 9.1,
        "confidence_score": 0.92
      },
      "geometry": {
        "type": "Polygon",
        "coordinates": [
          [
            [
              86.927851,
              21.486842
            ],
            [
              86.927355,
              21.486986
            ],
            [
              86.927426,
              21.487228
            ],
            [
              86.927673,
              21.487157
            ],
            [
              86.927743,
              21.4874
            ],
            [
              86.927991,
              21.487328
            ],
            [
              86.927851,
              21.486842
            ]
          ]
        ]
      }
    },
    {
      "type": "Feature",
      "properties": {
        "building_id": 353,
        "elevation_m": 14.2,
        "confidence_score": 0.97
      },
      "geometry": {
        "type": "Polygon",
        "coordinates": [
          [
            [
              86.929512,
              21.485761
            ],
            [
              86.929259,
              21.486326
            ],
            [
              86.928594,
              21.486028
            ],
            [
              86.928847,
              21.485463
            ],
            [
              86.929512,
              21.485761
            ]
          ]
        ]
      }
    },
    {
      "type": "Feature",
      "properties": {
        "building_id": 354,
        "elevation_m": 16.3,
        "confidence_score": 0.88
      },
      "geometry": {
        "type": "Polygon",
        "coordinates": [
          [
            [
              86.930677,
              21.483447
            ],
            [
              86.929975,
              21.483039
            ],
            [
              86.929814,
              21.483317
            ],
            [
              86.930164,
              21.483521
            ],
            [
              86.930003,
              21.483798
            ],
            [
              86.930354,
              21.484002
            ],
            [
              86.930677,
              21.483447
            ]
          ]
        ]
      }
    },
    {
      "type": "Feature",
      "properties": {
        "building_id": 355,
        "elevation_m": 4.1,
        "confidence_score": 0.9
      },
      "geometry": {
        "type": "Polygon",
        "coordinates": [
          [
            [
              86.931492,
              21.484609
            ],
            [
              86.930988,
              21.485142
            ],
            [
              86.930352,
              21.484541
            ],
            [
              86.930856,
              21.484008
            ],
            [
              86.931492,
              21.484609
            ]
          ]
        ]
      }
    },
    {
      "type": "Feature",
      "properties": {
        "building_id": 356,
        "elevation_m": 4.4,
        "confidence_score": 0.95
      },
      "geometry": {
        "type": "Polygon",
        "coordinates": [
          [
            [
              86.93023,
              21.485492
            ],
            [
              86.9307,
              21.48554
            ],
            [
              86.930635,
              21.486169
            ],
            [
              86.930165,
              21.48612
            ],
            [
              86.93023,
              21.485492
            ]
          ]
        ]
      }
    },
    {
      "type": "Feature",
      "properties": {
        "building_id": 357,
        "elevation_m": 13.2,
        "confidence_score": 0.98
      },
      "geometry": {
        "type": "Polygon",
        "coordinates": [
          [
            [
              86.930095,
              21.486468
            ],
            [
              86.930365,
              21.486584
            ],
            [
              86.930237,
              21.486882
            ],
            [
              86.929967,
              21.486767
            ],
            [
              86.930095,
              21.486468
            ]
          ]
        ]
      }
    },
    {
      "type": "Feature",
      "properties": {
        "building_id": 358,
        "elevation_m": 17.3,
        "confidence_score": 0.96
      },
      "geometry": {
        "type": "Polygon",
        "coordinates": [
          [
            [
              86.931849,
              21.487218
            ],
            [
              86.931497,
              21.486837
            ],
            [
              86.931302,
              21.487018
            ],
            [
              86.931478,
              21.487208
            ],
            [
              86.931283,
              21.487389
            ],
            [
              86.931459,
              21.487579
            ],
            [
              86.931849,
              21.487218
            ]
          ]
        ]
      }
    },
    {
      "type": "Feature",
      "properties": {
        "building_id": 359,
        "elevation_m": 4.4,
        "confidence_score": 0.95
      },
      "geometry": {
        "type": "Polygon",
        "coordinates": [
          [
            [
              86.931168,
              21.486953
            ],
            [
              86.930577,
              21.486817
            ],
            [
              86.930528,
              21.487031
            ],
            [
              86.930824,
              21.487099
            ],
            [
              86.930775,
              21.487313
            ],
            [
              86.93107,
              21.487381
            ],
            [
              86.931168,
              21.486953
            ]
          ]
        ]
      }
    },
    {
      "type": "Feature",
      "properties": {
        "building_id": 360,
        "elevation_m": 4.8,
        "confidence_score": 0.86
      },
      "geometry": {
        "type": "Polygon",
        "coordinates": [
          [
            [
              86.931979,
              21.488627
            ],
            [
              86.931859,
              21.488739
            ],
            [
              86.932209,
              21.489112
            ],
            [
              86.932329,
              21.489
            ],
            [
              86.932212,
              21.488876
            ],
            [
              86.932452,
              21.488651
            ],
            [
              86.932336,
              21.488527
            ],
            [
              86.932096,
              21.488751
            ],
            [
              86.931979,
              21.488627
            ]
          ]
        ]
      }
    },
    {
      "type": "Feature",
      "properties": {
        "building_id": 361,
        "elevation_m": 9.2,
        "confidence_score": 0.96
      },
      "geometry": {
        "type": "Polygon",
        "coordinates": [
          [
            [
              86.929941,
              21.487718
            ],
            [
              86.929798,
              21.487721
            ],
            [
              86.929808,
              21.488283
            ],
            [
              86.929951,
              21.488281
            ],
            [
              86.929948,
              21.488093
            ],
            [
              86.930235,
              21.488088
            ],
            [
              86.930231,
              21.487901
            ],
            [
              86.929945,
              21.487906
            ],
            [
              86.929941,
              21.487718
            ]
          ]
        ]
      }
    },
    {
      "type": "Feature",
      "properties": {
        "building_id": 362,
        "elevation_m": 6.6,
        "confidence_score": 0.85
      },
      "geometry": {
        "type": "Polygon",
        "coordinates": [
          [
            [
              86.928255,
              21.48482
            ],
            [
              86.927882,
              21.485075
            ],
            [
              86.927541,
              21.484578
            ],
            [
              86.927913,
              21.484322
            ],
            [
              86.928255,
              21.48482
            ]
          ]
        ]
      }
    },
    {
      "type": "Feature",
      "properties": {
        "building_id": 363,
        "elevation_m": 7.7,
        "confidence_score": 0.87
      },
      "geometry": {
        "type": "Polygon",
        "coordinates": [
          [
            [
              86.922871,
              21.480909
            ],
            [
              86.922822,
              21.481635
            ],
            [
              86.92231,
              21.4816
            ],
            [
              86.92236,
              21.480874
            ],
            [
              86.922871,
              21.480909
            ]
          ]
        ]
      }
    },
    {
      "type": "Feature",
      "properties": {
        "building_id": 364,
        "elevation_m": 5.8,
        "confidence_score": 0.89
      },
      "geometry": {
        "type": "Polygon",
        "coordinates": [
          [
            [
              86.924015,
              21.481777
            ],
            [
              86.923914,
              21.481708
            ],
            [
              86.92364,
              21.482107
            ],
            [
              86.923741,
              21.482177
            ],
            [
              86.923832,
              21.482043
            ],
            [
              86.924034,
              21.482182
            ],
            [
              86.924126,
              21.482049
            ],
            [
              86.923924,
              21.48191
            ],
            [
              86.924015,
              21.481777
            ]
          ]
        ]
      }
    },
    {
      "type": "Feature",
      "properties": {
        "building_id": 365,
        "elevation_m": 14.4,
        "confidence_score": 0.98
      },
      "geometry": {
        "type": "Polygon",
        "coordinates": [
          [
            [
              86.922175,
              21.480184
            ],
            [
              86.921744,
              21.480411
            ],
            [
              86.921554,
              21.480049
            ],
            [
              86.921985,
              21.479823
            ],
            [
              86.922175,
              21.480184
            ]
          ]
        ]
      }
    },
    {
      "type": "Feature",
      "properties": {
        "building_id": 366,
        "elevation_m": 13.0,
        "confidence_score": 0.93
      },
      "geometry": {
        "type": "Polygon",
        "coordinates": [
          [
            [
              86.923626,
              21.480069
            ],
            [
              86.923084,
              21.480423
            ],
            [
              86.922652,
              21.479761
            ],
            [
              86.923193,
              21.479407
            ],
            [
              86.923626,
              21.480069
            ]
          ]
        ]
      }
    },
    {
      "type": "Feature",
      "properties": {
        "building_id": 367,
        "elevation_m": 7.2,
        "confidence_score": 0.92
      },
      "geometry": {
        "type": "Polygon",
        "coordinates": [
          [
            [
              86.925641,
              21.479071
            ],
            [
              86.925569,
              21.479064
            ],
            [
              86.92542,
              21.478859
            ],
            [
              86.92535,
              21.47883
            ],
            [
              86.925489,
              21.478737
            ],
            [
              86.925771,
              21.478793
            ],
            [
              86.925764,
              21.478935
            ],
            [
              86.925641,
              21.479071
            ]
          ]
        ]
      }
    },
    {
      "type": "Feature",
      "properties": {
        "building_id": 368,
        "elevation_m": 11.2,
        "confidence_score": 0.98
      },
      "geometry": {
        "type": "Polygon",
        "coordinates": [
          [
            [
              86.926884,
              21.479002
            ],
            [
              86.92644,
              21.479318
            ],
            [
              86.926174,
              21.478946
            ],
            [
              86.926618,
              21.478629
            ],
            [
              86.926884,
              21.479002
            ]
          ]
        ]
      }
    },
    {
      "type": "Feature",
      "properties": {
        "building_id": 369,
        "elevation_m": 17.0,
        "confidence_score": 0.97
      },
      "geometry": {
        "type": "Polygon",
        "coordinates": [
          [
            [
              86.925534,
              21.476775
            ],
            [
              86.924834,
              21.476996
            ],
            [
              86.924919,
              21.477267
            ],
            [
              86.92527,
              21.477157
            ],
            [
              86.925355,
              21.477429
            ],
            [
              86.925705,
              21.477318
            ],
            [
              86.925534,
              21.476775
            ]
          ]
        ]
      }
    },
    {
      "type": "Feature",
      "properties": {
        "building_id": 370,
        "elevation_m": 15.8,
        "confidence_score": 0.96
      },
      "geometry": {
        "type": "Polygon",
        "coordinates": [
          [
            [
              86.926215,
              21.478356
            ],
            [
              86.926416,
              21.477983
            ],
            [
              86.926616,
              21.478007
            ],
            [
              86.926606,
              21.478018
            ],
            [
              86.926796,
              21.478171
            ],
            [
              86.926368,
              21.478348
            ],
            [
              86.926215,
              21.478356
            ]
          ]
        ]
      }
    },
    {
      "type": "Feature",
      "properties": {
        "building_id": 371,
        "elevation_m": 7.8,
        "confidence_score": 0.89
      },
      "geometry": {
        "type": "Polygon",
        "coordinates": [
          [
            [
              86.929013,
              21.478474
            ],
            [
              86.929114,
              21.478316
            ],
            [
              86.928876,
              21.478297
            ],
            [
              86.928905,
              21.478434
            ],
            [
              86.928987,
              21.478445
            ],
            [
              86.929013,
              21.478474
            ]
          ]
        ]
      }
    },
    {
      "type": "Feature",
      "properties": {
        "building_id": 372,
        "elevation_m": 6.7,
        "confidence_score": 0.86
      },
      "geometry": {
        "type": "Polygon",
        "coordinates": [
          [
            [
              86.930002,
              21.476446
            ],
            [
              86.929732,
              21.476025
            ],
            [
              86.929485,
              21.476183
            ],
            [
              86.92962,
              21.476394
            ],
            [
              86.929372,
              21.476553
            ],
            [
              86.929507,
              21.476764
            ],
            [
              86.930002,
              21.476446
            ]
          ]
        ]
      }
    },
    {
      "type": "Feature",
      "properties": {
        "building_id": 373,
        "elevation_m": 9.6,
        "confidence_score": 0.91
      },
      "geometry": {
        "type": "Polygon",
        "coordinates": [
          [
            [
              86.928095,
              21.477324
            ],
            [
              86.928057,
              21.477182
            ],
            [
              86.927516,
              21.477326
            ],
            [
              86.927555,
              21.477469
            ],
            [
              86.927735,
              21.477421
            ],
            [
              86.927811,
              21.477706
            ],
            [
              86.927991,
              21.477658
            ],
            [
              86.927915,
              21.477372
            ],
            [
              86.928095,
              21.477324
            ]
          ]
        ]
      }
    },
    {
      "type": "Feature",
      "properties": {
        "building_id": 374,
        "elevation_m": 17.0,
        "confidence_score": 0.87
      },
      "geometry": {
        "type": "Polygon",
        "coordinates": [
          [
            [
              86.928224,
              21.478044
            ],
            [
              86.927767,
              21.478529
            ],
            [
              86.927966,
              21.478716
            ],
            [
              86.928194,
              21.478473
            ],
            [
              86.928393,
              21.47866
            ],
            [
              86.928621,
              21.478418
            ],
            [
              86.928224,
              21.478044
            ]
          ]
        ]
      }
    },
    {
      "type": "Feature",
      "properties": {
        "building_id": 375,
        "elevation_m": 10.4,
        "confidence_score": 0.9
      },
      "geometry": {
        "type": "Polygon",
        "coordinates": [
          [
            [
              86.913403,
              21.491523
            ],
            [
              86.913547,
              21.491773
            ],
            [
              86.913297,
              21.491917
            ],
            [
              86.913153,
              21.491667
            ],
            [
              86.913403,
              21.491523
            ]
          ]
        ]
      }
    },
    {
      "type": "Feature",
      "properties": {
        "building_id": 376,
        "elevation_m": 4.0,
        "confidence_score": 0.87
      },
      "geometry": {
        "type": "Polygon",
        "coordinates": [
          [
            [
              86.913256,
              21.490333
            ],
            [
              86.913137,
              21.490423
            ],
            [
              86.913114,
              21.490335
            ],
            [
              86.912835,
              21.490291
            ],
            [
              86.912879,
              21.490235
            ],
            [
              86.913084,
              21.489787
            ],
            [
              86.913477,
              21.490115
            ],
            [
              86.913256,
              21.490333
            ]
          ]
        ]
      }
    },
    {
      "type": "Feature",
      "properties": {
        "building_id": 377,
        "elevation_m": 10.2,
        "confidence_score": 0.85
      },
      "geometry": {
        "type": "Polygon",
        "coordinates": [
          [
            [
              86.911512,
              21.488891
            ],
            [
              86.911319,
              21.48878
            ],
            [
              86.911077,
              21.489201
            ],
            [
              86.91127,
              21.489312
            ],
            [
              86.911351,
              21.489172
            ],
            [
              86.911736,
              21.489393
            ],
            [
              86.911817,
              21.489253
            ],
            [
              86.911431,
              21.489031
            ],
            [
              86.911512,
              21.488891
            ]
          ]
        ]
      }
    },
    {
      "type": "Feature",
      "properties": {
        "building_id": 378,
        "elevation_m": 8.2,
        "confidence_score": 0.88
      },
      "geometry": {
        "type": "Polygon",
        "coordinates": [
          [
            [
              86.910561,
              21.489218
            ],
            [
              86.910468,
              21.489158
            ],
            [
              86.910218,
              21.489551
            ],
            [
              86.910311,
              21.489611
            ],
            [
              86.910394,
              21.48948
            ],
            [
              86.910581,
              21.489598
            ],
            [
              86.910664,
              21.489467
            ],
            [
              86.910478,
              21.489349
            ],
            [
              86.910561,
              21.489218
            ]
          ]
        ]
      }
    },
    {
      "type": "Feature",
      "properties": {
        "building_id": 379,
        "elevation_m": 9.3,
        "confidence_score": 0.85
      },
      "geometry": {
        "type": "Polygon",
        "coordinates": [
          [
            [
              86.912478,
              21.487353
            ],
            [
              86.912502,
              21.487924
            ],
            [
              86.912,
              21.487945
            ],
            [
              86.911975,
              21.487374
            ],
            [
              86.912478,
              21.487353
            ]
          ]
        ]
      }
    },
    {
      "type": "Feature",
      "properties": {
        "building_id": 380,
        "elevation_m": 9.2,
        "confidence_score": 0.85
      },
      "geometry": {
        "type": "Polygon",
        "coordinates": [
          [
            [
              86.911086,
              21.487184
            ],
            [
              86.91108,
              21.486847
            ],
            [
              86.910882,
              21.486851
            ],
            [
              86.910885,
              21.487019
            ],
            [
              86.910688,
              21.487023
            ],
            [
              86.910691,
              21.487192
            ],
            [
              86.911086,
              21.487184
            ]
          ]
        ]
      }
    },
    {
      "type": "Feature",
      "properties": {
        "building_id": 381,
        "elevation_m": 11.9,
        "confidence_score": 0.97
      },
      "geometry": {
        "type": "Polygon",
        "coordinates": [
          [
            [
              86.916381,
              21.493558
            ],
            [
              86.916148,
              21.494113
            ],
            [
              86.915653,
              21.493904
            ],
            [
              86.915886,
              21.493349
            ],
            [
              86.916381,
              21.493558
            ]
          ]
        ]
      }
    },
    {
      "type": "Feature",
      "properties": {
        "building_id": 382,
        "elevation_m": 7.2,
        "confidence_score": 0.96
      },
      "geometry": {
        "type": "Polygon",
        "coordinates": [
          [
            [
              86.915829,
              21.493228
            ],
            [
              86.915764,
              21.492994
            ],
            [
              86.915952,
              21.492911
            ],
            [
              86.916098,
              21.49313
            ],
            [
              86.916088,
              21.49313
            ],
            [
              86.916053,
              21.493162
            ],
            [
              86.915829,
              21.493228
            ]
          ]
        ]
      }
    },
    {
      "type": "Feature",
      "properties": {
        "building_id": 383,
        "elevation_m": 15.1,
        "confidence_score": 0.87
      },
      "geometry": {
        "type": "Polygon",
        "coordinates": [
          [
            [
              86.915254,
              21.493265
            ],
            [
              86.915179,
              21.493222
            ],
            [
              86.91508,
              21.493395
            ],
            [
              86.915155,
              21.493438
            ],
            [
              86.915188,
              21.49338
            ],
            [
              86.915338,
              21.493466
            ],
            [
              86.915371,
              21.493408
            ],
            [
              86.915221,
              21.493323
            ],
            [
              86.915254,
              21.493265
            ]
          ]
        ]
      }
    },
    {
      "type": "Feature",
      "properties": {
        "building_id": 384,
        "elevation_m": 9.6,
        "confidence_score": 0.9
      },
      "geometry": {
        "type": "Polygon",
        "coordinates": [
          [
            [
              86.915795,
              21.492426
            ],
            [
              86.91573,
              21.492385
            ],
            [
              86.915591,
              21.492608
            ],
            [
              86.915655,
              21.492648
            ],
            [
              86.915702,
              21.492574
            ],
            [
              86.915831,
              21.492656
            ],
            [
              86.915878,
              21.492582
            ],
            [
              86.915748,
              21.4925
            ],
            [
              86.915795,
              21.492426
            ]
          ]
        ]
      }
    },
    {
      "type": "Feature",
      "properties": {
        "building_id": 385,
        "elevation_m": 8.4,
        "confidence_score": 0.86
      },
      "geometry": {
        "type": "Polygon",
        "coordinates": [
          [
            [
              86.91599,
              21.488926
            ],
            [
              86.915845,
              21.488901
            ],
            [
              86.915751,
              21.489448
            ],
            [
              86.915896,
              21.489473
            ],
            [
              86.915927,
              21.489291
            ],
            [
              86.916217,
              21.489341
            ],
            [
              86.916249,
              21.489158
            ],
            [
              86.915959,
              21.489109
            ],
            [
              86.91599,
              21.488926
            ]
          ]
        ]
      }
    },
    {
      "type": "Feature",
      "properties": {
        "building_id": 386,
        "elevation_m": 13.7,
        "confidence_score": 0.91
      },
      "geometry": {
        "type": "Polygon",
        "coordinates": [
          [
            [
              86.916697,
              21.490117
            ],
            [
              86.916342,
              21.490154
            ],
            [
              86.916275,
              21.489968
            ],
            [
              86.916323,
              21.489982
            ],
            [
              86.91674,
              21.489973
            ],
            [
              86.916643,
              21.490007
            ],
            [
              86.916697,
              21.490117
            ]
          ]
        ]
      }
    },
    {
      "type": "Feature",
      "properties": {
        "building_id": 387,
        "elevation_m": 5.8,
        "confidence_score": 0.93
      },
      "geometry": {
        "type": "Polygon",
        "coordinates": [
          [
            [
              86.921238,
              21.487291
            ],
            [
              86.921093,
              21.486971
            ],
            [
              86.920958,
              21.487032
            ],
            [
              86.921031,
              21.487192
            ],
            [
              86.920896,
              21.487253
            ],
            [
              86.920968,
              21.487413
            ],
            [
              86.921238,
              21.487291
            ]
          ]
        ]
      }
    },
    {
      "type": "Feature",
      "properties": {
        "building_id": 388,
        "elevation_m": 14.4,
        "confidence_score": 0.97
      },
      "geometry": {
        "type": "Polygon",
        "coordinates": [
          [
            [
              86.921714,
              21.48614
            ],
            [
              86.921573,
              21.48608
            ],
            [
              86.921352,
              21.4866
            ],
            [
              86.921492,
              21.48666
            ],
            [
              86.921566,
              21.486487
            ],
            [
              86.921846,
              21.486606
            ],
            [
              86.92192,
              21.486433
            ],
            [
              86.92164,
              21.486313
            ],
            [
              86.921714,
              21.48614
            ]
          ]
        ]
      }
    },
    {
      "type": "Feature",
      "properties": {
        "building_id": 389,
        "elevation_m": 9.7,
        "confidence_score": 0.97
      },
      "geometry": {
        "type": "Polygon",
        "coordinates": [
          [
            [
              86.926144,
              21.469022
            ],
            [
              86.925345,
              21.469007
            ],
            [
              86.925335,
              21.469564
            ],
            [
              86.925734,
              21.469571
            ],
            [
              86.925724,
              21.470127
            ],
            [
              86.926123,
              21.470135
            ],
            [
              86.926144,
              21.469022
            ]
          ]
        ]
      }
    },
    {
      "type": "Feature",
      "properties": {
        "building_id": 390,
        "elevation_m": 6.7,
        "confidence_score": 0.96
      },
      "geometry": {
        "type": "Polygon",
        "coordinates": [
          [
            [
              86.925692,
              21.472353
            ],
            [
              86.925515,
              21.47274
            ],
            [
              86.925127,
              21.472563
            ],
            [
              86.925304,
              21.472176
            ],
            [
              86.925692,
              21.472353
            ]
          ]
        ]
      }
    },
    {
      "type": "Feature",
      "properties": {
        "building_id": 391,
        "elevation_m": 10.7,
        "confidence_score": 0.96
      },
      "geometry": {
        "type": "Polygon",
        "coordinates": [
          [
            [
              86.924644,
              21.472362
            ],
            [
              86.924135,
              21.472733
            ],
            [
              86.923775,
              21.472239
            ],
            [
              86.924284,
              21.471869
            ],
            [
              86.924644,
              21.472362
            ]
          ]
        ]
      }
    },
    {
      "type": "Feature",
      "properties": {
        "building_id": 392,
        "elevation_m": 14.5,
        "confidence_score": 0.89
      },
      "geometry": {
        "type": "Polygon",
        "coordinates": [
          [
            [
              86.926697,
              21.471966
            ],
            [
              86.926739,
              21.472387
            ],
            [
              86.926161,
              21.472446
            ],
            [
              86.926118,
              21.472025
            ],
            [
              86.926697,
              21.471966
            ]
          ]
        ]
      }
    },
    {
      "type": "Feature",
      "properties": {
        "building_id": 393,
        "elevation_m": 10.7,
        "confidence_score": 0.96
      },
      "geometry": {
        "type": "Polygon",
        "coordinates": [
          [
            [
              86.925931,
              21.473903
            ],
            [
              86.925314,
              21.473779
            ],
            [
              86.925261,
              21.474045
            ],
            [
              86.925569,
              21.474107
            ],
            [
              86.925516,
              21.474373
            ],
            [
              86.925824,
              21.474435
            ],
            [
              86.925931,
              21.473903
            ]
          ]
        ]
      }
    },
    {
      "type": "Feature",
      "properties": {
        "building_id": 394,
        "elevation_m": 11.4,
        "confidence_score": 0.94
      },
      "geometry": {
        "type": "Polygon",
        "coordinates": [
          [
            [
              86.92477,
              21.473607
            ],
            [
              86.924496,
              21.473964
            ],
            [
              86.924201,
              21.473737
            ],
            [
              86.924475,
              21.473381
            ],
            [
              86.92477,
              21.473607
            ]
          ]
        ]
      }
    },
    {
      "type": "Feature",
      "properties": {
        "building_id": 395,
        "elevation_m": 11.2,
        "confidence_score": 0.94
      },
      "geometry": {
        "type": "Polygon",
        "coordinates": [
          [
            [
              86.922697,
              21.469608
            ],
            [
              86.922376,
              21.469424
            ],
            [
              86.92227,
              21.469611
            ],
            [
              86.92243,
              21.469703
            ],
            [
              86.922324,
              21.469889
            ],
            [
              86.922484,
              21.469981
            ],
            [
              86.922697,
              21.469608
            ]
          ]
        ]
      }
    },
    {
      "type": "Feature",
      "properties": {
        "building_id": 396,
        "elevation_m": 5.7,
        "confidence_score": 0.96
      },
      "geometry": {
        "type": "Polygon",
        "coordinates": [
          [
            [
              86.92288,
              21.470444
            ],
            [
              86.922776,
              21.470727
            ],
            [
              86.922564,
              21.47065
            ],
            [
              86.922668,
              21.470366
            ],
            [
              86.92288,
              21.470444
            ]
          ]
        ]
      }
    },
    {
      "type": "Feature",
      "properties": {
        "building_id": 397,
        "elevation_m": 11.1,
        "confidence_score": 0.94
      },
      "geometry": {
        "type": "Polygon",
        "coordinates": [
          [
            [
              86.920853,
              21.47023
            ],
            [
              86.921383,
              21.470604
            ],
            [
              86.920975,
              21.471182
            ],
            [
              86.920445,
              21.470808
            ],
            [
              86.920853,
              21.47023
            ]
          ]
        ]
      }
    },
    {
      "type": "Feature",
      "properties": {
        "building_id": 398,
        "elevation_m": 9.9,
        "confidence_score": 0.92
      },
      "geometry": {
        "type": "Polygon",
        "coordinates": [
          [
            [
              86.919619,
              21.469408
            ],
            [
              86.919007,
              21.469697
            ],
            [
              86.919116,
              21.469928
            ],
            [
              86.919422,
              21.469783
            ],
            [
              86.919531,
              21.470014
            ],
            [
              86.919837,
              21.469869
            ],
            [
              86.919619,
              21.469408
            ]
          ]
        ]
      }
    },
    {
      "type": "Feature",
      "properties": {
        "building_id": 399,
        "elevation_m": 15.6,
        "confidence_score": 0.91
      },
      "geometry": {
        "type": "Polygon",
        "coordinates": [
          [
            [
              86.918488,
              21.47112
            ],
            [
              86.917974,
              21.471374
            ],
            [
              86.917636,
              21.470692
            ],
            [
              86.918149,
              21.470437
            ],
            [
              86.918488,
              21.47112
            ]
          ]
        ]
      }
    },
    {
      "type": "Feature",
      "properties": {
        "building_id": 400,
        "elevation_m": 17.6,
        "confidence_score": 0.97
      },
      "geometry": {
        "type": "Polygon",
        "coordinates": [
          [
            [
              86.919586,
              21.470707
            ],
            [
              86.919885,
              21.47096
            ],
            [
              86.919649,
              21.471238
            ],
            [
              86.91935,
              21.470985
            ],
            [
              86.919586,
              21.470707
            ]
          ]
        ]
      }
    },
    {
      "type": "Feature",
      "properties": {
        "building_id": 401,
        "elevation_m": 15.7,
        "confidence_score": 0.92
      },
      "geometry": {
        "type": "Polygon",
        "coordinates": [
          [
            [
              86.919253,
              21.471817
            ],
            [
              86.919375,
              21.47129
            ],
            [
              86.919546,
              21.471451
            ],
            [
              86.919412,
              21.471785
            ],
            [
              86.919314,
              21.471904
            ],
            [
              86.919253,
              21.471817
            ]
          ]
        ]
      }
    },
    {
      "type": "Feature",
      "properties": {
        "building_id": 402,
        "elevation_m": 5.5,
        "confidence_score": 0.91
      },
      "geometry": {
        "type": "Polygon",
        "coordinates": [
          [
            [
              86.915272,
              21.475703
            ],
            [
              86.914871,
              21.475364
            ],
            [
              86.914657,
              21.475618
            ],
            [
              86.914857,
              21.475787
            ],
            [
              86.914643,
              21.476041
            ],
            [
              86.914843,
              21.476211
            ],
            [
              86.915272,
              21.475703
            ]
          ]
        ]
      }
    },
    {
      "type": "Feature",
      "properties": {
        "building_id": 403,
        "elevation_m": 12.0,
        "confidence_score": 0.86
      },
      "geometry": {
        "type": "Polygon",
        "coordinates": [
          [
            [
              86.915781,
              21.474625
            ],
            [
              86.915617,
              21.474473
            ],
            [
              86.91523,
              21.474891
            ],
            [
              86.915394,
              21.475043
            ],
            [
              86.915523,
              21.474904
            ],
            [
              86.915851,
              21.475208
            ],
            [
              86.91598,
              21.475068
            ],
            [
              86.915652,
              21.474764
            ],
            [
              86.915781,
              21.474625
            ]
          ]
        ]
      }
    },
    {
      "type": "Feature",
      "properties": {
        "building_id": 404,
        "elevation_m": 12.7,
        "confidence_score": 0.97
      },
      "geometry": {
        "type": "Polygon",
        "coordinates": [
          [
            [
              86.916727,
              21.476425
            ],
            [
              86.916634,
              21.476404
            ],
            [
              86.916588,
              21.476369
            ],
            [
              86.916588,
              21.476276
            ],
            [
              86.916739,
              21.476258
            ],
            [
              86.916727,
              21.476425
            ]
          ]
        ]
      }
    },
    {
      "type": "Feature",
      "properties": {
        "building_id": 405,
        "elevation_m": 16.5,
        "confidence_score": 0.91
      },
      "geometry": {
        "type": "Polygon",
        "coordinates": [
          [
            [
              86.917057,
              21.473735
            ],
            [
              86.916985,
              21.473522
            ],
            [
              86.916481,
              21.47369
            ],
            [
              86.916552,
              21.473904
            ],
            [
              86.91672,
              21.473847
            ],
            [
              86.916862,
              21.474275
            ],
            [
              86.917031,
              21.474219
            ],
            [
              86.916888,
              21.473791
            ],
            [
              86.917057,
              21.473735
            ]
          ]
        ]
      }
    },
    {
      "type": "Feature",
      "properties": {
        "building_id": 406,
        "elevation_m": 8.1,
        "confidence_score": 0.88
      },
      "geometry": {
        "type": "Polygon",
        "coordinates": [
          [
            [
              86.917572,
              21.480563
            ],
            [
              86.917253,
              21.480435
            ],
            [
              86.917199,
              21.480569
            ],
            [
              86.917359,
              21.480633
            ],
            [
              86.917305,
              21.480767
            ],
            [
              86.917464,
              21.480831
            ],
            [
              86.917572,
              21.480563
            ]
          ]
        ]
      }
    },
    {
      "type": "Feature",
      "properties": {
        "building_id": 407,
        "elevation_m": 17.8,
        "confidence_score": 0.85
      },
      "geometry": {
        "type": "Polygon",
        "coordinates": [
          [
            [
              86.917204,
              21.479273
            ],
            [
              86.917115,
              21.479176
            ],
            [
              86.916826,
              21.47944
            ],
            [
              86.916915,
              21.479538
            ],
            [
              86.917011,
              21.479449
            ],
            [
              86.917189,
              21.479644
            ],
            [
              86.917286,
              21.479556
            ],
            [
              86.917108,
              21.479361
            ],
            [
              86.917204,
              21.479273
            ]
          ]
        ]
      }
    },
    {
      "type": "Feature",
      "properties": {
        "building_id": 408,
        "elevation_m": 9.5,
        "confidence_score": 0.94
      },
      "geometry": {
        "type": "Polygon",
        "coordinates": [
          [
            [
              86.917779,
              21.479482
            ],
            [
              86.918028,
              21.479694
            ],
            [
              86.917814,
              21.479945
            ],
            [
              86.917565,
              21.479733
            ],
            [
              86.917779,
              21.479482
            ]
          ]
        ]
      }
    },
    {
      "type": "Feature",
      "properties": {
        "building_id": 409,
        "elevation_m": 7.5,
        "confidence_score": 0.97
      },
      "geometry": {
        "type": "Polygon",
        "coordinates": [
          [
            [
              86.917827,
              21.478917
            ],
            [
              86.91794,
              21.478782
            ],
            [
              86.918088,
              21.479011
            ],
            [
              86.917999,
              21.479065
            ],
            [
              86.91795,
              21.47908
            ],
            [
              86.917875,
              21.47902
            ],
            [
              86.917825,
              21.478996
            ],
            [
              86.917827,
              21.478917
            ]
          ]
        ]
      }
    },
    {
      "type": "Feature",
      "properties": {
        "building_id": 410,
        "elevation_m": 13.5,
        "confidence_score": 0.95
      },
      "geometry": {
        "type": "Polygon",
        "coordinates": [
          [
            [
              86.918776,
              21.478893
            ],
            [
              86.919129,
              21.479247
            ],
            [
              86.918815,
              21.479559
            ],
            [
              86.918463,
              21.479206
            ],
            [
              86.918776,
              21.478893
            ]
          ]
        ]
      }
    },
    {
      "type": "Feature",
      "properties": {
        "building_id": 411,
        "elevation_m": 12.1,
        "confidence_score": 0.9
      },
      "geometry": {
        "type": "Polygon",
        "coordinates": [
          [
            [
              86.933382,
              21.49193
            ],
            [
              86.933166,
              21.492396
            ],
            [
              86.932723,
              21.492191
            ],
            [
              86.932938,
              21.491725
            ],
            [
              86.933382,
              21.49193
            ]
          ]
        ]
      }
    },
    {
      "type": "Feature",
      "properties": {
        "building_id": 412,
        "elevation_m": 9.1,
        "confidence_score": 0.94
      },
      "geometry": {
        "type": "Polygon",
        "coordinates": [
          [
            [
              86.932949,
              21.491039
            ],
            [
              86.933245,
              21.49107
            ],
            [
              86.932962,
              21.490956
            ],
            [
              86.932949,
              21.491039
            ]
          ]
        ]
      }
    },
    {
      "type": "Feature",
      "properties": {
        "building_id": 413,
        "elevation_m": 12.8,
        "confidence_score": 0.96
      },
      "geometry": {
        "type": "Polygon",
        "coordinates": [
          [
            [
              86.932267,
              21.491393
            ],
            [
              86.932099,
              21.491401
            ],
            [
              86.932071,
              21.491129
            ],
            [
              86.932227,
              21.491167
            ],
            [
              86.932344,
              21.491142
            ],
            [
              86.932267,
              21.491393
            ]
          ]
        ]
      }
    },
    {
      "type": "Feature",
      "properties": {
        "building_id": 414,
        "elevation_m": 17.6,
        "confidence_score": 0.88
      },
      "geometry": {
        "type": "Polygon",
        "coordinates": [
          [
            [
              86.932719,
              21.489998
            ],
            [
              86.932693,
              21.490102
            ],
            [
              86.933105,
              21.490204
            ],
            [
              86.933131,
              21.4901
            ],
            [
              86.932994,
              21.490066
            ],
            [
              86.933045,
              21.489859
            ],
            [
              86.932908,
              21.489825
            ],
            [
              86.932856,
              21.490032
            ],
            [
              86.932719,
              21.489998
            ]
          ]
        ]
      }
    },
    {
      "type": "Feature",
      "properties": {
        "building_id": 415,
        "elevation_m": 12.3,
        "confidence_score": 0.97
      },
      "geometry": {
        "type": "Polygon",
        "coordinates": [
          [
            [
              86.933853,
              21.490393
            ],
            [
              86.934181,
              21.490623
            ],
            [
              86.933968,
              21.490926
            ],
            [
              86.93364,
              21.490695
            ],
            [
              86.933853,
              21.490393
            ]
          ]
        ]
      }
    },
    {
      "type": "Feature",
      "properties": {
        "building_id": 416,
        "elevation_m": 12.1,
        "confidence_score": 0.86
      },
      "geometry": {
        "type": "Polygon",
        "coordinates": [
          [
            [
              86.93166,
              21.49003
            ],
            [
              86.931619,
              21.49019
            ],
            [
              86.932106,
              21.490315
            ],
            [
              86.932147,
              21.490154
            ],
            [
              86.931985,
              21.490113
            ],
            [
              86.932067,
              21.489793
            ],
            [
              86.931904,
              21.489751
            ],
            [
              86.931823,
              21.490072
            ],
            [
              86.93166,
              21.49003
            ]
          ]
        ]
      }
    },
    {
      "type": "Feature",
      "properties": {
        "building_id": 417,
        "elevation_m": 13.7,
        "confidence_score": 0.93
      },
      "geometry": {
        "type": "Polygon",
        "coordinates": [
          [
            [
              86.931324,
              21.491028
            ],
            [
              86.931105,
              21.490894
            ],
            [
              86.930804,
              21.491388
            ],
            [
              86.931024,
              21.491521
            ],
            [
              86.931124,
              21.491357
            ],
            [
              86.931563,
              21.491624
            ],
            [
              86.931663,
              21.49146
            ],
            [
              86.931224,
              21.491193
            ],
            [
              86.931324,
              21.491028
            ]
          ]
        ]
      }
    },
    {
      "type": "Feature",
      "properties": {
        "building_id": 418,
        "elevation_m": 7.8,
        "confidence_score": 0.92
      },
      "geometry": {
        "type": "Polygon",
        "coordinates": [
          [
            [
              86.931926,
              21.492531
            ],
            [
              86.931883,
              21.492637
            ],
            [
              86.93233,
              21.492815
            ],
            [
              86.932372,
              21.492709
            ],
            [
              86.932223,
              21.49265
            ],
            [
              86.932307,
              21.492438
            ],
            [
              86.932159,
              21.492379
            ],
            [
              86.932074,
              21.49259
            ],
            [
              86.931926,
              21.492531
            ]
          ]
        ]
      }
    },
    {
      "type": "Feature",
      "properties": {
        "building_id": 419,
        "elevation_m": 14.3,
        "confidence_score": 0.87
      },
      "geometry": {
        "type": "Polygon",
        "coordinates": [
          [
            [
              86.934124,
              21.489184
            ],
            [
              86.934042,
              21.489634
            ],
            [
              86.933601,
              21.489554
            ],
            [
              86.933682,
              21.489105
            ],
            [
              86.934124,
              21.489184
            ]
          ]
        ]
      }
    },
    {
      "type": "Feature",
      "properties": {
        "building_id": 420,
        "elevation_m": 15.0,
        "confidence_score": 0.94
      },
      "geometry": {
        "type": "Polygon",
        "coordinates": [
          [
            [
              86.935313,
              21.490285
            ],
            [
              86.935398,
              21.490702
            ],
            [
              86.934889,
              21.490806
            ],
            [
              86.934804,
              21.490389
            ],
            [
              86.935313,
              21.490285
            ]
          ]
        ]
      }
    },
    {
      "type": "Feature",
      "properties": {
        "building_id": 421,
        "elevation_m": 14.7,
        "confidence_score": 0.98
      },
      "geometry": {
        "type": "Polygon",
        "coordinates": [
          [
            [
              86.934336,
              21.489932
            ],
            [
              86.934464,
              21.489758
            ],
            [
              86.934701,
              21.489833
            ],
            [
              86.93467,
              21.489944
            ],
            [
              86.934422,
              21.490064
            ],
            [
              86.934336,
              21.489932
            ]
          ]
        ]
      }
    },
    {
      "type": "Feature",
      "properties": {
        "building_id": 422,
        "elevation_m": 17.7,
        "confidence_score": 0.91
      },
      "geometry": {
        "type": "Polygon",
        "coordinates": [
          [
            [
              86.936722,
              21.493663
            ],
            [
              86.936669,
              21.493627
            ],
            [
              86.936662,
              21.493601
            ],
            [
              86.936615,
              21.493611
            ],
            [
              86.936751,
              21.493429
            ],
            [
              86.936873,
              21.493637
            ],
            [
              86.936722,
              21.493663
            ]
          ]
        ]
      }
    },
    {
      "type": "Feature",
      "properties": {
        "building_id": 423,
        "elevation_m": 9.1,
        "confidence_score": 0.86
      },
      "geometry": {
        "type": "Polygon",
        "coordinates": [
          [
            [
              86.936343,
              21.492038
            ],
            [
              86.936212,
              21.49238
            ],
            [
              86.936353,
              21.492434
            ],
            [
              86.936418,
              21.492263
            ],
            [
              86.936559,
              21.492317
            ],
            [
              86.936625,
              21.492146
            ],
            [
              86.936343,
              21.492038
            ]
          ]
        ]
      }
    },
    {
      "type": "Feature",
      "properties": {
        "building_id": 424,
        "elevation_m": 17.5,
        "confidence_score": 0.95
      },
      "geometry": {
        "type": "Polygon",
        "coordinates": [
          [
            [
              86.939742,
              21.48832
            ],
            [
              86.938731,
              21.488535
            ],
            [
              86.938811,
              21.48891
            ],
            [
              86.939316,
              21.488802
            ],
            [
              86.939396,
              21.489177
            ],
            [
              86.939901,
              21.48907
            ],
            [
              86.939742,
              21.48832
            ]
          ]
        ]
      }
    },
    {
      "type": "Feature",
      "properties": {
        "building_id": 425,
        "elevation_m": 11.0,
        "confidence_score": 0.87
      },
      "geometry": {
        "type": "Polygon",
        "coordinates": [
          [
            [
              86.938657,
              21.489557
            ],
            [
              86.938714,
              21.490168
            ],
            [
              86.938203,
              21.490217
            ],
            [
              86.938145,
              21.489605
            ],
            [
              86.938657,
              21.489557
            ]
          ]
        ]
      }
    },
    {
      "type": "Feature",
      "properties": {
        "building_id": 426,
        "elevation_m": 13.1,
        "confidence_score": 0.88
      },
      "geometry": {
        "type": "Polygon",
        "coordinates": [
          [
            [
              86.937881,
              21.491839
            ],
            [
              86.937718,
              21.491778
            ],
            [
              86.937564,
              21.492193
            ],
            [
              86.937727,
              21.492254
            ],
            [
              86.937778,
              21.492115
            ],
            [
              86.938105,
              21.492237
            ],
            [
              86.938156,
              21.492099
            ],
            [
              86.93783,
              21.491977
            ],
            [
              86.937881,
              21.491839
            ]
          ]
        ]
      }
    },
    {
      "type": "Feature",
      "properties": {
        "building_id": 427,
        "elevation_m": 8.3,
        "confidence_score": 0.88
      },
      "geometry": {
        "type": "Polygon",
        "coordinates": [
          [
            [
              86.936492,
              21.488822
            ],
            [
              86.936416,
              21.489379
            ],
            [
              86.935792,
              21.489294
            ],
            [
              86.935869,
              21.488736
            ],
            [
              86.936492,
              21.488822
            ]
          ]
        ]
      }
    },
    {
      "type": "Feature",
      "properties": {
        "building_id": 428,
        "elevation_m": 16.2,
        "confidence_score": 0.96
      },
      "geometry": {
        "type": "Polygon",
        "coordinates": [
          [
            [
              86.937551,
              21.489411
            ],
            [
              86.937394,
              21.489006
            ],
            [
              86.937138,
              21.489106
            ],
            [
              86.937217,
              21.489308
            ],
            [
              86.936961,
              21.489407
            ],
            [
              86.937039,
              21.489609
            ],
            [
              86.937551,
              21.489411
            ]
          ]
        ]
      }
    },
    {
      "type": "Feature",
      "properties": {
        "building_id": 429,
        "elevation_m": 9.7,
        "confidence_score": 0.91
      },
      "geometry": {
        "type": "Polygon",
        "coordinates": [
          [
            [
              86.935287,
              21.4883
            ],
            [
              86.935622,
              21.488819
            ],
            [
              86.935164,
              21.489114
            ],
            [
              86.934829,
              21.488596
            ],
            [
              86.935287,
              21.4883
            ]
          ]
        ]
      }
    },
    {
      "type": "Feature",
      "properties": {
        "building_id": 430,
        "elevation_m": 13.1,
        "confidence_score": 0.97
      },
      "geometry": {
        "type": "Polygon",
        "coordinates": [
          [
            [
              86.908918,
              21.479652
            ],
            [
              86.909376,
              21.479999
            ],
            [
              86.909093,
              21.480373
            ],
            [
              86.908634,
              21.480026
            ],
            [
              86.908918,
              21.479652
            ]
          ]
        ]
      }
    },
    {
      "type": "Feature",
      "properties": {
        "building_id": 431,
        "elevation_m": 13.2,
        "confidence_score": 0.94
      },
      "geometry": {
        "type": "Polygon",
        "coordinates": [
          [
            [
              86.909751,
              21.478915
            ],
            [
              86.909652,
              21.479012
            ],
            [
              86.909498,
              21.478938
            ],
            [
              86.909531,
              21.478821
            ],
            [
              86.909605,
              21.478715
            ],
            [
              86.909721,
              21.478721
            ],
            [
              86.909735,
              21.478866
            ],
            [
              86.909751,
              21.478915
            ]
          ]
        ]
      }
    },
    {
      "type": "Feature",
      "properties": {
        "building_id": 432,
        "elevation_m": 12.1,
        "confidence_score": 0.91
      },
      "geometry": {
        "type": "Polygon",
        "coordinates": [
          [
            [
              86.90987,
              21.479605
            ],
            [
              86.909966,
              21.479472
            ],
            [
              86.910232,
              21.479483
            ],
            [
              86.910211,
              21.479683
            ],
            [
              86.910101,
              21.479783
            ],
            [
              86.90987,
              21.479605
            ]
          ]
        ]
      }
    },
    {
      "type": "Feature",
      "properties": {
        "building_id": 433,
        "elevation_m": 10.5,
        "confidence_score": 0.91
      },
      "geometry": {
        "type": "Polygon",
        "coordinates": [
          [
            [
              86.910415,
              21.478831
            ],
            [
              86.91025,
              21.478642
            ],
            [
              86.910119,
              21.478757
            ],
            [
              86.910201,
              21.478852
            ],
            [
              86.91007,
              21.478967
            ],
            [
              86.910152,
              21.479061
            ],
            [
              86.910415,
              21.478831
            ]
          ]
        ]
      }
    },
    {
      "type": "Feature",
      "properties": {
        "building_id": 434,
        "elevation_m": 11.6,
        "confidence_score": 0.96
      },
      "geometry": {
        "type": "Polygon",
        "coordinates": [
          [
            [
              86.906931,
              21.498469
            ],
            [
              86.906683,
              21.498607
            ],
            [
              86.906548,
              21.498364
            ],
            [
              86.906796,
              21.498226
            ],
            [
              86.906931,
              21.498469
            ]
          ]
        ]
      }
    },
    {
      "type": "Feature",
      "properties": {
        "building_id": 435,
        "elevation_m": 10.3,
        "confidence_score": 0.98
      },
      "geometry": {
        "type": "Polygon",
        "coordinates": [
          [
            [
              86.907308,
              21.498706
            ],
            [
              86.907329,
              21.498503
            ],
            [
              86.907456,
              21.498468
            ],
            [
              86.907499,
              21.498474
            ],
            [
              86.907517,
              21.498492
            ],
            [
              86.907308,
              21.498706
            ]
          ]
        ]
      }
    },
    {
      "type": "Feature",
      "properties": {
        "building_id": 436,
        "elevation_m": 16.8,
        "confidence_score": 0.89
      },
      "geometry": {
        "type": "Polygon",
        "coordinates": [
          [
            [
              86.906921,
              21.49963
            ],
            [
              86.906712,
              21.499882
            ],
            [
              86.906359,
              21.499591
            ],
            [
              86.906568,
              21.499338
            ],
            [
              86.906921,
              21.49963
            ]
          ]
        ]
      }
    },
    {
      "type": "Feature",
      "properties": {
        "building_id": 437,
        "elevation_m": 9.1,
        "confidence_score": 0.92
      },
      "geometry": {
        "type": "Polygon",
        "coordinates": [
          [
            [
              86.908561,
              21.498889
            ],
            [
              86.908332,
              21.498451
            ],
            [
              86.908606,
              21.498308
            ],
            [
              86.908814,
              21.498368
            ],
            [
              86.90884,
              21.498491
            ],
            [
              86.908801,
              21.498577
            ],
            [
              86.908561,
              21.498889
            ]
          ]
        ]
      }
    },
    {
      "type": "Feature",
      "properties": {
        "building_id": 438,
        "elevation_m": 5.3,
        "confidence_score": 0.95
      },
      "geometry": {
        "type": "Polygon",
        "coordinates": [
          [
            [
              86.915231,
              21.503282
            ],
            [
              86.915236,
              21.503203
            ],
            [
              86.915368,
              21.503157
            ],
            [
              86.915395,
              21.503223
            ],
            [
              86.915592,
              21.503442
            ],
            [
              86.915484,
              21.503545
            ],
            [
              86.915388,
              21.503618
            ],
            [
              86.915231,
              21.503282
            ]
          ]
        ]
      }
    },
    {
      "type": "Feature",
      "properties": {
        "building_id": 439,
        "elevation_m": 9.5,
        "confidence_score": 0.9
      },
      "geometry": {
        "type": "Polygon",
        "coordinates": [
          [
            [
              86.914108,
              21.503424
            ],
            [
              86.914036,
              21.503799
            ],
            [
              86.913743,
              21.503743
            ],
            [
              86.913815,
              21.503368
            ],
            [
              86.914108,
              21.503424
            ]
          ]
        ]
      }
    },
    {
      "type": "Feature",
      "properties": {
        "building_id": 440,
        "elevation_m": 9.2,
        "confidence_score": 0.88
      },
      "geometry": {
        "type": "Polygon",
        "coordinates": [
          [
            [
              86.913987,
              21.502809
            ],
            [
              86.913915,
              21.502745
            ],
            [
              86.913772,
              21.502726
            ],
            [
              86.913929,
              21.502197
            ],
            [
              86.913994,
              21.502298
            ],
            [
              86.914247,
              21.5025
            ],
            [
              86.913987,
              21.502809
            ]
          ]
        ]
      }
    },
    {
      "type": "Feature",
      "properties": {
        "building_id": 441,
        "elevation_m": 14.2,
        "confidence_score": 0.89
      },
      "geometry": {
        "type": "Polygon",
        "coordinates": [
          [
            [
              86.913186,
              21.504474
            ],
            [
              86.913179,
              21.503902
            ],
            [
              86.912886,
              21.503906
            ],
            [
              86.91289,
              21.504192
            ],
            [
              86.912598,
              21.504196
            ],
            [
              86.912601,
              21.504482
            ],
            [
              86.913186,
              21.504474
            ]
          ]
        ]
      }
    },
    {
      "type": "Feature",
      "properties": {
        "building_id": 442,
        "elevation_m": 9.4,
        "confidence_score": 0.93
      },
      "geometry": {
        "type": "Polygon",
        "coordinates": [
          [
            [
              86.906614,
              21.500089
            ],
            [
              86.906771,
              21.500143
            ],
            [
              86.906714,
              21.500312
            ],
            [
              86.906557,
              21.500259
            ],
            [
              86.906614,
              21.500089
            ]
          ]
        ]
      }
    },
    {
      "type": "Feature",
      "properties": {
        "building_id": 443,
        "elevation_m": 8.0,
        "confidence_score": 0.96
      },
      "geometry": {
        "type": "Polygon",
        "coordinates": [
          [
            [
              86.914661,
              21.499481
            ],
            [
              86.914395,
              21.498925
            ],
            [
              86.914093,
              21.49907
            ],
            [
              86.914226,
              21.499348
            ],
            [
              86.913924,
              21.499492
            ],
            [
              86.914057,
              21.49977
            ],
            [
              86.914661,
              21.499481
            ]
          ]
        ]
      }
    },
    {
      "type": "Feature",
      "properties": {
        "building_id": 444,
        "elevation_m": 5.3,
        "confidence_score": 0.94
      },
      "geometry": {
        "type": "Polygon",
        "coordinates": [
          [
            [
              86.913242,
              21.493259
            ],
            [
              86.913264,
              21.493299
            ],
            [
              86.912537,
              21.493035
            ],
            [
              86.912754,
              21.492935
            ],
            [
              86.912949,
              21.492682
            ],
            [
              86.913107,
              21.492599
            ],
            [
              86.913297,
              21.492779
            ],
            [
              86.913242,
              21.493259
            ]
          ]
        ]
      }
    },
    {
      "type": "Feature",
      "properties": {
        "building_id": 445,
        "elevation_m": 13.9,
        "confidence_score": 0.97
      },
      "geometry": {
        "type": "Polygon",
        "coordinates": [
          [
            [
              86.911898,
              21.491652
            ],
            [
              86.912307,
              21.492244
            ],
            [
              86.911502,
              21.492799
            ],
            [
              86.911094,
              21.492208
            ],
            [
              86.911898,
              21.491652
            ]
          ]
        ]
      }
    },
    {
      "type": "Feature",
      "properties": {
        "building_id": 446,
        "elevation_m": 6.9,
        "confidence_score": 0.98
      },
      "geometry": {
        "type": "Polygon",
        "coordinates": [
          [
            [
              86.908362,
              21.496959
            ],
            [
              86.908235,
              21.497069
            ],
            [
              86.908492,
              21.497366
            ],
            [
              86.908619,
              21.497256
            ],
            [
              86.908534,
              21.497157
            ],
            [
              86.908788,
              21.496937
            ],
            [
              86.908702,
              21.496838
            ],
            [
              86.908448,
              21.497058
            ],
            [
              86.908362,
              21.496959
            ]
          ]
        ]
      }
    },
    {
      "type": "Feature",
      "properties": {
        "building_id": 447,
        "elevation_m": 12.5,
        "confidence_score": 0.87
      },
      "geometry": {
        "type": "Polygon",
        "coordinates": [
          [
            [
              86.912932,
              21.502597
            ],
            [
              86.912426,
              21.502678
            ],
            [
              86.91236,
              21.502263
            ],
            [
              86.912866,
              21.502182
            ],
            [
              86.912932,
              21.502597
            ]
          ]
        ]
      }
    },
    {
      "type": "Feature",
      "properties": {
        "building_id": 448,
        "elevation_m": 9.2,
        "confidence_score": 0.87
      },
      "geometry": {
        "type": "Polygon",
        "coordinates": [
          [
            [
              86.925088,
              21.498693
            ],
            [
              86.924914,
              21.498186
            ],
            [
              86.925021,
              21.498184
            ],
            [
              86.925068,
              21.498091
            ],
            [
              86.925335,
              21.497974
            ],
            [
              86.925761,
              21.49832
            ],
            [
              86.925088,
              21.498693
            ]
          ]
        ]
      }
    },
    {
      "type": "Feature",
      "properties": {
        "building_id": 449,
        "elevation_m": 11.0,
        "confidence_score": 0.9
      },
      "geometry": {
        "type": "Polygon",
        "coordinates": [
          [
            [
              86.931331,
              21.493255
            ],
            [
              86.931124,
              21.493884
            ],
            [
              86.930365,
              21.493635
            ],
            [
              86.930572,
              21.493006
            ],
            [
              86.931331,
              21.493255
            ]
          ]
        ]
      }
    },
    {
      "type": "Feature",
      "properties": {
        "building_id": 450,
        "elevation_m": 12.7,
        "confidence_score": 0.94
      },
      "geometry": {
        "type": "Polygon",
        "coordinates": [
          [
            [
              86.930956,
              21.495523
            ],
            [
              86.931156,
              21.495799
            ],
            [
              86.93093,
              21.495963
            ],
            [
              86.93073,
              21.495686
            ],
            [
              86.930956,
              21.495523
            ]
          ]
        ]
      }
    },
    {
      "type": "Feature",
      "properties": {
        "building_id": 451,
        "elevation_m": 10.7,
        "confidence_score": 0.87
      },
      "geometry": {
        "type": "Polygon",
        "coordinates": [
          [
            [
              86.936275,
              21.49751
            ],
            [
              86.935789,
              21.496834
            ],
            [
              86.935516,
              21.497031
            ],
            [
              86.935759,
              21.497368
            ],
            [
              86.935486,
              21.497565
            ],
            [
              86.935729,
              21.497903
            ],
            [
              86.936275,
              21.49751
            ]
          ]
        ]
      }
    },
    {
      "type": "Feature",
      "properties": {
        "building_id": 452,
        "elevation_m": 4.1,
        "confidence_score": 0.87
      },
      "geometry": {
        "type": "Polygon",
        "coordinates": [
          [
            [
              86.932067,
              21.496505
            ],
            [
              86.931848,
              21.496248
            ],
            [
              86.93173,
              21.496348
            ],
            [
              86.931839,
              21.496477
            ],
            [
              86.931721,
              21.496577
            ],
            [
              86.93183,
              21.496706
            ],
            [
              86.932067,
              21.496505
            ]
          ]
        ]
      }
    },
    {
      "type": "Feature",
      "properties": {
        "building_id": 453,
        "elevation_m": 5.9,
        "confidence_score": 0.95
      },
      "geometry": {
        "type": "Polygon",
        "coordinates": [
          [
            [
              86.931322,
              21.497444
            ],
            [
              86.931208,
              21.49732
            ],
            [
              86.930739,
              21.497752
            ],
            [
              86.930853,
              21.497876
            ],
            [
              86.931009,
              21.497732
            ],
            [
              86.931237,
              21.497979
            ],
            [
              86.931393,
              21.497835
            ],
            [
              86.931166,
              21.497588
            ],
            [
              86.931322,
              21.497444
            ]
          ]
        ]
      }
    },
    {
      "type": "Feature",
      "properties": {
        "building_id": 454,
        "elevation_m": 9.3,
        "confidence_score": 0.92
      },
      "geometry": {
        "type": "Polygon",
        "coordinates": [
          [
            [
              86.932417,
              21.498864
            ],
            [
              86.93217,
              21.499136
            ],
            [
              86.932334,
              21.499285
            ],
            [
              86.932458,
              21.49915
            ],
            [
              86.932622,
              21.499299
            ],
            [
              86.932745,
              21.499164
            ],
            [
              86.932417,
              21.498864
            ]
          ]
        ]
      }
    },
    {
      "type": "Feature",
      "properties": {
        "building_id": 455,
        "elevation_m": 10.2,
        "confidence_score": 0.89
      },
      "geometry": {
        "type": "Polygon",
        "coordinates": [
          [
            [
              86.932144,
              21.503363
            ],
            [
              86.931879,
              21.503223
            ],
            [
              86.931805,
              21.503365
            ],
            [
              86.931937,
              21.503434
            ],
            [
              86.931863,
              21.503576
            ],
            [
              86.931996,
              21.503645
            ],
            [
              86.932144,
              21.503363
            ]
          ]
        ]
      }
    },
    {
      "type": "Feature",
      "properties": {
        "building_id": 456,
        "elevation_m": 16.5,
        "confidence_score": 0.95
      },
      "geometry": {
        "type": "Polygon",
        "coordinates": [
          [
            [
              86.932486,
              21.503463
            ],
            [
              86.932216,
              21.50428
            ],
            [
              86.932562,
              21.504395
            ],
            [
              86.932697,
              21.503986
            ],
            [
              86.933043,
              21.5041
            ],
            [
              86.933178,
              21.503691
            ],
            [
              86.932486,
              21.503463
            ]
          ]
        ]
      }
    },
    {
      "type": "Feature",
      "properties": {
        "building_id": 457,
        "elevation_m": 5.7,
        "confidence_score": 0.95
      },
      "geometry": {
        "type": "Polygon",
        "coordinates": [
          [
            [
              86.931607,
              21.50355
            ],
            [
              86.931327,
              21.503845
            ],
            [
              86.931034,
              21.503565
            ],
            [
              86.931314,
              21.503271
            ],
            [
              86.931607,
              21.50355
            ]
          ]
        ]
      }
    },
    {
      "type": "Feature",
      "properties": {
        "building_id": 458,
        "elevation_m": 6.2,
        "confidence_score": 0.89
      },
      "geometry": {
        "type": "Polygon",
        "coordinates": [
          [
            [
              86.93325,
              21.502585
            ],
            [
              86.93309,
              21.502488
            ],
            [
              86.932788,
              21.502982
            ],
            [
              86.932948,
              21.503079
            ],
            [
              86.933048,
              21.502914
            ],
            [
              86.933367,
              21.50311
            ],
            [
              86.933468,
              21.502945
            ],
            [
              86.933149,
              21.50275
            ],
            [
              86.93325,
              21.502585
            ]
          ]
        ]
      }
    },
    {
      "type": "Feature",
      "properties": {
        "building_id": 459,
        "elevation_m": 9.4,
        "confidence_score": 0.91
      },
      "geometry": {
        "type": "Polygon",
        "coordinates": [
          [
            [
              86.931829,
              21.502084
            ],
            [
              86.931409,
              21.501948
            ],
            [
              86.931317,
              21.502234
            ],
            [
              86.931527,
              21.502302
            ],
            [
              86.931435,
              21.502588
            ],
            [
              86.931645,
              21.502656
            ],
            [
              86.931829,
              21.502084
            ]
          ]
        ]
      }
    },
    {
      "type": "Feature",
      "properties": {
        "building_id": 460,
        "elevation_m": 4.5,
        "confidence_score": 0.95
      },
      "geometry": {
        "type": "Polygon",
        "coordinates": [
          [
            [
              86.935365,
              21.50152
            ],
            [
              86.935597,
              21.502003
            ],
            [
              86.935057,
              21.502263
            ],
            [
              86.934825,
              21.50178
            ],
            [
              86.935365,
              21.50152
            ]
          ]
        ]
      }
    },
    {
      "type": "Feature",
      "properties": {
        "building_id": 461,
        "elevation_m": 14.6,
        "confidence_score": 0.92
      },
      "geometry": {
        "type": "Polygon",
        "coordinates": [
          [
            [
              86.934178,
              21.502253
            ],
            [
              86.933645,
              21.502557
            ],
            [
              86.933255,
              21.501876
            ],
            [
              86.933789,
              21.501571
            ],
            [
              86.934178,
              21.502253
            ]
          ]
        ]
      }
    },
    {
      "type": "Feature",
      "properties": {
        "building_id": 462,
        "elevation_m": 7.1,
        "confidence_score": 0.97
      },
      "geometry": {
        "type": "Polygon",
        "coordinates": [
          [
            [
              86.921907,
              21.487949
            ],
            [
              86.921862,
              21.48777
            ],
            [
              86.922409,
              21.487709
            ],
            [
              86.922431,
              21.487764
            ],
            [
              86.922306,
              21.487741
            ],
            [
              86.921907,
              21.487949
            ]
          ]
        ]
      }
    },
    {
      "type": "Feature",
      "properties": {
        "building_id": 463,
        "elevation_m": 8.6,
        "confidence_score": 0.96
      },
      "geometry": {
        "type": "Polygon",
        "coordinates": [
          [
            [
              86.921029,
              21.488339
            ],
            [
              86.92097,
              21.488298
            ],
            [
              86.92099,
              21.488199
            ],
            [
              86.921087,
              21.488194
            ],
            [
              86.921129,
              21.488247
            ],
            [
              86.921029,
              21.488339
            ]
          ]
        ]
      }
    },
    {
      "type": "Feature",
      "properties": {
        "building_id": 464,
        "elevation_m": 18.3,
        "confidence_score": 0.9
      },
      "geometry": {
        "type": "Polygon",
        "coordinates": [
          [
            [
              86.92708,
              21.493433
            ],
            [
              86.926736,
              21.493885
            ],
            [
              86.926975,
              21.494068
            ],
            [
              86.927147,
              21.493842
            ],
            [
              86.927387,
              21.494025
            ],
            [
              86.927559,
              21.493799
            ],
            [
              86.92708,
              21.493433
            ]
          ]
        ]
      }
    },
    {
      "type": "Feature",
      "properties": {
        "building_id": 465,
        "elevation_m": 14.8,
        "confidence_score": 0.98
      },
      "geometry": {
        "type": "Polygon",
        "coordinates": [
          [
            [
              86.925984,
              21.506361
            ],
            [
              86.926219,
              21.506653
            ],
            [
              86.925862,
              21.506942
            ],
            [
              86.925626,
              21.50665
            ],
            [
              86.925984,
              21.506361
            ]
          ]
        ]
      }
    },
    {
      "type": "Feature",
      "properties": {
        "building_id": 466,
        "elevation_m": 4.0,
        "confidence_score": 0.96
      },
      "geometry": {
        "type": "Polygon",
        "coordinates": [
          [
            [
              86.925486,
              21.505145
            ],
            [
              86.925447,
              21.505006
            ],
            [
              86.925487,
              21.504831
            ],
            [
              86.925797,
              21.504616
            ],
            [
              86.926209,
              21.504875
            ],
            [
              86.926136,
              21.505106
            ],
            [
              86.925952,
              21.505191
            ],
            [
              86.925486,
              21.505145
            ]
          ]
        ]
      }
    },
    {
      "type": "Feature",
      "properties": {
        "building_id": 467,
        "elevation_m": 14.6,
        "confidence_score": 0.97
      },
      "geometry": {
        "type": "Polygon",
        "coordinates": [
          [
            [
              86.927945,
              21.506637
            ],
            [
              86.92778,
              21.506584
            ],
            [
              86.927665,
              21.506938
            ],
            [
              86.92783,
              21.506992
            ],
            [
              86.927869,
              21.506874
            ],
            [
              86.928199,
              21.50698
            ],
            [
              86.928237,
              21.506862
            ],
            [
              86.927907,
              21.506755
            ],
            [
              86.927945,
              21.506637
            ]
          ]
        ]
      }
    },
    {
      "type": "Feature",
      "properties": {
        "building_id": 468,
        "elevation_m": 10.6,
        "confidence_score": 0.94
      },
      "geometry": {
        "type": "Polygon",
        "coordinates": [
          [
            [
              86.910925,
              21.47797
            ],
            [
              86.910598,
              21.478062
            ],
            [
              86.910521,
              21.477789
            ],
            [
              86.910848,
              21.477697
            ],
            [
              86.910925,
              21.47797
            ]
          ]
        ]
      }
    },
    {
      "type": "Feature",
      "properties": {
        "building_id": 469,
        "elevation_m": 10.4,
        "confidence_score": 0.88
      },
      "geometry": {
        "type": "Polygon",
        "coordinates": [
          [
            [
              86.930931,
              21.488855
            ],
            [
              86.930708,
              21.488709
            ],
            [
              86.930637,
              21.488819
            ],
            [
              86.930749,
              21.488891
            ],
            [
              86.930678,
              21.489
            ],
            [
              86.930789,
              21.489073
            ],
            [
              86.930931,
              21.488855
            ]
          ]
        ]
      }
    },
    {
      "type": "Feature",
      "properties": {
        "building_id": 470,
        "elevation_m": 9.9,
        "confidence_score": 0.92
      },
      "geometry": {
        "type": "Polygon",
        "coordinates": [
          [
            [
              86.929327,
              21.483851
            ],
            [
              86.929023,
              21.484323
            ],
            [
              86.928445,
              21.483951
            ],
            [
              86.928749,
              21.483479
            ],
            [
              86.929327,
              21.483851
            ]
          ]
        ]
      }
    },
    {
      "type": "Feature",
      "properties": {
        "building_id": 471,
        "elevation_m": 16.0,
        "confidence_score": 0.94
      },
      "geometry": {
        "type": "Polygon",
        "coordinates": [
          [
            [
              86.928091,
              21.474292
            ],
            [
              86.927814,
              21.473881
            ],
            [
              86.927537,
              21.474067
            ],
            [
              86.927675,
              21.474273
            ],
            [
              86.927398,
              21.474459
            ],
            [
              86.927536,
              21.474665
            ],
            [
              86.928091,
              21.474292
            ]
          ]
        ]
      }
    },
    {
      "type": "Feature",
      "properties": {
        "building_id": 472,
        "elevation_m": 7.2,
        "confidence_score": 0.9
      },
      "geometry": {
        "type": "Polygon",
        "coordinates": [
          [
            [
              86.92771,
              21.472168
            ],
            [
              86.92762,
              21.472178
            ],
            [
              86.927584,
              21.472118
            ],
            [
              86.927515,
              21.47203
            ],
            [
              86.927487,
              21.471933
            ],
            [
              86.927836,
              21.47194
            ],
            [
              86.927827,
              21.472098
            ],
            [
              86.92771,
              21.472168
            ]
          ]
        ]
      }
    },
    {
      "type": "Feature",
      "properties": {
        "building_id": 473,
        "elevation_m": 12.8,
        "confidence_score": 0.96
      },
      "geometry": {
        "type": "Polygon",
        "coordinates": [
          [
            [
              86.927144,
              21.472693
            ],
            [
              86.92756,
              21.47287
            ],
            [
              86.927335,
              21.473396
            ],
            [
              86.926919,
              21.473218
            ],
            [
              86.927144,
              21.472693
            ]
          ]
        ]
      }
    },
    {
      "type": "Feature",
      "properties": {
        "building_id": 474,
        "elevation_m": 12.5,
        "confidence_score": 0.92
      },
      "geometry": {
        "type": "Polygon",
        "coordinates": [
          [
            [
              86.928526,
              21.472678
            ],
            [
              86.928386,
              21.472967
            ],
            [
              86.927986,
              21.472773
            ],
            [
              86.928127,
              21.472484
            ],
            [
              86.928526,
              21.472678
            ]
          ]
        ]
      }
    },
    {
      "type": "Feature",
      "properties": {
        "building_id": 475,
        "elevation_m": 7.3,
        "confidence_score": 0.89
      },
      "geometry": {
        "type": "Polygon",
        "coordinates": [
          [
            [
              86.929167,
              21.473099
            ],
            [
              86.929494,
              21.473578
            ],
            [
              86.929044,
              21.473885
            ],
            [
              86.928718,
              21.473406
            ],
            [
              86.929167,
              21.473099
            ]
          ]
        ]
      }
    },
    {
      "type": "Feature",
      "properties": {
        "building_id": 476,
        "elevation_m": 17.8,
        "confidence_score": 0.92
      },
      "geometry": {
        "type": "Polygon",
        "coordinates": [
          [
            [
              86.926289,
              21.474558
            ],
            [
              86.926149,
              21.4745
            ],
            [
              86.925907,
              21.475077
            ],
            [
              86.926046,
              21.475136
            ],
            [
              86.926127,
              21.474943
            ],
            [
              86.926406,
              21.47506
            ],
            [
              86.926486,
              21.474868
            ],
            [
              86.926208,
              21.474751
            ],
            [
              86.926289,
              21.474558
            ]
          ]
        ]
      }
    },
    {
      "type": "Feature",
      "properties": {
        "building_id": 477,
        "elevation_m": 13.4,
        "confidence_score": 0.88
      },
      "geometry": {
        "type": "Polygon",
        "coordinates": [
          [
            [
              86.927459,
              21.476444
            ],
            [
              86.927276,
              21.47632
            ],
            [
              86.92697,
              21.47677
            ],
            [
              86.927153,
              21.476894
            ],
            [
              86.927255,
              21.476744
            ],
            [
              86.927621,
              21.476992
            ],
            [
              86.927722,
              21.476842
            ],
            [
              86.927357,
              21.476594
            ],
            [
              86.927459,
              21.476444
            ]
          ]
        ]
      }
    },
    {
      "type": "Feature",
      "properties": {
        "building_id": 478,
        "elevation_m": 7.5,
        "confidence_score": 0.95
      },
      "geometry": {
        "type": "Polygon",
        "coordinates": [
          [
            [
              86.928242,
              21.474847
            ],
            [
              86.927871,
              21.475332
            ],
            [
              86.928137,
              21.475535
            ],
            [
              86.928322,
              21.475292
            ],
            [
              86.928588,
              21.475495
            ],
            [
              86.928773,
              21.475253
            ],
            [
              86.928242,
              21.474847
            ]
          ]
        ]
      }
    },
    {
      "type": "Feature",
      "properties": {
        "building_id": 479,
        "elevation_m": 12.3,
        "confidence_score": 0.93
      },
      "geometry": {
        "type": "Polygon",
        "coordinates": [
          [
            [
              86.925966,
              21.475697
            ],
            [
              86.925983,
              21.476131
            ],
            [
              86.925614,
              21.476146
            ],
            [
              86.925596,
              21.475712
            ],
            [
              86.925966,
              21.475697
            ]
          ]
        ]
      }
    },
    {
      "type": "Feature",
      "properties": {
        "building_id": 480,
        "elevation_m": 13.2,
        "confidence_score": 0.89
      },
      "geometry": {
        "type": "Polygon",
        "coordinates": [
          [
            [
              86.926751,
              21.476551
            ],
            [
              86.927106,
              21.476956
            ],
            [
              86.926707,
              21.477307
            ],
            [
              86.926351,
              21.476901
            ],
            [
              86.926751,
              21.476551
            ]
          ]
        ]
      }
    },
    {
      "type": "Feature",
      "properties": {
        "building_id": 481,
        "elevation_m": 11.3,
        "confidence_score": 0.89
      },
      "geometry": {
        "type": "Polygon",
        "coordinates": [
          [
            [
              86.927141,
              21.478326
            ],
            [
              86.926989,
              21.478291
            ],
            [
              86.927021,
              21.478046
            ],
            [
              86.927382,
              21.47827
            ],
            [
              86.927141,
              21.478326
            ]
          ]
        ]
      }
    },
    {
      "type": "Feature",
      "properties": {
        "building_id": 482,
        "elevation_m": 18.2,
        "confidence_score": 0.93
      },
      "geometry": {
        "type": "Polygon",
        "coordinates": [
          [
            [
              86.929742,
              21.480551
            ],
            [
              86.929725,
              21.48042
            ],
            [
              86.929242,
              21.480486
            ],
            [
              86.92926,
              21.480617
            ],
            [
              86.929421,
              21.480595
            ],
            [
              86.929457,
              21.480855
            ],
            [
              86.929617,
              21.480833
            ],
            [
              86.929582,
              21.480573
            ],
            [
              86.929742,
              21.480551
            ]
          ]
        ]
      }
    },
    {
      "type": "Feature",
      "properties": {
        "building_id": 483,
        "elevation_m": 12.1,
        "confidence_score": 0.95
      },
      "geometry": {
        "type": "Polygon",
        "coordinates": [
          [
            [
              86.92939,
              21.479915
            ],
            [
              86.929329,
              21.479898
            ],
            [
              86.929137,
              21.479784
            ],
            [
              86.929361,
              21.479616
            ],
            [
              86.929539,
              21.479697
            ],
            [
              86.92939,
              21.479915
            ]
          ]
        ]
      }
    },
    {
      "type": "Feature",
      "properties": {
        "building_id": 484,
        "elevation_m": 15.3,
        "confidence_score": 0.9
      },
      "geometry": {
        "type": "Polygon",
        "coordinates": [
          [
            [
              86.929137,
              21.479398
            ],
            [
              86.928821,
              21.479451
            ],
            [
              86.928749,
              21.47902
            ],
            [
              86.929064,
              21.478967
            ],
            [
              86.929137,
              21.479398
            ]
          ]
        ]
      }
    },
    {
      "type": "Feature",
      "properties": {
        "building_id": 485,
        "elevation_m": 14.0,
        "confidence_score": 0.87
      },
      "geometry": {
        "type": "Polygon",
        "coordinates": [
          [
            [
              86.912737,
              21.488561
            ],
            [
              86.913554,
              21.488216
            ],
            [
              86.913488,
              21.488815
            ],
            [
              86.913169,
              21.488898
            ],
            [
              86.912892,
              21.488807
            ],
            [
              86.912737,
              21.488561
            ]
          ]
        ]
      }
    },
    {
      "type": "Feature",
      "properties": {
        "building_id": 486,
        "elevation_m": 18.1,
        "confidence_score": 0.88
      },
      "geometry": {
        "type": "Polygon",
        "coordinates": [
          [
            [
              86.914414,
              21.489457
            ],
            [
              86.914314,
              21.489597
            ],
            [
              86.914753,
              21.489914
            ],
            [
              86.914854,
              21.489774
            ],
            [
              86.914707,
              21.489668
            ],
            [
              86.914909,
              21.489389
            ],
            [
              86.914762,
              21.489283
            ],
            [
              86.914561,
              21.489563
            ],
            [
              86.914414,
              21.489457
            ]
          ]
        ]
      }
    },
    {
      "type": "Feature",
      "properties": {
        "building_id": 487,
        "elevation_m": 12.2,
        "confidence_score": 0.98
      },
      "geometry": {
        "type": "Polygon",
        "coordinates": [
          [
            [
              86.914903,
              21.490172
            ],
            [
              86.91455,
              21.49032
            ],
            [
              86.914603,
              21.490447
            ],
            [
              86.91478,
              21.490373
            ],
            [
              86.914833,
              21.490499
            ],
            [
              86.915009,
              21.490425
            ],
            [
              86.914903,
              21.490172
            ]
          ]
        ]
      }
    },
    {
      "type": "Feature",
      "properties": {
        "building_id": 488,
        "elevation_m": 16.3,
        "confidence_score": 0.86
      },
      "geometry": {
        "type": "Polygon",
        "coordinates": [
          [
            [
              86.914501,
              21.490636
            ],
            [
              86.914304,
              21.490367
            ],
            [
              86.914179,
              21.490459
            ],
            [
              86.914277,
              21.490593
            ],
            [
              86.914152,
              21.490685
            ],
            [
              86.914251,
              21.490819
            ],
            [
              86.914501,
              21.490636
            ]
          ]
        ]
      }
    },
    {
      "type": "Feature",
      "properties": {
        "building_id": 489,
        "elevation_m": 5.1,
        "confidence_score": 0.93
      },
      "geometry": {
        "type": "Polygon",
        "coordinates": [
          [
            [
              86.911684,
              21.487838
            ],
            [
              86.911503,
              21.488194
            ],
            [
              86.91107,
              21.487973
            ],
            [
              86.911252,
              21.487617
            ],
            [
              86.911684,
              21.487838
            ]
          ]
        ]
      }
    },
    {
      "type": "Feature",
      "properties": {
        "building_id": 490,
        "elevation_m": 7.2,
        "confidence_score": 0.94
      },
      "geometry": {
        "type": "Polygon",
        "coordinates": [
          [
            [
              86.915153,
              21.492054
            ],
            [
              86.915335,
              21.492247
            ],
            [
              86.915142,
              21.492429
            ],
            [
              86.91496,
              21.492236
            ],
            [
              86.915153,
              21.492054
            ]
          ]
        ]
      }
    },
    {
      "type": "Feature",
      "properties": {
        "building_id": 491,
        "elevation_m": 16.2,
        "confidence_score": 0.95
      },
      "geometry": {
        "type": "Polygon",
        "coordinates": [
          [
            [
              86.917158,
              21.49111
            ],
            [
              86.917053,
              21.491076
            ],
            [
              86.916908,
              21.491514
            ],
            [
              86.917013,
              21.491549
            ],
            [
              86.917061,
              21.491403
            ],
            [
              86.917271,
              21.491472
            ],
            [
              86.91732,
              21.491326
            ],
            [
              86.91711,
              21.491257
            ],
            [
              86.917158,
              21.49111
            ]
          ]
        ]
      }
    },
    {
      "type": "Feature",
      "properties": {
        "building_id": 492,
        "elevation_m": 9.2,
        "confidence_score": 0.87
      },
      "geometry": {
        "type": "Polygon",
        "coordinates": [
          [
            [
              86.915185,
              21.491549
            ],
            [
              86.915104,
              21.491648
            ],
            [
              86.915323,
              21.491826
            ],
            [
              86.915404,
              21.491727
            ],
            [
              86.915331,
              21.491668
            ],
            [
              86.915491,
              21.49147
            ],
            [
              86.915419,
              21.491411
            ],
            [
              86.915258,
              21.491608
            ],
            [
              86.915185,
              21.491549
            ]
          ]
        ]
      }
    },
    {
      "type": "Feature",
      "properties": {
        "building_id": 493,
        "elevation_m": 12.6,
        "confidence_score": 0.87
      },
      "geometry": {
        "type": "Polygon",
        "coordinates": [
          [
            [
              86.916001,
              21.489961
            ],
            [
              86.915628,
              21.490287
            ],
            [
              86.915354,
              21.489974
            ],
            [
              86.915727,
              21.489648
            ],
            [
              86.916001,
              21.489961
            ]
          ]
        ]
      }
    },
    {
      "type": "Feature",
      "properties": {
        "building_id": 494,
        "elevation_m": 7.0,
        "confidence_score": 0.86
      },
      "geometry": {
        "type": "Polygon",
        "coordinates": [
          [
            [
              86.923669,
              21.471308
            ],
            [
              86.923822,
              21.471869
            ],
            [
              86.923038,
              21.472084
            ],
            [
              86.922884,
              21.471522
            ],
            [
              86.923669,
              21.471308
            ]
          ]
        ]
      }
    },
    {
      "type": "Feature",
      "properties": {
        "building_id": 495,
        "elevation_m": 10.3,
        "confidence_score": 0.96
      },
      "geometry": {
        "type": "Polygon",
        "coordinates": [
          [
            [
              86.922369,
              21.471572
            ],
            [
              86.921665,
              21.471969
            ],
            [
              86.921125,
              21.47101
            ],
            [
              86.921829,
              21.470613
            ],
            [
              86.922369,
              21.471572
            ]
          ]
        ]
      }
    },
    {
      "type": "Feature",
      "properties": {
        "building_id": 496,
        "elevation_m": 9.9,
        "confidence_score": 0.9
      },
      "geometry": {
        "type": "Polygon",
        "coordinates": [
          [
            [
              86.923542,
              21.47104
            ],
            [
              86.923502,
              21.471062
            ],
            [
              86.923412,
              21.471059
            ],
            [
              86.923352,
              21.471042
            ],
            [
              86.923213,
              21.470828
            ],
            [
              86.923287,
              21.470808
            ],
            [
              86.9233,
              21.470768
            ],
            [
              86.923542,
              21.47104
            ]
          ]
        ]
      }
    },
    {
      "type": "Feature",
      "properties": {
        "building_id": 497,
        "elevation_m": 11.6,
        "confidence_score": 0.87
      },
      "geometry": {
        "type": "Polygon",
        "coordinates": [
          [
            [
              86.92307,
              21.473165
            ],
            [
              86.922934,
              21.473122
            ],
            [
              86.922798,
              21.473546
            ],
            [
              86.922934,
              21.47359
            ],
            [
              86.922979,
              21.473448
            ],
            [
              86.923252,
              21.473536
            ],
            [
              86.923297,
              21.473394
            ],
            [
              86.923025,
              21.473307
            ],
            [
              86.92307,
              21.473165
            ]
          ]
        ]
      }
    },
    {
      "type": "Feature",
      "properties": {
        "building_id": 498,
        "elevation_m": 13.2,
        "confidence_score": 0.89
      },
      "geometry": {
        "type": "Polygon",
        "coordinates": [
          [
            [
              86.923799,
              21.478041
            ],
            [
              86.92358,
              21.478691
            ],
            [
              86.923064,
              21.478517
            ],
            [
              86.923283,
              21.477867
            ],
            [
              86.923799,
              21.478041
            ]
          ]
        ]
      }
    },
    {
      "type": "Feature",
      "properties": {
        "building_id": 499,
        "elevation_m": 13.6,
        "confidence_score": 0.95
      },
      "geometry": {
        "type": "Polygon",
        "coordinates": [
          [
            [
              86.921376,
              21.47881
            ],
            [
              86.921248,
              21.479075
            ],
            [
              86.921879,
              21.479379
            ],
            [
              86.922007,
              21.479113
            ],
            [
              86.921796,
              21.479012
            ],
            [
              86.922052,
              21.47848
            ],
            [
              86.921842,
              21.478379
            ],
            [
              86.921586,
              21.478911
            ],
            [
              86.921376,
              21.47881
            ]
          ]
        ]
      }
    },
    {
      "type": "Feature",
      "properties": {
        "building_id": 500,
        "elevation_m": 6.7,
        "confidence_score": 0.96
      },
      "geometry": {
        "type": "Polygon",
        "coordinates": [
          [
            [
              86.924427,
              21.474753
            ],
            [
              86.924556,
              21.474643
            ],
            [
              86.924637,
              21.474635
            ],
            [
              86.92476,
              21.474701
            ],
            [
              86.924839,
              21.474796
            ],
            [
              86.924564,
              21.47502
            ],
            [
              86.924427,
              21.474753
            ]
          ]
        ]
      }
    }
  ]
}