{
  "type": "FeatureCollection",
  "features": [
    {
      "type": "Feature",
      "properties": {
        "plot_id": "1",
        "owner_name": "Subrat Pradhan"
      },
      "geometry": {
        "type": "Polygon",
        "coordinates": [
          [
            [
              86.901189,
              21.502401
            ],
            [
              86.90156,
              21.501967
            ],
            [
              86.900661,
              21.500825
            ],
            [
              86.899237,
              21.501657
            ],
            [
              86.899563,
              21.502654
            ],
            [
              86.899814,
              21.503069
            ],
            [
              86.901189,
              21.502401
            ]
          ]
        ]
      }
    },
    {
      "type": "Feature",
      "properties": {
        "plot_id": "2",
        "owner_name": "Pradeep Mohapatra"
      },
      "geometry": {
        "type": "Polygon",
        "coordinates": [
          [
            [
              86.90156,
              21.501967
            ],
            [
              86.901939,
              21.501976
            ],
            [
              86.90229,
              21.501495
            ],
            [
              86.902829,
              21.500383
            ],
            [
              86.901628,
              21.499374
            ],
            [
              86.901058,
              21.499572
            ],
            [
              86.900579,
              21.500525
            ],
            [
              86.900661,
              21.500825
            ],
            [
              86.90156,
              21.501967
            ]
          ]
        ]
      }
    },
    {
      "type": "Feature",
      "properties": {
        "plot_id": "3",
        "owner_name": "Jayanta Mishra"
      },
      "geometry": {
        "type": "Polygon",
        "coordinates": [
          [
            [
              86.901189,
              21.502401
            ],
            [
              86.901262,
              21.503412
            ],
            [
              86.901784,
              21.504108
            ],
            [
              86.902776,
              21.504005
            ],
            [
              86.902963,
              21.502761
            ],
            [
              86.901939,
              21.501976
            ],
            [
              86.90156,
              21.501967
            ],
            [
              86.901189,
              21.502401
            ]
          ]
        ]
      }
    },
    {
      "type": "Feature",
      "properties": {
        "plot_id": "4",
        "owner_name": "Soumya Mohapatra"
      },
      "geometry": {
        "type": "Polygon",
        "coordinates": [
          [
            [
              86.91431,
              21.472452
            ],
            [
              86.913284,
              21.47332
            ],
            [
              86.912508,
              21.473904
            ],
            [
              86.912226,
              21.474094
            ],
            [
              86.914403,
              21.474395
            ],
            [
              86.914569,
              21.472758
            ],
            [
              86.91431,
              21.472452
            ]
          ]
        ]
      }
    },
    {
      "type": "Feature",
      "properties": {
        "plot_id": "5",
        "owner_name": "Deepak Biswal"
      },
      "geometry": {
        "type": "Polygon",
        "coordinates": [
          [
            [
              86.914403,
              21.474395
            ],
            [
              86.914598,
              21.474545
            ],
            [
              86.916675,
              21.473975
            ],
            [
              86.91682,
              21.473897
            ],
            [
              86.916844,
              21.473864
            ],
            [
              86.91525,
              21.472654
            ],
            [
              86.914569,
              21.472758
            ],
            [
              86.914403,
              21.474395
            ]
          ]
        ]
      }
    },
    {
      "type": "Feature",
      "properties": {
        "plot_id": "6",
        "owner_name": "Bijay Sahoo"
      },
      "geometry": {
        "type": "Polygon",
        "coordinates": [
          [
            [
              86.912226,
              21.474094
            ],
            [
              86.911727,
              21.47443
            ],
            [
              86.911035,
              21.474856
            ],
            [
              86.912446,
              21.476561
            ],
            [
              86.91389,
              21.47664
            ],
            [
              86.913962,
              21.476547
            ],
            [
              86.914604,
              21.474637
            ],
            [
              86.914598,
              21.474545
            ],
            [
              86.914403,
              21.474395
            ],
            [
              86.912226,
              21.474094
            ]
          ]
        ]
      }
    },
    {
      "type": "Feature",
      "properties": {
        "plot_id": "7",
        "owner_name": "Soumya Samal"
      },
      "geometry": {
        "type": "Polygon",
        "coordinates": [
          [
            [
              86.904179,
              21.49047
            ],
            [
              86.904769,
              21.488706
            ],
            [
              86.904333,
              21.488252
            ],
            [
              86.904156,
              21.488743
            ],
            [
              86.903748,
              21.489571
            ],
            [
              86.90336,
              21.490219
            ],
            [
              86.904179,
              21.49047
            ]
          ]
        ]
      }
    },
    {
      "type": "Feature",
      "properties": {
        "plot_id": "8",
        "owner_name": "Soumya Samal"
      },
      "geometry": {
        "type": "Polygon",
        "coordinates": [
          [
            [
              86.902931,
              21.491477
            ],
            [
              86.903875,
              21.491113
            ],
            [
              86.904187,
              21.490648
            ],
            [
              86.904179,
              21.49047
            ],
            [
              86.90336,
              21.490219
            ],
            [
              86.902597,
              21.491396
            ],
            [
              86.902931,
              21.491477
            ]
          ]
        ]
      }
    },
    {
      "type": "Feature",
      "properties": {
        "plot_id": "9",
        "owner_name": "Satyabrata Mohapatra"
      },
      "geometry": {
        "type": "Polygon",
        "coordinates": [
          [
            [
              86.902747,
              21.49402
            ],
            [
              86.90367,
              21.493866
            ],
            [
              86.903943,
              21.492974
            ],
            [
              86.902931,
              21.491477
            ],
            [
              86.902597,
              21.491396
            ],
            [
              86.901924,
              21.4924
            ],
            [
              86.901171,
              21.493587
            ],
            [
              86.902747,
              21.49402
            ]
          ]
        ]
      }
    },
    {
      "type": "Feature",
      "properties": {
        "plot_id": "10",
        "owner_name": "Pradeep Patra"
      },
      "geometry": {
        "type": "Polygon",
        "coordinates": [
          [
            [
              86.900739,
              21.497485
            ],
            [
              86.901223,
              21.497294
            ],
            [
              86.901793,
              21.496709
            ],
            [
              86.901783,
              21.496663
            ],
            [
              86.90057,
              21.49464
            ],
            [
              86.899911,
              21.496011
            ],
            [
              86.900739,
              21.497485
            ]
          ]
        ]
      }
    },
    {
      "type": "Feature",
      "properties": {
        "plot_id": "11",
        "owner_name": "Subrat Patra"
      },
      "geometry": {
        "type": "Polygon",
        "coordinates": [
          [
            [
              86.900327,
              21.497805
            ],
            [
              86.900325,
              21.498357
            ],
            [
              86.901058,
              21.499572
            ],
            [
              86.901628,
              21.499374
            ],
            [
              86.902067,
              21.498849
            ],
            [
              86.901223,
              21.497294
            ],
            [
              86.900739,
              21.497485
            ],
            [
              86.900327,
              21.497805
            ]
          ]
        ]
      }
    },
    {
      "type": "Feature",
      "properties": {
        "plot_id": "12",
        "owner_name": "Pradeep Sahoo"
      },
      "geometry": {
        "type": "Polygon",
        "coordinates": [
          [
            [
              86.904929,
              21.486102
            ],
            [
              86.905969,
              21.484435
            ],
            [
              86.90606,
              21.484113
            ],
            [
              86.905912,
              21.483372
            ],
            [
              86.905244,
              21.482782
            ],
            [
              86.904815,
              21.48269
            ],
            [
              86.904764,
              21.48363
            ],
            [
              86.904752,
              21.485443
            ],
            [
              86.904726,
              21.486172
            ],
            [
              86.904929,
              21.486102
            ]
          ]
        ]
      }
    },
    {
      "type": "Feature",
      "properties": {
        "plot_id": "13",
        "owner_name": "Subrat Das"
      },
      "geometry": {
        "type": "Polygon",
        "coordinates": [
          [
            [
              86.905244,
              21.482782
            ],
            [
              86.906285,
              21.481648
            ],
            [
              86.906187,
              21.480815
            ],
            [
              86.905264,
              21.480487
            ],
            [
              86.905151,
              21.480806
            ],
            [
              86.904936,
              21.481739
            ],
            [
              86.904815,
              21.48269
            ],
            [
              86.905244,
              21.482782
            ]
          ]
        ]
      }
    },
    {
      "type": "Feature",
      "properties": {
        "plot_id": "14",
        "owner_name": "Satyabrata Panda"
      },
      "geometry": {
        "type": "Polygon",
        "coordinates": [
          [
            [
              86.904796,
              21.492261
            ],
            [
              86.903875,
              21.491113
            ],
            [
              86.902931,
              21.491477
            ],
            [
              86.903943,
              21.492974
            ],
            [
              86.904796,
              21.492261
            ]
          ]
        ]
      }
    },
    {
      "type": "Feature",
      "properties": {
        "plot_id": "15",
        "owner_name": "Jayanta Mishra"
      },
      "geometry": {
        "type": "Polygon",
        "coordinates": [
          [
            [
              86.903943,
              21.492974
            ],
            [
              86.90367,
              21.493866
            ],
            [
              86.90384,
              21.493995
            ],
            [
              86.905988,
              21.493469
            ],
            [
              86.906211,
              21.493296
            ],
            [
              86.906045,
              21.491969
            ],
            [
              86.904796,
              21.492261
            ],
            [
              86.903943,
              21.492974
            ]
          ]
        ]
      }
    },
    {
      "type": "Feature",
      "properties": {
        "plot_id": "16",
        "owner_name": "Jayanta Samal"
      },
      "geometry": {
        "type": "Polygon",
        "coordinates": [
          [
            [
              86.904796,
              21.492261
            ],
            [
              86.906045,
              21.491969
            ],
            [
              86.906107,
              21.491862
            ],
            [
              86.90561,
              21.491233
            ],
            [
              86.904187,
              21.490648
            ],
            [
              86.903875,
              21.491113
            ],
            [
              86.904796,
              21.492261
            ]
          ]
        ]
      }
    },
    {
      "type": "Feature",
      "properties": {
        "plot_id": "17",
        "owner_name": "Subrat Mishra"
      },
      "geometry": {
        "type": "Polygon",
        "coordinates": [
          [
            [
              86.901628,
              21.499374
            ],
            [
              86.902829,
              21.500383
            ],
            [
              86.903316,
              21.500092
            ],
            [
              86.903467,
              21.498471
            ],
            [
              86.902067,
              21.498849
            ],
            [
              86.901628,
              21.499374
            ]
          ]
        ]
      }
    },
    {
      "type": "Feature",
      "properties": {
        "plot_id": "18",
        "owner_name": "Minati Patra"
      },
      "geometry": {
        "type": "Polygon",
        "coordinates": [
          [
            [
              86.900325,
              21.498357
            ],
            [
              86.899824,
              21.498741
            ],
            [
              86.899399,
              21.500054
            ],
            [
              86.900579,
              21.500525
            ],
            [
              86.901058,
              21.499572
            ],
            [
              86.900325,
              21.498357
            ]
          ]
        ]
      }
    },
    {
      "type": "Feature",
      "properties": {
        "plot_id": "19",
        "owner_name": "Jayanta Nayak"
      },
      "geometry": {
        "type": "Polygon",
        "coordinates": [
          [
            [
              86.902067,
              21.498849
            ],
            [
              86.903467,
              21.498471
            ],
            [
              86.903583,
              21.498332
            ],
            [
              86.902999,
              21.497112
            ],
            [
              86.901793,
              21.496709
            ],
            [
              86.901223,
              21.497294
            ],
            [
              86.902067,
              21.498849
            ]
          ]
        ]
      }
    },
    {
      "type": "Feature",
      "properties": {
        "plot_id": "20",
        "owner_name": "Deepak Barik"
      },
      "geometry": {
        "type": "Polygon",
        "coordinates": [
          [
            [
              86.902829,
              21.500383
            ],
            [
              86.90229,
              21.501495
            ],
            [
              86.90421,
              21.501087
            ],
            [
              86.904343,
              21.50095
            ],
            [
              86.90432,
              21.500762
            ],
            [
              86.90386,
              21.50037
            ],
            [
              86.903316,
              21.500092
            ],
            [
              86.902829,
              21.500383
            ]
          ]
        ]
      }
    },
    {
      "type": "Feature",
      "properties": {
        "plot_id": "21",
        "owner_name": "Manas Rath"
      },
      "geometry": {
        "type": "Polygon",
        "coordinates": [
          [
            [
              86.903316,
              21.500092
            ],
            [
              86.90386,
              21.50037
            ],
            [
              86.904505,
              21.49948
            ],
            [
              86.904791,
              21.498364
            ],
            [
              86.903583,
              21.498332
            ],
            [
              86.903467,
              21.498471
            ],
            [
              86.903316,
              21.500092
            ]
          ]
        ]
      }
    },
    {
      "type": "Feature",
      "properties": {
        "plot_id": "22",
        "owner_name": "Minati Patra"
      },
      "geometry": {
        "type": "Polygon",
        "coordinates": [
          [
            [
              86.89911,
              21.498801
            ],
            [
              86.899023,
              21.500032
            ],
            [
              86.899399,
              21.500054
            ],
            [
              86.899824,
              21.498741
            ],
            [
              86.89911,
              21.498801
            ]
          ]
        ]
      }
    },
    {
      "type": "Feature",
      "properties": {
        "plot_id": "23",
        "owner_name": "Pradeep Panda"
      },
      "geometry": {
        "type": "Polygon",
        "coordinates": [
          [
            [
              86.901939,
              21.501976
            ],
            [
              86.902963,
              21.502761
            ],
            [
              86.903058,
              21.502754
            ],
            [
              86.903495,
              21.502526
            ],
            [
              86.90421,
              21.501087
            ],
            [
              86.90229,
              21.501495
            ],
            [
              86.901939,
              21.501976
            ]
          ]
        ]
      }
    },
    {
      "type": "Feature",
      "properties": {
        "plot_id": "24",
        "owner_name": "Jayanta Panda"
      },
      "geometry": {
        "type": "Polygon",
        "coordinates": [
          [
            [
              86.939471,
              21.49257
            ],
            [
              86.93923,
              21.493249
            ],
            [
              86.939564,
              21.494102
            ],
            [
              86.941412,
              21.493778
            ],
            [
              86.941483,
              21.493432
            ],
            [
              86.94149,
              21.493091
            ],
            [
              86.939471,
              21.49257
            ]
          ]
        ]
      }
    },
    {
      "type": "Feature",
      "properties": {
        "plot_id": "25",
        "owner_name": "Manas Patra"
      },
      "geometry": {
        "type": "Polygon",
        "coordinates": [
          [
            [
              86.93925,
              21.491834
            ],
            [
              86.938431,
              21.491288
            ],
            [
              86.938268,
              21.492902
            ],
            [
              86.93923,
              21.493249
            ],
            [
              86.939471,
              21.49257
            ],
            [
              86.93925,
              21.491834
            ]
          ]
        ]
      }
    },
    {
      "type": "Feature",
      "properties": {
        "plot_id": "26",
        "owner_name": "Jayanta Das"
      },
      "geometry": {
        "type": "Polygon",
        "coordinates": [
          [
            [
              86.90384,
              21.493995
            ],
            [
              86.904285,
              21.494689
            ],
            [
              86.905464,
              21.494759
            ],
            [
              86.905988,
              21.493469
            ],
            [
              86.90384,
              21.493995
            ]
          ]
        ]
      }
    },
    {
      "type": "Feature",
      "properties": {
        "plot_id": "27",
        "owner_name": "Satyabrata Patra"
      },
      "geometry": {
        "type": "Polygon",
        "coordinates": [
          [
            [
              86.90384,
              21.493995
            ],
            [
              86.90367,
              21.493866
            ],
            [
              86.902747,
              21.49402
            ],
            [
              86.902763,
              21.495267
            ],
            [
              86.903682,
              21.496168
            ],
            [
              86.904302,
              21.495774
            ],
            [
              86.904285,
              21.494689
            ],
            [
              86.90384,
              21.493995
            ]
          ]
        ]
      }
    },
    {
      "type": "Feature",
      "properties": {
        "plot_id": "28",
        "owner_name": "Tapan Nayak"
      },
      "geometry": {
        "type": "Polygon",
        "coordinates": [
          [
            [
              86.904285,
              21.494689
            ],
            [
              86.904302,
              21.495774
            ],
            [
              86.905741,
              21.496685
            ],
            [
              86.90593,
              21.496568
            ],
            [
              86.906204,
              21.495935
            ],
            [
              86.906174,
              21.495429
            ],
            [
              86.905464,
              21.494759
            ],
            [
              86.904285,
              21.494689
            ]
          ]
        ]
      }
    },
    {
      "type": "Feature",
      "properties": {
        "plot_id": "29",
        "owner_name": "Jayanta Nayak"
      },
      "geometry": {
        "type": "Polygon",
        "coordinates": [
          [
            [
              86.905464,
              21.494759
            ],
            [
              86.906174,
              21.495429
            ],
            [
              86.907115,
              21.494053
            ],
            [
              86.906211,
              21.493296
            ],
            [
              86.905988,
              21.493469
            ],
            [
              86.905464,
              21.494759
            ]
          ]
        ]
      }
    },
    {
      "type": "Feature",
      "properties": {
        "plot_id": "30",
        "owner_name": "Soumya Sahoo"
      },
      "geometry": {
        "type": "Polygon",
        "coordinates": [
          [
            [
              86.903583,
              21.498332
            ],
            [
              86.904791,
              21.498364
            ],
            [
              86.904961,
              21.498333
            ],
            [
              86.905286,
              21.49799
            ],
            [
              86.905516,
              21.497229
            ],
            [
              86.903371,
              21.496668
            ],
            [
              86.902999,
              21.497112
            ],
            [
              86.903583,
              21.498332
            ]
          ]
        ]
      }
    },
    {
      "type": "Feature",
      "properties": {
        "plot_id": "31",
        "owner_name": "Minati Samal"
      },
      "geometry": {
        "type": "Polygon",
        "coordinates": [
          [
            [
              86.902999,
              21.497112
            ],
            [
              86.903371,
              21.496668
            ],
            [
              86.903682,
              21.496168
            ],
            [
              86.902763,
              21.495267
            ],
            [
              86.901783,
              21.496663
            ],
            [
              86.901793,
              21.496709
            ],
            [
              86.902999,
              21.497112
            ]
          ]
        ]
      }
    },
    {
      "type": "Feature",
      "properties": {
        "plot_id": "32",
        "owner_name": "Bijay Mohapatra"
      },
      "geometry": {
        "type": "Polygon",
        "coordinates": [
          [
            [
              86.904505,
              21.49948
            ],
            [
              86.904696,
              21.500448
            ],
            [
              86.904798,
              21.500397
            ],
            [
              86.905493,
              21.499364
            ],
            [
              86.904961,
              21.498333
            ],
            [
              86.904791,
              21.498364
            ],
            [
              86.904505,
              21.49948
            ]
          ]
        ]
      }
    },
    {
      "type": "Feature",
      "properties": {
        "plot_id": "33",
        "owner_name": "Deepak Biswal"
      },
      "geometry": {
        "type": "Polygon",
        "coordinates": [
          [
            [
              86.90386,
              21.50037
            ],
            [
              86.90432,
              21.500762
            ],
            [
              86.904696,
              21.500448
            ],
            [
              86.904505,
              21.49948
            ],
            [
              86.90386,
              21.50037
            ]
          ]
        ]
      }
    },
    {
      "type": "Feature",
      "properties": {
        "plot_id": "34",
        "owner_name": "Satyabrata Patra"
      },
      "geometry": {
        "type": "Polygon",
        "coordinates": [
          [
            [
              86.90432,
              21.500762
            ],
            [
              86.904343,
              21.50095
            ],
            [
              86.905844,
              21.502277
            ],
            [
              86.906289,
              21.501778
            ],
            [
              86.905932,
              21.500703
            ],
            [
              86.904798,
              21.500397
            ],
            [
              86.904696,
              21.500448
            ],
            [
              86.90432,
              21.500762
            ]
          ]
        ]
      }
    },
    {
      "type": "Feature",
      "properties": {
        "plot_id": "35",
        "owner_name": "Subrat Samal"
      },
      "geometry": {
        "type": "Polygon",
        "coordinates": [
          [
            [
              86.901262,
              21.503412
            ],
            [
              86.900819,
              21.504349
            ],
            [
              86.901119,
              21.504653
            ],
            [
              86.901282,
              21.504757
            ],
            [
              86.901784,
              21.504108
            ],
            [
              86.901262,
              21.503412
            ]
          ]
        ]
      }
    },
    {
      "type": "Feature",
      "properties": {
        "plot_id": "36",
        "owner_name": "Minati Patra"
      },
      "geometry": {
        "type": "Polygon",
        "coordinates": [
          [
            [
              86.902776,
              21.504005
            ],
            [
              86.902545,
              21.505481
            ],
            [
              86.903512,
              21.505848
            ],
            [
              86.903965,
              21.505933
            ],
            [
              86.904421,
              21.504716
            ],
            [
              86.902776,
              21.504005
            ]
          ]
        ]
      }
    },
    {
      "type": "Feature",
      "properties": {
        "plot_id": "37",
        "owner_name": "Pradeep Biswal"
      },
      "geometry": {
        "type": "Polygon",
        "coordinates": [
          [
            [
              86.902777,
              21.504004
            ],
            [
              86.904421,
              21.504716
            ],
            [
              86.904424,
              21.504712
            ],
            [
              86.90445,
              21.503797
            ],
            [
              86.903058,
              21.502754
            ],
            [
              86.902963,
              21.502761
            ],
            [
              86.902777,
              21.504004
            ]
          ]
        ]
      }
    },
    {
      "type": "Feature",
      "properties": {
        "plot_id": "38",
        "owner_name": "Bijay Patra"
      },
      "geometry": {
        "type": "Polygon",
        "coordinates": [
          [
            [
              86.939202,
              21.49462
            ],
            [
              86.939564,
              21.494102
            ],
            [
              86.939231,
              21.493264
            ],
            [
              86.93832,
              21.4936
            ],
            [
              86.938311,
              21.493619
            ],
            [
              86.938678,
              21.494848
            ],
            [
              86.938728,
              21.49485
            ],
            [
              86.939202,
              21.49462
            ]
          ]
        ]
      }
    },
    {
      "type": "Feature",
      "properties": {
        "plot_id": "39",
        "owner_name": "Tapan Biswal"
      },
      "geometry": {
        "type": "Polygon",
        "coordinates": [
          [
            [
              86.938728,
              21.49485
            ],
            [
              86.939502,
              21.497109
            ],
            [
              86.939963,
              21.495277
            ],
            [
              86.939202,
              21.49462
            ],
            [
              86.938728,
              21.49485
            ]
          ]
        ]
      }
    },
    {
      "type": "Feature",
      "properties": {
        "plot_id": "40",
        "owner_name": "Rashmi Pradhan"
      },
      "geometry": {
        "type": "Polygon",
        "coordinates": [
          [
            [
              86.938728,
              21.49485
            ],
            [
              86.938635,
              21.494857
            ],
            [
              86.938375,
              21.495133
            ],
            [
              86.937922,
              21.496632
            ],
            [
              86.93946,
              21.497811
            ],
            [
              86.939576,
              21.49767
            ],
            [
              86.939502,
              21.497109
            ],
            [
              86.938728,
              21.49485
            ]
          ]
        ]
      }
    },
    {
      "type": "Feature",
      "properties": {
        "plot_id": "41",
        "owner_name": "Subrat Biswal"
      },
      "geometry": {
        "type": "Polygon",
        "coordinates": [
          [
            [
              86.938311,
              21.493619
            ],
            [
              86.937451,
              21.493704
            ],
            [
              86.937421,
              21.494065
            ],
            [
              86.937461,
              21.494276
            ],
            [
              86.938635,
              21.494857
            ],
            [
              86.938678,
              21.494848
            ],
            [
              86.938311,
              21.493619
            ]
          ]
        ]
      }
    },
    {
      "type": "Feature",
      "properties": {
        "plot_id": "42",
        "owner_name": "Rashmi Pradhan"
      },
      "geometry": {
        "type": "Polygon",
        "coordinates": [
          [
            [
              86.939231,
              21.493264
            ],
            [
              86.93923,
              21.493249
            ],
            [
              86.938268,
              21.492902
            ],
            [
              86.93818,
              21.492983
            ],
            [
              86.93832,
              21.4936
            ],
            [
              86.939231,
              21.493264
            ]
          ]
        ]
      }
    },
    {
      "type": "Feature",
      "properties": {
        "plot_id": "43",
        "owner_name": "Soumya Mishra"
      },
      "geometry": {
        "type": "Polygon",
        "coordinates": [
          [
            [
              86.93832,
              21.4936
            ],
            [
              86.93818,
              21.492983
            ],
            [
              86.937305,
              21.493171
            ],
            [
              86.937451,
              21.493704
            ],
            [
              86.938311,
              21.493619
            ],
            [
              86.93832,
              21.4936
            ]
          ]
        ]
      }
    },
    {
      "type": "Feature",
      "properties": {
        "plot_id": "44",
        "owner_name": "Alok Nayak"
      },
      "geometry": {
        "type": "Polygon",
        "coordinates": [
          [
            [
              86.937922,
              21.496632
            ],
            [
              86.937709,
              21.496592
            ],
            [
              86.93693,
              21.496686
            ],
            [
              86.936428,
              21.497022
            ],
            [
              86.936512,
              21.497876
            ],
            [
              86.936953,
              21.498593
            ],
            [
              86.938302,
              21.499129
            ],
            [
              86.938895,
              21.498492
            ],
            [
              86.93946,
              21.497811
            ],
            [
              86.937922,
              21.496632
            ]
          ]
        ]
      }
    },
    {
      "type": "Feature",
      "properties": {
        "plot_id": "45",
        "owner_name": "Alok Patra"
      },
      "geometry": {
        "type": "Polygon",
        "coordinates": [
          [
            [
              86.938375,
              21.495133
            ],
            [
              86.937739,
              21.495352
            ],
            [
              86.937457,
              21.495546
            ],
            [
              86.937709,
              21.496592
            ],
            [
              86.937922,
              21.496632
            ],
            [
              86.938375,
              21.495133
            ]
          ]
        ]
      }
    },
    {
      "type": "Feature",
      "properties": {
        "plot_id": "46",
        "owner_name": "Jayanta Nayak"
      },
      "geometry": {
        "type": "Polygon",
        "coordinates": [
          [
            [
              86.938635,
              21.494857
            ],
            [
              86.937461,
              21.494276
            ],
            [
              86.936972,
              21.494705
            ],
            [
              86.937739,
              21.495352
            ],
            [
              86.938375,
              21.495133
            ],
            [
              86.938635,
              21.494857
            ]
          ]
        ]
      }
    },
    {
      "type": "Feature",
      "properties": {
        "plot_id": "47",
        "owner_name": "Manas Sahoo"
      },
      "geometry": {
        "type": "Polygon",
        "coordinates": [
          [
            [
              86.909779,
              21.476238
            ],
            [
              86.909778,
              21.476705
            ],
            [
              86.912,
              21.47793
            ],
            [
              86.912392,
              21.476895
            ],
            [
              86.912446,
              21.476561
            ],
            [
              86.911035,
              21.474856
            ],
            [
              86.909924,
              21.475511
            ],
            [
              86.909779,
              21.476238
            ]
          ]
        ]
      }
    },
    {
      "type": "Feature",
      "properties": {
        "plot_id": "48",
        "owner_name": "Alok Rath"
      },
      "geometry": {
        "type": "Polygon",
        "coordinates": [
          [
            [
              86.908536,
              21.476908
            ],
            [
              86.908156,
              21.477671
            ],
            [
              86.908831,
              21.477981
            ],
            [
              86.909769,
              21.476927
            ],
            [
              86.909779,
              21.476238
            ],
            [
              86.908536,
              21.476908
            ]
          ]
        ]
      }
    },
    {
      "type": "Feature",
      "properties": {
        "plot_id": "49",
        "owner_name": "Jayanta Mohapatra"
      },
      "geometry": {
        "type": "Polygon",
        "coordinates": [
          [
            [
              86.906999,
              21.480226
            ],
            [
              86.907171,
              21.480176
            ],
            [
              86.907789,
              21.479378
            ],
            [
              86.907305,
              21.478816
            ],
            [
              86.906506,
              21.478204
            ],
            [
              86.90644,
              21.478278
            ],
            [
              86.905903,
              21.479059
            ],
            [
              86.905713,
              21.479432
            ],
            [
              86.906999,
              21.480226
            ]
          ]
        ]
      }
    },
    {
      "type": "Feature",
      "properties": {
        "plot_id": "50",
        "owner_name": "Tapan Patra"
      },
      "geometry": {
        "type": "Polygon",
        "coordinates": [
          [
            [
              86.907535,
              21.477156
            ],
            [
              86.90707,
              21.477572
            ],
            [
              86.906506,
              21.478204
            ],
            [
              86.907305,
              21.478816
            ],
            [
              86.908049,
              21.477646
            ],
            [
              86.907705,
              21.477215
            ],
            [
              86.907535,
              21.477156
            ]
          ]
        ]
      }
    },
    {
      "type": "Feature",
      "properties": {
        "plot_id": "51",
        "owner_name": "Pradeep Nayak"
      },
      "geometry": {
        "type": "Polygon",
        "coordinates": [
          [
            [
              86.907705,
              21.477215
            ],
            [
              86.908049,
              21.477646
            ],
            [
              86.908156,
              21.477671
            ],
            [
              86.908536,
              21.476908
            ],
            [
              86.907705,
              21.477215
            ]
          ]
        ]
      }
    },
    {
      "type": "Feature",
      "properties": {
        "plot_id": "52",
        "owner_name": "Deepak Samal"
      },
      "geometry": {
        "type": "Polygon",
        "coordinates": [
          [
            [
              86.909778,
              21.476705
            ],
            [
              86.909772,
              21.476933
            ],
            [
              86.910762,
              21.47788
            ],
            [
              86.911881,
              21.478323
            ],
            [
              86.912,
              21.47793
            ],
            [
              86.909778,
              21.476705
            ]
          ]
        ]
      }
    },
    {
      "type": "Feature",
      "properties": {
        "plot_id": "53",
        "owner_name": "Jayanta Das"
      },
      "geometry": {
        "type": "Polygon",
        "coordinates": [
          [
            [
              86.912,
              21.47793
            ],
            [
              86.911881,
              21.478323
            ],
            [
              86.911986,
              21.479072
            ],
            [
              86.912695,
              21.479752
            ],
            [
              86.913688,
              21.479378
            ],
            [
              86.913994,
              21.47899
            ],
            [
              86.912392,
              21.476895
            ],
            [
              86.912,
              21.47793
            ]
          ]
        ]
      }
    },
    {
      "type": "Feature",
      "properties": {
        "plot_id": "54",
        "owner_name": "Bijay Mishra"
      },
      "geometry": {
        "type": "Polygon",
        "coordinates": [
          [
            [
              86.912392,
              21.476895
            ],
            [
              86.913994,
              21.47899
            ],
            [
              86.914732,
              21.478359
            ],
            [
              86.914812,
              21.478173
            ],
            [
              86.91389,
              21.47664
            ],
            [
              86.912446,
              21.476561
            ],
            [
              86.912392,
              21.476895
            ]
          ]
        ]
      }
    },
    {
      "type": "Feature",
      "properties": {
        "plot_id": "55",
        "owner_name": "Jayanta Panda"
      },
      "geometry": {
        "type": "Polygon",
        "coordinates": [
          [
            [
              86.911581,
              21.480825
            ],
            [
              86.911813,
              21.482215
            ],
            [
              86.912172,
              21.482167
            ],
            [
              86.912221,
              21.480439
            ],
            [
              86.911581,
              21.480825
            ]
          ]
        ]
      }
    },
    {
      "type": "Feature",
      "properties": {
        "plot_id": "56",
        "owner_name": "Rashmi Samal"
      },
      "geometry": {
        "type": "Polygon",
        "coordinates": [
          [
            [
              86.912221,
              21.480439
            ],
            [
              86.912606,
              21.480107
            ],
            [
              86.912695,
              21.479752
            ],
            [
              86.911986,
              21.479072
            ],
            [
              86.911802,
              21.4791
            ],
            [
              86.910039,
              21.481163
            ],
            [
              86.910051,
              21.481195
            ],
            [
              86.91017,
              21.481205
            ],
            [
              86.911581,
              21.480825
            ],
            [
              86.912221,
              21.480439
            ]
          ]
        ]
      }
    },
    {
      "type": "Feature",
      "properties": {
        "plot_id": "57",
        "owner_name": "Subrat Biswal"
      },
      "geometry": {
        "type": "Polygon",
        "coordinates": [
          [
            [
              86.912172,
              21.482167
            ],
            [
              86.912848,
              21.482349
            ],
            [
              86.913588,
              21.481998
            ],
            [
              86.912606,
              21.480107
            ],
            [
              86.912221,
              21.480439
            ],
            [
              86.912172,
              21.482167
            ]
          ]
        ]
      }
    },
    {
      "type": "Feature",
      "properties": {
        "plot_id": "58",
        "owner_name": "Alok Mishra"
      },
      "geometry": {
        "type": "Polygon",
        "coordinates": [
          [
            [
              86.911581,
              21.480825
            ],
            [
              86.91017,
              21.481205
            ],
            [
              86.911521,
              21.482406
            ],
            [
              86.911813,
              21.482215
            ],
            [
              86.911581,
              21.480825
            ]
          ]
        ]
      }
    },
    {
      "type": "Feature",
      "properties": {
        "plot_id": "59",
        "owner_name": "Rashmi Sahoo"
      },
      "geometry": {
        "type": "Polygon",
        "coordinates": [
          [
            [
              86.911813,
              21.482215
            ],
            [
              86.911521,
              21.482406
            ],
            [
              86.911338,
              21.483297
            ],
            [
              86.912226,
              21.48381
            ],
            [
              86.912848,
              21.482349
            ],
            [
              86.912172,
              21.482167
            ],
            [
              86.911813,
              21.482215
            ]
          ]
        ]
      }
    },
    {
      "type": "Feature",
      "properties": {
        "plot_id": "60",
        "owner_name": "Deepak Mishra"
      },
      "geometry": {
        "type": "Polygon",
        "coordinates": [
          [
            [
              86.916544,
              21.48695
            ],
            [
              86.917147,
              21.487381
            ],
            [
              86.918736,
              21.486071
            ],
            [
              86.918717,
              21.486027
            ],
            [
              86.917993,
              21.485216
            ],
            [
              86.917699,
              21.485302
            ],
            [
              86.916544,
              21.48695
            ]
          ]
        ]
      }
    },
    {
      "type": "Feature",
      "properties": {
        "plot_id": "61",
        "owner_name": "Jayanta Patra"
      },
      "geometry": {
        "type": "Polygon",
        "coordinates": [
          [
            [
              86.917699,
              21.485302
            ],
            [
              86.916129,
              21.484656
            ],
            [
              86.915723,
              21.48475
            ],
            [
              86.915065,
              21.485459
            ],
            [
              86.914998,
              21.485929
            ],
            [
              86.915347,
              21.48665
            ],
            [
              86.916544,
              21.48695
            ],
            [
              86.917699,
              21.485302
            ]
          ]
        ]
      }
    },
    {
      "type": "Feature",
      "properties": {
        "plot_id": "62",
        "owner_name": "Manas Patra"
      },
      "geometry": {
        "type": "Polygon",
        "coordinates": [
          [
            [
              86.917993,
              21.485216
            ],
            [
              86.918102,
              21.484873
            ],
            [
              86.917784,
              21.48386
            ],
            [
              86.917258,
              21.483701
            ],
            [
              86.916129,
              21.484656
            ],
            [
              86.917699,
              21.485302
            ],
            [
              86.917993,
              21.485216
            ]
          ]
        ]
      }
    },
    {
      "type": "Feature",
      "properties": {
        "plot_id": "63",
        "owner_name": "Jayanta Nayak"
      },
      "geometry": {
        "type": "Polygon",
        "coordinates": [
          [
            [
              86.918717,
              21.486027
            ],
            [
              86.919869,
              21.484189
            ],
            [
              86.918102,
              21.484873
            ],
            [
              86.917993,
              21.485216
            ],
            [
              86.918717,
              21.486027
            ]
          ]
        ]
      }
    },
    {
      "type": "Feature",
      "properties": {
        "plot_id": "64",
        "owner_name": "Tapan Nayak"
      },
      "geometry": {
        "type": "Polygon",
        "coordinates": [
          [
            [
              86.916544,
              21.48695
            ],
            [
              86.915347,
              21.48665
            ],
            [
              86.915212,
              21.486953
            ],
            [
              86.915374,
              21.488674
            ],
            [
              86.916518,
              21.488839
            ],
            [
              86.917414,
              21.488006
            ],
            [
              86.917364,
              21.487756
            ],
            [
              86.917147,
              21.487381
            ],
            [
              86.916544,
              21.48695
            ]
          ]
        ]
      }
    },
    {
      "type": "Feature",
      "properties": {
        "plot_id": "65",
        "owner_name": "Satyabrata Sahoo"
      },
      "geometry": {
        "type": "Polygon",
        "coordinates": [
          [
            [
              86.917147,
              21.487381
            ],
            [
              86.917364,
              21.487756
            ],
            [
              86.919665,
              21.487151
            ],
            [
              86.919753,
              21.486929
            ],
            [
              86.919568,
              21.486584
            ],
            [
              86.918736,
              21.486071
            ],
            [
              86.917147,
              21.487381
            ]
          ]
        ]
      }
    },
    {
      "type": "Feature",
      "properties": {
        "plot_id": "66",
        "owner_name": "Manas Panda"
      },
      "geometry": {
        "type": "Polygon",
        "coordinates": [
          [
            [
              86.918736,
              21.486071
            ],
            [
              86.919568,
              21.486584
            ],
            [
              86.920505,
              21.484597
            ],
            [
              86.920328,
              21.484118
            ],
            [
              86.919982,
              21.48411
            ],
            [
              86.919869,
              21.484189
            ],
            [
              86.918717,
              21.486027
            ],
            [
              86.918736,
              21.486071
            ]
          ]
        ]
      }
    },
    {
      "type": "Feature",
      "properties": {
        "plot_id": "67",
        "owner_name": "Bijay Nayak"
      },
      "geometry": {
        "type": "Polygon",
        "coordinates": [
          [
            [
              86.916629,
              21.482665
            ],
            [
              86.916992,
              21.483016
            ],
            [
              86.918569,
              21.48227
            ],
            [
              86.918622,
              21.481967
            ],
            [
              86.916901,
              21.481607
            ],
            [
              86.916629,
              21.482665
            ]
          ]
        ]
      }
    },
    {
      "type": "Feature",
      "properties": {
        "plot_id": "68",
        "owner_name": "Jayanta Rath"
      },
      "geometry": {
        "type": "Polygon",
        "coordinates": [
          [
            [
              86.916901,
              21.481607
            ],
            [
              86.916868,
              21.481546
            ],
            [
              86.915601,
              21.481577
            ],
            [
              86.915479,
              21.482892
            ],
            [
              86.915583,
              21.482966
            ],
            [
              86.916629,
              21.482665
            ],
            [
              86.916901,
              21.481607
            ]
          ]
        ]
      }
    },
    {
      "type": "Feature",
      "properties": {
        "plot_id": "69",
        "owner_name": "Alok Mishra"
      },
      "geometry": {
        "type": "Polygon",
        "coordinates": [
          [
            [
              86.918622,
              21.481967
            ],
            [
              86.918878,
              21.481702
            ],
            [
              86.919205,
              21.481067
            ],
            [
              86.918494,
              21.480854
            ],
            [
              86.916868,
              21.480971
            ],
            [
              86.916868,
              21.481546
            ],
            [
              86.916901,
              21.481607
            ],
            [
              86.918622,
              21.481967
            ]
          ]
        ]
      }
    },
    {
      "type": "Feature",
      "properties": {
        "plot_id": "70",
        "owner_name": "Soumya Biswal"
      },
      "geometry": {
        "type": "Polygon",
        "coordinates": [
          [
            [
              86.918569,
              21.48227
            ],
            [
              86.918683,
              21.483209
            ],
            [
              86.919982,
              21.48411
            ],
            [
              86.920328,
              21.484118
            ],
            [
              86.920822,
              21.48347
            ],
            [
              86.918878,
              21.481702
            ],
            [
              86.918622,
              21.481967
            ],
            [
              86.918569,
              21.48227
            ]
          ]
        ]
      }
    },
    {
      "type": "Feature",
      "properties": {
        "plot_id": "71",
        "owner_name": "Tapan Sahoo"
      },
      "geometry": {
        "type": "Polygon",
        "coordinates": [
          [
            [
              86.916992,
              21.483016
            ],
            [
              86.917258,
              21.483701
            ],
            [
              86.917784,
              21.48386
            ],
            [
              86.918683,
              21.483209
            ],
            [
              86.918569,
              21.48227
            ],
            [
              86.916992,
              21.483016
            ]
          ]
        ]
      }
    },
    {
      "type": "Feature",
      "properties": {
        "plot_id": "72",
        "owner_name": "Tapan Sahoo"
      },
      "geometry": {
        "type": "Polygon",
        "coordinates": [
          [
            [
              86.916629,
              21.482665
            ],
            [
              86.915583,
              21.482966
            ],
            [
              86.915723,
              21.48475
            ],
            [
              86.916129,
              21.484656
            ],
            [
              86.917258,
              21.483701
            ],
            [
              86.916992,
              21.483016
            ],
            [
              86.916629,
              21.482665
            ]
          ]
        ]
      }
    },
    {
      "type": "Feature",
      "properties": {
        "plot_id": "73",
        "owner_name": "Manas Rath"
      },
      "geometry": {
        "type": "Polygon",
        "coordinates": [
          [
            [
              86.915583,
              21.482966
            ],
            [
              86.915479,
              21.482892
            ],
            [
              86.914182,
              21.482672
            ],
            [
              86.913944,
              21.483472
            ],
            [
              86.914308,
              21.484608
            ],
            [
              86.915065,
              21.485459
            ],
            [
              86.915723,
              21.48475
            ],
            [
              86.915583,
              21.482966
            ]
          ]
        ]
      }
    },
    {
      "type": "Feature",
      "properties": {
        "plot_id": "74",
        "owner_name": "Manas Biswal"
      },
      "geometry": {
        "type": "Polygon",
        "coordinates": [
          [
            [
              86.917784,
              21.48386
            ],
            [
              86.918102,
              21.484873
            ],
            [
              86.919869,
              21.484189
            ],
            [
              86.919982,
              21.48411
            ],
            [
              86.918683,
              21.483209
            ],
            [
              86.917784,
              21.48386
            ]
          ]
        ]
      }
    },
    {
      "type": "Feature",
      "properties": {
        "plot_id": "75",
        "owner_name": "Tapan Biswal"
      },
      "geometry": {
        "type": "Polygon",
        "coordinates": [
          [
            [
              86.919568,
              21.486584
            ],
            [
              86.919753,
              21.486929
            ],
            [
              86.920362,
              21.486891
            ],
            [
              86.920815,
              21.486726
            ],
            [
              86.921281,
              21.485438
            ],
            [
              86.921258,
              21.485297
            ],
            [
              86.920505,
              21.484597
            ],
            [
              86.919568,
              21.486584
            ]
          ]
        ]
      }
    },
    {
      "type": "Feature",
      "properties": {
        "plot_id": "76",
        "owner_name": "Deepak Mohapatra"
      },
      "geometry": {
        "type": "Polygon",
        "coordinates": [
          [
            [
              86.920505,
              21.484597
            ],
            [
              86.921258,
              21.485297
            ],
            [
              86.922219,
              21.485032
            ],
            [
              86.922415,
              21.484824
            ],
            [
              86.921726,
              21.483389
            ],
            [
              86.920972,
              21.483353
            ],
            [
              86.920822,
              21.48347
            ],
            [
              86.920328,
              21.484118
            ],
            [
              86.920505,
              21.484597
            ]
          ]
        ]
      }
    },
    {
      "type": "Feature",
      "properties": {
        "plot_id": "77",
        "owner_name": "Tapan Rath"
      },
      "geometry": {
        "type": "Polygon",
        "coordinates": [
          [
            [
              86.92111,
              21.46829
            ],
            [
              86.921204,
              21.469098
            ],
            [
              86.923182,
              21.469195
            ],
            [
              86.923362,
              21.468005
            ],
            [
              86.92111,
              21.46829
            ]
          ]
        ]
      }
    },
    {
      "type": "Feature",
      "properties": {
        "plot_id": "78",
        "owner_name": "Minati Biswal"
      },
      "geometry": {
        "type": "Polygon",
        "coordinates": [
          [
            [
              86.923362,
              21.468005
            ],
            [
              86.923182,
              21.469195
            ],
            [
              86.923891,
              21.470267
            ],
            [
              86.925926,
              21.467618
            ],
            [
              86.925758,
              21.467526
            ],
            [
              86.924578,
              21.467181
            ],
            [
              86.924218,
              21.467154
            ],
            [
              86.923362,
              21.468005
            ]
          ]
        ]
      }
    },
    {
      "type": "Feature",
      "properties": {
        "plot_id": "79",
        "owner_name": "Satyabrata Barik"
      },
      "geometry": {
        "type": "Polygon",
        "coordinates": [
          [
            [
              86.91525,
              21.472654
            ],
            [
              86.916844,
              21.473864
            ],
            [
              86.917557,
              21.473019
            ],
            [
              86.917346,
              21.47252
            ],
            [
              86.915603,
              21.471907
            ],
            [
              86.91525,
              21.472654
            ]
          ]
        ]
      }
    },
    {
      "type": "Feature",
      "properties": {
        "plot_id": "80",
        "owner_name": "Alok Rath"
      },
      "geometry": {
        "type": "Polygon",
        "coordinates": [
          [
            [
              86.917346,
              21.47252
            ],
            [
              86.917262,
              21.471688
            ],
            [
              86.917105,
              21.471271
            ],
            [
              86.916576,
              21.470407
            ],
            [
              86.915403,
              21.471464
            ],
            [
              86.915603,
              21.471907
            ],
            [
              86.917346,
              21.47252
            ]
          ]
        ]
      }
    },
    {
      "type": "Feature",
      "properties": {
        "plot_id": "81",
        "owner_name": "Manas Barik"
      },
      "geometry": {
        "type": "Polygon",
        "coordinates": [
          [
            [
              86.917557,
              21.473019
            ],
            [
              86.917792,
              21.473017
            ],
            [
              86.918902,
              21.470957
            ],
            [
              86.918859,
              21.470754
            ],
            [
              86.917262,
              21.471688
            ],
            [
              86.917346,
              21.47252
            ],
            [
              86.917557,
              21.473019
            ]
          ]
        ]
      }
    },
    {
      "type": "Feature",
      "properties": {
        "plot_id": "82",
        "owner_name": "Subrat Patra"
      },
      "geometry": {
        "type": "Polygon",
        "coordinates": [
          [
            [
              86.916844,
              21.473864
            ],
            [
              86.918365,
              21.475246
            ],
            [
              86.919199,
              21.474249
            ],
            [
              86.918874,
              21.473502
            ],
            [
              86.917919,
              21.473035
            ],
            [
              86.917792,
              21.473017
            ],
            [
              86.917557,
              21.473019
            ],
            [
              86.916844,
              21.473864
            ]
          ]
        ]
      }
    },
    {
      "type": "Feature",
      "properties": {
        "plot_id": "83",
        "owner_name": "Deepak Das"
      },
      "geometry": {
        "type": "Polygon",
        "coordinates": [
          [
            [
              86.904187,
              21.490648
            ],
            [
              86.90561,
              21.491233
            ],
            [
              86.905153,
              21.488858
            ],
            [
              86.904769,
              21.488706
            ],
            [
              86.904179,
              21.49047
            ],
            [
              86.904187,
              21.490648
            ]
          ]
        ]
      }
    },
    {
      "type": "Feature",
      "properties": {
        "plot_id": "84",
        "owner_name": "Manas Panda"
      },
      "geometry": {
        "type": "Polygon",
        "coordinates": [
          [
            [
              86.904769,
              21.488706
            ],
            [
              86.905153,
              21.488858
            ],
            [
              86.905885,
              21.488904
            ],
            [
              86.907046,
              21.487802
            ],
            [
              86.906432,
              21.486621
            ],
            [
              86.905817,
              21.486291
            ],
            [
              86.904929,
              21.486102
            ],
            [
              86.904726,
              21.486172
            ],
            [
              86.904629,
              21.487127
            ],
            [
              86.904447,
              21.487935
            ],
            [
              86.904333,
              21.488252
            ],
            [
              86.904769,
              21.488706
            ]
          ]
        ]
      }
    },
    {
      "type": "Feature",
      "properties": {
        "plot_id": "85",
        "owner_name": "Alok Das"
      },
      "geometry": {
        "type": "Polygon",
        "coordinates": [
          [
            [
              86.90561,
              21.491233
            ],
            [
              86.906107,
              21.491862
            ],
            [
              86.907224,
              21.491271
            ],
            [
              86.907686,
              21.490466
            ],
            [
              86.905885,
              21.488904
            ],
            [
              86.905153,
              21.488858
            ],
            [
              86.90561,
              21.491233
            ]
          ]
        ]
      }
    },
    {
      "type": "Feature",
      "properties": {
        "plot_id": "86",
        "owner_name": "Satyabrata Samal"
      },
      "geometry": {
        "type": "Polygon",
        "coordinates": [
          [
            [
              86.905969,
              21.484435
            ],
            [
              86.904929,
              21.486102
            ],
            [
              86.905817,
              21.486291
            ],
            [
              86.907135,
              21.485295
            ],
            [
              86.905969,
              21.484435
            ]
          ]
        ]
      }
    },
    {
      "type": "Feature",
      "properties": {
        "plot_id": "87",
        "owner_name": "Tapan Barik"
      },
      "geometry": {
        "type": "Polygon",
        "coordinates": [
          [
            [
              86.907135,
              21.485295
            ],
            [
              86.907688,
              21.485245
            ],
            [
              86.908141,
              21.484507
            ],
            [
              86.90606,
              21.484113
            ],
            [
              86.905969,
              21.484435
            ],
            [
              86.907135,
              21.485295
            ]
          ]
        ]
      }
    },
    {
      "type": "Feature",
      "properties": {
        "plot_id": "88",
        "owner_name": "Subrat Pradhan"
      },
      "geometry": {
        "type": "Polygon",
        "coordinates": [
          [
            [
              86.907135,
              21.485295
            ],
            [
              86.905817,
              21.486291
            ],
            [
              86.906432,
              21.486621
            ],
            [
              86.907765,
              21.486169
            ],
            [
              86.907688,
              21.485245
            ],
            [
              86.907135,
              21.485295
            ]
          ]
        ]
      }
    },
    {
      "type": "Feature",
      "properties": {
        "plot_id": "89",
        "owner_name": "Rashmi Patra"
      },
      "geometry": {
        "type": "Polygon",
        "coordinates": [
          [
            [
              86.907688,
              21.485245
            ],
            [
              86.907765,
              21.486169
            ],
            [
              86.908956,
              21.487231
            ],
            [
              86.909287,
              21.486865
            ],
            [
              86.908372,
              21.484489
            ],
            [
              86.908282,
              21.48441
            ],
            [
              86.908141,
              21.484507
            ],
            [
              86.907688,
              21.485245
            ]
          ]
        ]
      }
    },
    {
      "type": "Feature",
      "properties": {
        "plot_id": "90",
        "owner_name": "Tapan Mohapatra"
      },
      "geometry": {
        "type": "Polygon",
        "coordinates": [
          [
            [
              86.908141,
              21.484507
            ],
            [
              86.908282,
              21.48441
            ],
            [
              86.908398,
              21.483921
            ],
            [
              86.908382,
              21.483248
            ],
            [
              86.907026,
              21.483017
            ],
            [
              86.905912,
              21.483372
            ],
            [
              86.90606,
              21.484113
            ],
            [
              86.908141,
              21.484507
            ]
          ]
        ]
      }
    },
    {
      "type": "Feature",
      "properties": {
        "plot_id": "91",
        "owner_name": "Subrat Nayak"
      },
      "geometry": {
        "type": "Polygon",
        "coordinates": [
          [
            [
              86.905912,
              21.483372
            ],
            [
              86.907026,
              21.483017
            ],
            [
              86.907003,
              21.481805
            ],
            [
              86.906285,
              21.481648
            ],
            [
              86.905244,
              21.482782
            ],
            [
              86.905912,
              21.483372
            ]
          ]
        ]
      }
    },
    {
      "type": "Feature",
      "properties": {
        "plot_id": "92",
        "owner_name": "Minati Pradhan"
      },
      "geometry": {
        "type": "Polygon",
        "coordinates": [
          [
            [
              86.909287,
              21.486865
            ],
            [
              86.908956,
              21.487231
            ],
            [
              86.908797,
              21.487937
            ],
            [
              86.908932,
              21.488321
            ],
            [
              86.909806,
              21.488517
            ],
            [
              86.910713,
              21.487975
            ],
            [
              86.910392,
              21.48651
            ],
            [
              86.910272,
              21.486513
            ],
            [
              86.909657,
              21.486629
            ],
            [
              86.909287,
              21.486865
            ]
          ]
        ]
      }
    },
    {
      "type": "Feature",
      "properties": {
        "plot_id": "93",
        "owner_name": "Subrat Samal"
      },
      "geometry": {
        "type": "Polygon",
        "coordinates": [
          [
            [
              86.909657,
              21.486629
            ],
            [
              86.909617,
              21.48502
            ],
            [
              86.908372,
              21.484489
            ],
            [
              86.909287,
              21.486865
            ],
            [
              86.909657,
              21.486629
            ]
          ]
        ]
      }
    },
    {
      "type": "Feature",
      "properties": {
        "plot_id": "94",
        "owner_name": "Rashmi Das"
      },
      "geometry": {
        "type": "Polygon",
        "coordinates": [
          [
            [
              86.909657,
              21.486629
            ],
            [
              86.910272,
              21.486513
            ],
            [
              86.910297,
              21.484677
            ],
            [
              86.909617,
              21.48502
            ],
            [
              86.909657,
              21.486629
            ]
          ]
        ]
      }
    },
    {
      "type": "Feature",
      "properties": {
        "plot_id": "95",
        "owner_name": "Alok Barik"
      },
      "geometry": {
        "type": "Polygon",
        "coordinates": [
          [
            [
              86.909617,
              21.48502
            ],
            [
              86.910297,
              21.484677
            ],
            [
              86.910426,
              21.484568
            ],
            [
              86.910394,
              21.484156
            ],
            [
              86.908398,
              21.483921
            ],
            [
              86.908282,
              21.48441
            ],
            [
              86.908372,
              21.484489
            ],
            [
              86.909617,
              21.48502
            ]
          ]
        ]
      }
    },
    {
      "type": "Feature",
      "properties": {
        "plot_id": "96",
        "owner_name": "Tapan Patra"
      },
      "geometry": {
        "type": "Polygon",
        "coordinates": [
          [
            [
              86.910272,
              21.486513
            ],
            [
              86.910392,
              21.48651
            ],
            [
              86.911465,
              21.486377
            ],
            [
              86.911893,
              21.486096
            ],
            [
              86.911756,
              21.485438
            ],
            [
              86.910426,
              21.484568
            ],
            [
              86.910297,
              21.484677
            ],
            [
              86.910272,
              21.486513
            ]
          ]
        ]
      }
    },
    {
      "type": "Feature",
      "properties": {
        "plot_id": "97",
        "owner_name": "Jayanta Samal"
      },
      "geometry": {
        "type": "Polygon",
        "coordinates": [
          [
            [
              86.908956,
              21.487231
            ],
            [
              86.907765,
              21.486169
            ],
            [
              86.906432,
              21.486621
            ],
            [
              86.907046,
              21.487802
            ],
            [
              86.908797,
              21.487937
            ],
            [
              86.908956,
              21.487231
            ]
          ]
        ]
      }
    },
    {
      "type": "Feature",
      "properties": {
        "plot_id": "98",
        "owner_name": "Tapan Nayak"
      },
      "geometry": {
        "type": "Polygon",
        "coordinates": [
          [
            [
              86.907046,
              21.487802
            ],
            [
              86.905885,
              21.488904
            ],
            [
              86.907686,
              21.490466
            ],
            [
              86.908349,
              21.490147
            ],
            [
              86.908932,
              21.488321
            ],
            [
              86.908797,
              21.487937
            ],
            [
              86.907046,
              21.487802
            ]
          ]
        ]
      }
    },
    {
      "type": "Feature",
      "properties": {
        "plot_id": "99",
        "owner_name": "Bijay Biswal"
      },
      "geometry": {
        "type": "Polygon",
        "coordinates": [
          [
            [
              86.908349,
              21.490147
            ],
            [
              86.909188,
              21.490636
            ],
            [
              86.910214,
              21.490141
            ],
            [
              86.909982,
              21.488636
            ],
            [
              86.909806,
              21.488517
            ],
            [
              86.908932,
              21.488321
            ],
            [
              86.908349,
              21.490147
            ]
          ]
        ]
      }
    },
    {
      "type": "Feature",
      "properties": {
        "plot_id": "100",
        "owner_name": "Subrat Barik"
      },
      "geometry": {
        "type": "Polygon",
        "coordinates": [
          [
            [
              86.907686,
              21.490466
            ],
            [
              86.907224,
              21.491271
            ],
            [
              86.908171,
              21.492581
            ],
            [
              86.908772,
              21.492589
            ],
            [
              86.909139,
              21.490615
            ],
            [
              86.908349,
              21.490147
            ],
            [
              86.907686,
              21.490466
            ]
          ]
        ]
      }
    },
    {
      "type": "Feature",
      "properties": {
        "plot_id": "101",
        "owner_name": "Pradeep Nayak"
      },
      "geometry": {
        "type": "Polygon",
        "coordinates": [
          [
            [
              86.901171,
              21.493587
            ],
            [
              86.90057,
              21.49464
            ],
            [
              86.901783,
              21.496663
            ],
            [
              86.902763,
              21.495267
            ],
            [
              86.902747,
              21.49402
            ],
            [
              86.901171,
              21.493587
            ]
          ]
        ]
      }
    },
    {
      "type": "Feature",
      "properties": {
        "plot_id": "102",
        "owner_name": "Satyabrata Mohapatra"
      },
      "geometry": {
        "type": "Polygon",
        "coordinates": [
          [
            [
              86.903371,
              21.496668
            ],
            [
              86.905516,
              21.497229
            ],
            [
              86.905741,
              21.496685
            ],
            [
              86.904302,
              21.495774
            ],
            [
              86.903682,
              21.496168
            ],
            [
              86.903371,
              21.496668
            ]
          ]
        ]
      }
    },
    {
      "type": "Feature",
      "properties": {
        "plot_id": "103",
        "owner_name": "Manas Rath"
      },
      "geometry": {
        "type": "Polygon",
        "coordinates": [
          [
            [
              86.906087,
              21.496632
            ],
            [
              86.907004,
              21.497306
            ],
            [
              86.907514,
              21.496906
            ],
            [
              86.907256,
              21.496572
            ],
            [
              86.906087,
              21.496632
            ]
          ]
        ]
      }
    },
    {
      "type": "Feature",
      "properties": {
        "plot_id": "104",
        "owner_name": "Alok Biswal"
      },
      "geometry": {
        "type": "Polygon",
        "coordinates": [
          [
            [
              86.907256,
              21.496572
            ],
            [
              86.908192,
              21.496197
            ],
            [
              86.908259,
              21.496111
            ],
            [
              86.907868,
              21.495612
            ],
            [
              86.906204,
              21.495935
            ],
            [
              86.90593,
              21.496568
            ],
            [
              86.906087,
              21.496632
            ],
            [
              86.907256,
              21.496572
            ]
          ]
        ]
      }
    },
    {
      "type": "Feature",
      "properties": {
        "plot_id": "105",
        "owner_name": "Minati Mohapatra"
      },
      "geometry": {
        "type": "Polygon",
        "coordinates": [
          [
            [
              86.907514,
              21.496906
            ],
            [
              86.907919,
              21.496946
            ],
            [
              86.908192,
              21.496197
            ],
            [
              86.907256,
              21.496572
            ],
            [
              86.907514,
              21.496906
            ]
          ]
        ]
      }
    },
    {
      "type": "Feature",
      "properties": {
        "plot_id": "106",
        "owner_name": "Minati Rath"
      },
      "geometry": {
        "type": "Polygon",
        "coordinates": [
          [
            [
              86.907004,
              21.497306
            ],
            [
              86.907463,
              21.497815
            ],
            [
              86.907871,
              21.497923
            ],
            [
              86.907931,
              21.497888
            ],
            [
              86.907919,
              21.496946
            ],
            [
              86.907514,
              21.496906
            ],
            [
              86.907004,
              21.497306
            ]
          ]
        ]
      }
    },
    {
      "type": "Feature",
      "properties": {
        "plot_id": "107",
        "owner_name": "Rashmi Barik"
      },
      "geometry": {
        "type": "Polygon",
        "coordinates": [
          [
            [
              86.906087,
              21.496632
            ],
            [
              86.90593,
              21.496568
            ],
            [
              86.905741,
              21.496685
            ],
            [
              86.905516,
              21.497229
            ],
            [
              86.905286,
              21.49799
            ],
            [
              86.906196,
              21.498285
            ],
            [
              86.907097,
              21.498028
            ],
            [
              86.907463,
              21.497815
            ],
            [
              86.907004,
              21.497306
            ],
            [
              86.906087,
              21.496632
            ]
          ]
        ]
      }
    },
    {
      "type": "Feature",
      "properties": {
        "plot_id": "108",
        "owner_name": "Manas Mohapatra"
      },
      "geometry": {
        "type": "Polygon",
        "coordinates": [
          [
            [
              86.906204,
              21.495935
            ],
            [
              86.907868,
              21.495612
            ],
            [
              86.907888,
              21.494226
            ],
            [
              86.907743,
              21.494106
            ],
            [
              86.907115,
              21.494053
            ],
            [
              86.906174,
              21.495429
            ],
            [
              86.906204,
              21.495935
            ]
          ]
        ]
      }
    },
    {
      "type": "Feature",
      "properties": {
        "plot_id": "109",
        "owner_name": "Alok Mishra"
      },
      "geometry": {
        "type": "Polygon",
        "coordinates": [
          [
            [
              86.903495,
              21.502526
            ],
            [
              86.903058,
              21.502754
            ],
            [
              86.90445,
              21.503797
            ],
            [
              86.905863,
              21.502671
            ],
            [
              86.905824,
              21.502343
            ],
            [
              86.903495,
              21.502526
            ]
          ]
        ]
      }
    },
    {
      "type": "Feature",
      "properties": {
        "plot_id": "110",
        "owner_name": "Manas Das"
      },
      "geometry": {
        "type": "Polygon",
        "coordinates": [
          [
            [
              86.905824,
              21.502343
            ],
            [
              86.905844,
              21.502277
            ],
            [
              86.904343,
              21.50095
            ],
            [
              86.90421,
              21.501087
            ],
            [
              86.903495,
              21.502526
            ],
            [
              86.905824,
              21.502343
            ]
          ]
        ]
      }
    },
    {
      "type": "Feature",
      "properties": {
        "plot_id": "111",
        "owner_name": "Manas Biswal"
      },
      "geometry": {
        "type": "Polygon",
        "coordinates": [
          [
            [
              86.905824,
              21.502343
            ],
            [
              86.905863,
              21.502671
            ],
            [
              86.906521,
              21.50384
            ],
            [
              86.906811,
              21.504078
            ],
            [
              86.908629,
              21.502979
            ],
            [
              86.908438,
              21.501728
            ],
            [
              86.907077,
              21.501513
            ],
            [
              86.906289,
              21.501778
            ],
            [
              86.905844,
              21.502277
            ],
            [
              86.905824,
              21.502343
            ]
          ]
        ]
      }
    },
    {
      "type": "Feature",
      "properties": {
        "plot_id": "112",
        "owner_name": "Pradeep Mishra"
      },
      "geometry": {
        "type": "Polygon",
        "coordinates": [
          [
            [
              86.90445,
              21.503797
            ],
            [
              86.904424,
              21.504712
            ],
            [
              86.904875,
              21.504705
            ],
            [
              86.906521,
              21.50384
            ],
            [
              86.905863,
              21.502671
            ],
            [
              86.90445,
              21.503797
            ]
          ]
        ]
      }
    },
    {
      "type": "Feature",
      "properties": {
        "plot_id": "113",
        "owner_name": "Minati Rath"
      },
      "geometry": {
        "type": "Polygon",
        "coordinates": [
          [
            [
              86.920266,
              21.501945
            ],
            [
              86.919768,
              21.503197
            ],
            [
              86.920372,
              21.503998
            ],
            [
              86.920669,
              21.503697
            ],
            [
              86.920951,
              21.502427
            ],
            [
              86.920949,
              21.502388
            ],
            [
              86.92028,
              21.501938
            ],
            [
              86.920266,
              21.501945
            ]
          ]
        ]
      }
    },
    {
      "type": "Feature",
      "properties": {
        "plot_id": "114",
        "owner_name": "Rashmi Mishra"
      },
      "geometry": {
        "type": "Polygon",
        "coordinates": [
          [
            [
              86.92028,
              21.501938
            ],
            [
              86.920371,
              21.500703
            ],
            [
              86.920017,
              21.49963
            ],
            [
              86.918194,
              21.500853
            ],
            [
              86.917975,
              21.501246
            ],
            [
              86.918105,
              21.502227
            ],
            [
              86.92028,
              21.501938
            ]
          ]
        ]
      }
    },
    {
      "type": "Feature",
      "properties": {
        "plot_id": "115",
        "owner_name": "Bijay Biswal"
      },
      "geometry": {
        "type": "Polygon",
        "coordinates": [
          [
            [
              86.92028,
              21.501938
            ],
            [
              86.920949,
              21.502388
            ],
            [
              86.921073,
              21.502363
            ],
            [
              86.921589,
              21.50202
            ],
            [
              86.921742,
              21.50125
            ],
            [
              86.921432,
              21.500897
            ],
            [
              86.920371,
              21.500703
            ],
            [
              86.92028,
              21.501938
            ]
          ]
        ]
      }
    },
    {
      "type": "Feature",
      "properties": {
        "plot_id": "116",
        "owner_name": "Minati Patra"
      },
      "geometry": {
        "type": "Polygon",
        "coordinates": [
          [
            [
              86.920371,
              21.500703
            ],
            [
              86.921432,
              21.500897
            ],
            [
              86.922323,
              21.500388
            ],
            [
              86.922457,
              21.500063
            ],
            [
              86.921233,
              21.498814
            ],
            [
              86.920034,
              21.499546
            ],
            [
              86.920017,
              21.49963
            ],
            [
              86.920371,
              21.500703
            ]
          ]
        ]
      }
    },
    {
      "type": "Feature",
      "properties": {
        "plot_id": "117",
        "owner_name": "Alok Nayak"
      },
      "geometry": {
        "type": "Polygon",
        "coordinates": [
          [
            [
              86.920017,
              21.49963
            ],
            [
              86.920034,
              21.499546
            ],
            [
              86.919133,
              21.49878
            ],
            [
              86.91882,
              21.498841
            ],
            [
              86.918113,
              21.49915
            ],
            [
              86.917618,
              21.499624
            ],
            [
              86.918194,
              21.500853
            ],
            [
              86.920017,
              21.49963
            ]
          ]
        ]
      }
    },
    {
      "type": "Feature",
      "properties": {
        "plot_id": "118",
        "owner_name": "Pradeep Das"
      },
      "geometry": {
        "type": "Polygon",
        "coordinates": [
          [
            [
              86.918105,
              21.502227
            ],
            [
              86.917798,
              21.502828
            ],
            [
              86.918893,
              21.503486
            ],
            [
              86.919768,
              21.503197
            ],
            [
              86.920266,
              21.501945
            ],
            [
              86.918105,
              21.502227
            ]
          ]
        ]
      }
    },
    {
      "type": "Feature",
      "properties": {
        "plot_id": "119",
        "owner_name": "Pradeep Panda"
      },
      "geometry": {
        "type": "Polygon",
        "coordinates": [
          [
            [
              86.917975,
              21.501246
            ],
            [
              86.916693,
              21.50072
            ],
            [
              86.916612,
              21.500714
            ],
            [
              86.916078,
              21.501675
            ],
            [
              86.917459,
              21.503062
            ],
            [
              86.917798,
              21.502828
            ],
            [
              86.918105,
              21.502227
            ],
            [
              86.917975,
              21.501246
            ]
          ]
        ]
      }
    },
    {
      "type": "Feature",
      "properties": {
        "plot_id": "120",
        "owner_name": "Rashmi Samal"
      },
      "geometry": {
        "type": "Polygon",
        "coordinates": [
          [
            [
              86.918194,
              21.500853
            ],
            [
              86.917618,
              21.499624
            ],
            [
              86.917458,
              21.499602
            ],
            [
              86.917227,
              21.499886
            ],
            [
              86.916693,
              21.50072
            ],
            [
              86.917975,
              21.501246
            ],
            [
              86.918194,
              21.500853
            ]
          ]
        ]
      }
    },
    {
      "type": "Feature",
      "properties": {
        "plot_id": "121",
        "owner_name": "Manas Das"
      },
      "geometry": {
        "type": "Polygon",
        "coordinates": [
          [
            [
              86.914645,
              21.500604
            ],
            [
              86.914482,
              21.500229
            ],
            [
              86.913546,
              21.500094
            ],
            [
              86.91304,
              21.500155
            ],
            [
              86.912634,
              21.501641
            ],
            [
              86.913233,
              21.501984
            ],
            [
              86.914334,
              21.501769
            ],
            [
              86.914669,
              21.501451
            ],
            [
              86.914645,
              21.500604
            ]
          ]
        ]
      }
    },
    {
      "type": "Feature",
      "properties": {
        "plot_id": "122",
        "owner_name": "Satyabrata Rath"
      },
      "geometry": {
        "type": "Polygon",
        "coordinates": [
          [
            [
              86.914669,
              21.501451
            ],
            [
              86.915267,
              21.501758
            ],
            [
              86.916078,
              21.501675
            ],
            [
              86.916612,
              21.500714
            ],
            [
              86.916421,
              21.500524
            ],
            [
              86.914645,
              21.500604
            ],
            [
              86.914669,
              21.501451
            ]
          ]
        ]
      }
    },
    {
      "type": "Feature",
      "properties": {
        "plot_id": "123",
        "owner_name": "Bijay Barik"
      },
      "geometry": {
        "type": "Polygon",
        "coordinates": [
          [
            [
              86.914669,
              21.501451
            ],
            [
              86.914334,
              21.501769
            ],
            [
              86.91445,
              21.503316
            ],
            [
              86.914499,
              21.503446
            ],
            [
              86.915557,
              21.502846
            ],
            [
              86.915267,
              21.501758
            ],
            [
              86.914669,
              21.501451
            ]
          ]
        ]
      }
    },
    {
      "type": "Feature",
      "properties": {
        "plot_id": "124",
        "owner_name": "Subrat Rath"
      },
      "geometry": {
        "type": "Polygon",
        "coordinates": [
          [
            [
              86.916421,
              21.500524
            ],
            [
              86.916349,
              21.500064
            ],
            [
              86.915094,
              21.498952
            ],
            [
              86.914482,
              21.500229
            ],
            [
              86.914645,
              21.500604
            ],
            [
              86.916421,
              21.500524
            ]
          ]
        ]
      }
    },
    {
      "type": "Feature",
      "properties": {
        "plot_id": "125",
        "owner_name": "Bijay Mishra"
      },
      "geometry": {
        "type": "Polygon",
        "coordinates": [
          [
            [
              86.915267,
              21.501758
            ],
            [
              86.915557,
              21.502846
            ],
            [
              86.916569,
              21.503325
            ],
            [
              86.917151,
              21.503508
            ],
            [
              86.917459,
              21.503062
            ],
            [
              86.916078,
              21.501675
            ],
            [
              86.915267,
              21.501758
            ]
          ]
        ]
      }
    },
    {
      "type": "Feature",
      "properties": {
        "plot_id": "126",
        "owner_name": "Jayanta Das"
      },
      "geometry": {
        "type": "Polygon",
        "coordinates": [
          [
            [
              86.916612,
              21.500714
            ],
            [
              86.916693,
              21.50072
            ],
            [
              86.917227,
              21.499886
            ],
            [
              86.916492,
              21.499861
            ],
            [
              86.916349,
              21.500064
            ],
            [
              86.916421,
              21.500524
            ],
            [
              86.916612,
              21.500714
            ]
          ]
        ]
      }
    },
    {
      "type": "Feature",
      "properties": {
        "plot_id": "127",
        "owner_name": "Subrat Rath"
      },
      "geometry": {
        "type": "Polygon",
        "coordinates": [
          [
            [
              86.917459,
              21.503062
            ],
            [
              86.917151,
              21.503508
            ],
            [
              86.917099,
              21.503841
            ],
            [
              86.917581,
              21.503955
            ],
            [
              86.918296,
              21.504275
            ],
            [
              86.918974,
              21.504687
            ],
            [
              86.919245,
              21.504094
            ],
            [
              86.918893,
              21.503486
            ],
            [
              86.917798,
              21.502828
            ],
            [
              86.917459,
              21.503062
            ]
          ]
        ]
      }
    },
    {
      "type": "Feature",
      "properties": {
        "plot_id": "128",
        "owner_name": "Bijay Panda"
      },
      "geometry": {
        "type": "Polygon",
        "coordinates": [
          [
            [
              86.917227,
              21.499886
            ],
            [
              86.917458,
              21.499602
            ],
            [
              86.91688,
              21.499193
            ],
            [
              86.916492,
              21.499861
            ],
            [
              86.917227,
              21.499886
            ]
          ]
        ]
      }
    },
    {
      "type": "Feature",
      "properties": {
        "plot_id": "129",
        "owner_name": "Subrat Samal"
      },
      "geometry": {
        "type": "Polygon",
        "coordinates": [
          [
            [
              86.916492,
              21.499861
            ],
            [
              86.91688,
              21.499193
            ],
            [
              86.916755,
              21.498883
            ],
            [
              86.91511,
              21.49884
            ],
            [
              86.915094,
              21.498952
            ],
            [
              86.916349,
              21.500064
            ],
            [
              86.916492,
              21.499861
            ]
          ]
        ]
      }
    },
    {
      "type": "Feature",
      "properties": {
        "plot_id": "130",
        "owner_name": "Bijay Pradhan"
      },
      "geometry": {
        "type": "Polygon",
        "coordinates": [
          [
            [
              86.918017,
              21.48876
            ],
            [
              86.917414,
              21.488006
            ],
            [
              86.916518,
              21.488839
            ],
            [
              86.916517,
              21.490026
            ],
            [
              86.918005,
              21.490094
            ],
            [
              86.918085,
              21.489126
            ],
            [
              86.918017,
              21.48876
            ]
          ]
        ]
      }
    },
    {
      "type": "Feature",
      "properties": {
        "plot_id": "131",
        "owner_name": "Pradeep Nayak"
      },
      "geometry": {
        "type": "Polygon",
        "coordinates": [
          [
            [
              86.918085,
              21.489126
            ],
            [
              86.919872,
              21.489083
            ],
            [
              86.920003,
              21.488926
            ],
            [
              86.919511,
              21.488044
            ],
            [
              86.918017,
              21.48876
            ],
            [
              86.918085,
              21.489126
            ]
          ]
        ]
      }
    },
    {
      "type": "Feature",
      "properties": {
        "plot_id": "132",
        "owner_name": "Rashmi Patra"
      },
      "geometry": {
        "type": "Polygon",
        "coordinates": [
          [
            [
              86.918085,
              21.489126
            ],
            [
              86.918005,
              21.490094
            ],
            [
              86.918265,
              21.490488
            ],
            [
              86.919217,
              21.490726
            ],
            [
              86.919398,
              21.490565
            ],
            [
              86.919872,
              21.489083
            ],
            [
              86.918085,
              21.489126
            ]
          ]
        ]
      }
    },
    {
      "type": "Feature",
      "properties": {
        "plot_id": "133",
        "owner_name": "Soumya Barik"
      },
      "geometry": {
        "type": "Polygon",
        "coordinates": [
          [
            [
              86.919872,
              21.489083
            ],
            [
              86.919398,
              21.490565
            ],
            [
              86.920282,
              21.490364
            ],
            [
              86.92072,
              21.488963
            ],
            [
              86.920003,
              21.488926
            ],
            [
              86.919872,
              21.489083
            ]
          ]
        ]
      }
    },
    {
      "type": "Feature",
      "properties": {
        "plot_id": "134",
        "owner_name": "Pradeep Barik"
      },
      "geometry": {
        "type": "Polygon",
        "coordinates": [
          [
            [
              86.919511,
              21.488044
            ],
            [
              86.919665,
              21.487151
            ],
            [
              86.917364,
              21.487756
            ],
            [
              86.917414,
              21.488006
            ],
            [
              86.918017,
              21.48876
            ],
            [
              86.919511,
              21.488044
            ]
          ]
        ]
      }
    },
    {
      "type": "Feature",
      "properties": {
        "plot_id": "135",
        "owner_name": "Pradeep Biswal"
      },
      "geometry": {
        "type": "Polygon",
        "coordinates": [
          [
            [
              86.920003,
              21.488926
            ],
            [
              86.92072,
              21.488963
            ],
            [
              86.920951,
              21.488924
            ],
            [
              86.920989,
              21.488868
            ],
            [
              86.920803,
              21.488296
            ],
            [
              86.919681,
              21.487123
            ],
            [
              86.919665,
              21.487151
            ],
            [
              86.919511,
              21.488044
            ],
            [
              86.920003,
              21.488926
            ]
          ]
        ]
      }
    },
    {
      "type": "Feature",
      "properties": {
        "plot_id": "136",
        "owner_name": "Alok Samal"
      },
      "geometry": {
        "type": "Polygon",
        "coordinates": [
          [
            [
              86.921577,
              21.491536
            ],
            [
              86.92243,
              21.490925
            ],
            [
              86.921483,
              21.489708
            ],
            [
              86.921391,
              21.489661
            ],
            [
              86.921023,
              21.490148
            ],
            [
              86.921287,
              21.491148
            ],
            [
              86.921577,
              21.491536
            ]
          ]
        ]
      }
    },
    {
      "type": "Feature",
      "properties": {
        "plot_id": "137",
        "owner_name": "Soumya Nayak"
      },
      "geometry": {
        "type": "Polygon",
        "coordinates": [
          [
            [
              86.921287,
              21.491148
            ],
            [
              86.920271,
              21.490373
            ],
            [
              86.919398,
              21.490565
            ],
            [
              86.919217,
              21.490726
            ],
            [
              86.91972,
              21.491796
            ],
            [
              86.919964,
              21.492075
            ],
            [
              86.921099,
              21.492336
            ],
            [
              86.921577,
              21.491536
            ],
            [
              86.921287,
              21.491148
            ]
          ]
        ]
      }
    },
    {
      "type": "Feature",
      "properties": {
        "plot_id": "138",
        "owner_name": "Pradeep Pradhan"
      },
      "geometry": {
        "type": "Polygon",
        "coordinates": [
          [
            [
              86.921023,
              21.490148
            ],
            [
              86.92035,
              21.490337
            ],
            [
              86.920271,
              21.490373
            ],
            [
              86.921287,
              21.491148
            ],
            [
              86.921023,
              21.490148
            ]
          ]
        ]
      }
    },
    {
      "type": "Feature",
      "properties": {
        "plot_id": "139",
        "owner_name": "Alok Samal"
      },
      "geometry": {
        "type": "Polygon",
        "coordinates": [
          [
            [
              86.92243,
              21.490925
            ],
            [
              86.922562,
              21.490902
            ],
            [
              86.923096,
              21.490441
            ],
            [
              86.922612,
              21.489152
            ],
            [
              86.921483,
              21.489708
            ],
            [
              86.92243,
              21.490925
            ]
          ]
        ]
      }
    },
    {
      "type": "Feature",
      "properties": {
        "plot_id": "140",
        "owner_name": "Bijay Barik"
      },
      "geometry": {
        "type": "Polygon",
        "coordinates": [
          [
            [
              86.921483,
              21.489708
            ],
            [
              86.922612,
              21.489152
            ],
            [
              86.922676,
              21.488185
            ],
            [
              86.921852,
              21.488396
            ],
            [
              86.921369,
              21.488618
            ],
            [
              86.920989,
              21.488868
            ],
            [
              86.920951,
              21.488924
            ],
            [
              86.921155,
              21.4893
            ],
            [
              86.921391,
              21.489661
            ],
            [
              86.921483,
              21.489708
            ]
          ]
        ]
      }
    },
    {
      "type": "Feature",
      "properties": {
        "plot_id": "141",
        "owner_name": "Pradeep Rath"
      },
      "geometry": {
        "type": "Polygon",
        "coordinates": [
          [
            [
              86.921391,
              21.489661
            ],
            [
              86.921155,
              21.4893
            ],
            [
              86.92035,
              21.490337
            ],
            [
              86.921023,
              21.490148
            ],
            [
              86.921391,
              21.489661
            ]
          ]
        ]
      }
    },
    {
      "type": "Feature",
      "properties": {
        "plot_id": "142",
        "owner_name": "Minati Panda"
      },
      "geometry": {
        "type": "Polygon",
        "coordinates": [
          [
            [
              86.921577,
              21.491536
            ],
            [
              86.921099,
              21.492336
            ],
            [
              86.921152,
              21.492454
            ],
            [
              86.921878,
              21.493606
            ],
            [
              86.922085,
              21.4936
            ],
            [
              86.923385,
              21.492767
            ],
            [
              86.923423,
              21.492695
            ],
            [
              86.92303,
              21.49164
            ],
            [
              86.922562,
              21.490902
            ],
            [
              86.92243,
              21.490925
            ],
            [
              86.921577,
              21.491536
            ]
          ]
        ]
      }
    },
    {
      "type": "Feature",
      "properties": {
        "plot_id": "143",
        "owner_name": "Alok Samal"
      },
      "geometry": {
        "type": "Polygon",
        "coordinates": [
          [
            [
              86.923096,
              21.490441
            ],
            [
              86.923702,
              21.490335
            ],
            [
              86.924247,
              21.490014
            ],
            [
              86.924368,
              21.489828
            ],
            [
              86.922932,
              21.487994
            ],
            [
              86.922848,
              21.487991
            ],
            [
              86.922676,
              21.488185
            ],
            [
              86.922612,
              21.489152
            ],
            [
              86.923096,
              21.490441
            ]
          ]
        ]
      }
    },
    {
      "type": "Feature",
      "properties": {
        "plot_id": "144",
        "owner_name": "Bijay Pradhan"
      },
      "geometry": {
        "type": "Polygon",
        "coordinates": [
          [
            [
              86.922562,
              21.490902
            ],
            [
              86.92303,
              21.49164
            ],
            [
              86.924166,
              21.491598
            ],
            [
              86.923702,
              21.490335
            ],
            [
              86.923096,
              21.490441
            ],
            [
              86.922562,
              21.490902
            ]
          ]
        ]
      }
    },
    {
      "type": "Feature",
      "properties": {
        "plot_id": "145",
        "owner_name": "Deepak Mishra"
      },
      "geometry": {
        "type": "Polygon",
        "coordinates": [
          [
            [
              86.920771,
              21.49509
            ],
            [
              86.921878,
              21.493606
            ],
            [
              86.921152,
              21.492454
            ],
            [
              86.919911,
              21.493708
            ],
            [
              86.920058,
              21.49438
            ],
            [
              86.920247,
              21.495018
            ],
            [
              86.920771,
              21.49509
            ]
          ]
        ]
      }
    },
    {
      "type": "Feature",
      "properties": {
        "plot_id": "146",
        "owner_name": "Manas Sahoo"
      },
      "geometry": {
        "type": "Polygon",
        "coordinates": [
          [
            [
              86.920771,
              21.49509
            ],
            [
              86.921048,
              21.495646
            ],
            [
              86.921627,
              21.495898
            ],
            [
              86.922582,
              21.495293
            ],
            [
              86.921851,
              21.493654
            ],
            [
              86.920771,
              21.49509
            ]
          ]
        ]
      }
    },
    {
      "type": "Feature",
      "properties": {
        "plot_id": "147",
        "owner_name": "Soumya Panda"
      },
      "geometry": {
        "type": "Polygon",
        "coordinates": [
          [
            [
              86.920771,
              21.49509
            ],
            [
              86.920247,
              21.495018
            ],
            [
              86.919465,
              21.495153
            ],
            [
              86.91879,
              21.496488
            ],
            [
              86.919307,
              21.497073
            ],
            [
              86.920498,
              21.497018
            ],
            [
              86.921048,
              21.495646
            ],
            [
              86.920771,
              21.49509
            ]
          ]
        ]
      }
    },
    {
      "type": "Feature",
      "properties": {
        "plot_id": "148",
        "owner_name": "Manas Barik"
      },
      "geometry": {
        "type": "Polygon",
        "coordinates": [
          [
            [
              86.921048,
              21.495646
            ],
            [
              86.921035,
              21.495686
            ],
            [
              86.921661,
              21.497476
            ],
            [
              86.921677,
              21.49743
            ],
            [
              86.921736,
              21.495984
            ],
            [
              86.921627,
              21.495898
            ],
            [
              86.921048,
              21.495646
            ]
          ]
        ]
      }
    },
    {
      "type": "Feature",
      "properties": {
        "plot_id": "149",
        "owner_name": "Manas Mishra"
      },
      "geometry": {
        "type": "Polygon",
        "coordinates": [
          [
            [
              86.922582,
              21.495293
            ],
            [
              86.922936,
              21.495344
            ],
            [
              86.92326,
              21.494464
            ],
            [
              86.922085,
              21.4936
            ],
            [
              86.921878,
              21.493606
            ],
            [
              86.921851,
              21.493654
            ],
            [
              86.922582,
              21.495293
            ]
          ]
        ]
      }
    },
    {
      "type": "Feature",
      "properties": {
        "plot_id": "150",
        "owner_name": "Rashmi Mohapatra"
      },
      "geometry": {
        "type": "Polygon",
        "coordinates": [
          [
            [
              86.921627,
              21.495898
            ],
            [
              86.921736,
              21.495984
            ],
            [
              86.922415,
              21.496366
            ],
            [
              86.922511,
              21.496397
            ],
            [
              86.923226,
              21.496004
            ],
            [
              86.922936,
              21.495344
            ],
            [
              86.922582,
              21.495293
            ],
            [
              86.921627,
              21.495898
            ]
          ]
        ]
      }
    },
    {
      "type": "Feature",
      "properties": {
        "plot_id": "151",
        "owner_name": "Jayanta Nayak"
      },
      "geometry": {
        "type": "Polygon",
        "coordinates": [
          [
            [
              86.92326,
              21.494464
            ],
            [
              86.923772,
              21.494543
            ],
            [
              86.923799,
              21.493996
            ],
            [
              86.923355,
              21.492791
            ],
            [
              86.922085,
              21.4936
            ],
            [
              86.92326,
              21.494464
            ]
          ]
        ]
      }
    },
    {
      "type": "Feature",
      "properties": {
        "plot_id": "152",
        "owner_name": "Minati Das"
      },
      "geometry": {
        "type": "Polygon",
        "coordinates": [
          [
            [
              86.922936,
              21.495344
            ],
            [
              86.923226,
              21.496004
            ],
            [
              86.923728,
              21.496049
            ],
            [
              86.923856,
              21.495972
            ],
            [
              86.924076,
              21.495551
            ],
            [
              86.924243,
              21.494752
            ],
            [
              86.923772,
              21.494543
            ],
            [
              86.92326,
              21.494464
            ],
            [
              86.922936,
              21.495344
            ]
          ]
        ]
      }
    },
    {
      "type": "Feature",
      "properties": {
        "plot_id": "153",
        "owner_name": "Subrat Rath"
      },
      "geometry": {
        "type": "Polygon",
        "coordinates": [
          [
            [
              86.921728,
              21.505159
            ],
            [
              86.921532,
              21.504701
            ],
            [
              86.920365,
              21.504461
            ],
            [
              86.920078,
              21.505454
            ],
            [
              86.920742,
              21.505919
            ],
            [
              86.921604,
              21.505428
            ],
            [
              86.921728,
              21.505159
            ]
          ]
        ]
      }
    },
    {
      "type": "Feature",
      "properties": {
        "plot_id": "154",
        "owner_name": "Bijay Mohapatra"
      },
      "geometry": {
        "type": "Polygon",
        "coordinates": [
          [
            [
              86.921604,
              21.505428
            ],
            [
              86.92237,
              21.506525
            ],
            [
              86.923012,
              21.505561
            ],
            [
              86.922955,
              21.505304
            ],
            [
              86.922395,
              21.50509
            ],
            [
              86.921728,
              21.505159
            ],
            [
              86.921604,
              21.505428
            ]
          ]
        ]
      }
    },
    {
      "type": "Feature",
      "properties": {
        "plot_id": "155",
        "owner_name": "Deepak Patra"
      },
      "geometry": {
        "type": "Polygon",
        "coordinates": [
          [
            [
              86.920742,
              21.505919
            ],
            [
              86.921523,
              21.506436
            ],
            [
              86.922348,
              21.50691
            ],
            [
              86.92237,
              21.506525
            ],
            [
              86.921604,
              21.505428
            ],
            [
              86.920742,
              21.505919
            ]
          ]
        ]
      }
    },
    {
      "type": "Feature",
      "properties": {
        "plot_id": "156",
        "owner_name": "Tapan Samal"
      },
      "geometry": {
        "type": "Polygon",
        "coordinates": [
          [
            [
              86.920365,
              21.504461
            ],
            [
              86.920292,
              21.504225
            ],
            [
              86.919245,
              21.504094
            ],
            [
              86.918974,
              21.504687
            ],
            [
              86.920078,
              21.505454
            ],
            [
              86.920365,
              21.504461
            ]
          ]
        ]
      }
    },
    {
      "type": "Feature",
      "properties": {
        "plot_id": "157",
        "owner_name": "Bijay Mishra"
      },
      "geometry": {
        "type": "Polygon",
        "coordinates": [
          [
            [
              86.921532,
              21.504701
            ],
            [
              86.921824,
              21.503922
            ],
            [
              86.920669,
              21.503697
            ],
            [
              86.920372,
              21.503998
            ],
            [
              86.920292,
              21.504225
            ],
            [
              86.920365,
              21.504461
            ],
            [
              86.921532,
              21.504701
            ]
          ]
        ]
      }
    },
    {
      "type": "Feature",
      "properties": {
        "plot_id": "158",
        "owner_name": "Subrat Pradhan"
      },
      "geometry": {
        "type": "Polygon",
        "coordinates": [
          [
            [
              86.921728,
              21.505159
            ],
            [
              86.922395,
              21.50509
            ],
            [
              86.922486,
              21.504207
            ],
            [
              86.921883,
              21.503873
            ],
            [
              86.921824,
              21.503922
            ],
            [
              86.921532,
              21.504701
            ],
            [
              86.921728,
              21.505159
            ]
          ]
        ]
      }
    },
    {
      "type": "Feature",
      "properties": {
        "plot_id": "159",
        "owner_name": "Bijay Rath"
      },
      "geometry": {
        "type": "Polygon",
        "coordinates": [
          [
            [
              86.921898,
              21.503808
            ],
            [
              86.921883,
              21.503873
            ],
            [
              86.922486,
              21.504207
            ],
            [
              86.923035,
              21.504132
            ],
            [
              86.923727,
              21.503568
            ],
            [
              86.923204,
              21.502783
            ],
            [
              86.922547,
              21.503019
            ],
            [
              86.921898,
              21.503808
            ]
          ]
        ]
      }
    },
    {
      "type": "Feature",
      "properties": {
        "plot_id": "160",
        "owner_name": "Subrat Sahoo"
      },
      "geometry": {
        "type": "Polygon",
        "coordinates": [
          [
            [
              86.922547,
              21.503019
            ],
            [
              86.921073,
              21.502363
            ],
            [
              86.920949,
              21.502388
            ],
            [
              86.920951,
              21.502427
            ],
            [
              86.921898,
              21.503808
            ],
            [
              86.922547,
              21.503019
            ]
          ]
        ]
      }
    },
    {
      "type": "Feature",
      "properties": {
        "plot_id": "161",
        "owner_name": "Deepak Nayak"
      },
      "geometry": {
        "type": "Polygon",
        "coordinates": [
          [
            [
              86.922547,
              21.503019
            ],
            [
              86.923204,
              21.502783
            ],
            [
              86.92327,
              21.5021
            ],
            [
              86.923197,
              21.502003
            ],
            [
              86.922807,
              21.501824
            ],
            [
              86.921589,
              21.50202
            ],
            [
              86.921073,
              21.502363
            ],
            [
              86.922547,
              21.503019
            ]
          ]
        ]
      }
    },
    {
      "type": "Feature",
      "properties": {
        "plot_id": "162",
        "owner_name": "Rashmi Pradhan"
      },
      "geometry": {
        "type": "Polygon",
        "coordinates": [
          [
            [
              86.920951,
              21.502427
            ],
            [
              86.920669,
              21.503697
            ],
            [
              86.921824,
              21.503922
            ],
            [
              86.921883,
              21.503873
            ],
            [
              86.921898,
              21.503808
            ],
            [
              86.920951,
              21.502427
            ]
          ]
        ]
      }
    },
    {
      "type": "Feature",
      "properties": {
        "plot_id": "163",
        "owner_name": "Bijay Barik"
      },
      "geometry": {
        "type": "Polygon",
        "coordinates": [
          [
            [
              86.918893,
              21.503486
            ],
            [
              86.919245,
              21.504094
            ],
            [
              86.920292,
              21.504225
            ],
            [
              86.920372,
              21.503998
            ],
            [
              86.919768,
              21.503197
            ],
            [
              86.918893,
              21.503486
            ]
          ]
        ]
      }
    },
    {
      "type": "Feature",
      "properties": {
        "plot_id": "164",
        "owner_name": "Manas Sahoo"
      },
      "geometry": {
        "type": "Polygon",
        "coordinates": [
          [
            [
              86.917151,
              21.503508
            ],
            [
              86.916569,
              21.503325
            ],
            [
              86.914432,
              21.503863
            ],
            [
              86.914341,
              21.504157
            ],
            [
              86.915238,
              21.503903
            ],
            [
              86.916083,
              21.503768
            ],
            [
              86.916854,
              21.503783
            ],
            [
              86.917099,
              21.503841
            ],
            [
              86.917151,
              21.503508
            ]
          ]
        ]
      }
    },
    {
      "type": "Feature",
      "properties": {
        "plot_id": "165",
        "owner_name": "Bijay Pradhan"
      },
      "geometry": {
        "type": "Polygon",
        "coordinates": [
          [
            [
              86.923574,
              21.49808
            ],
            [
              86.923774,
              21.497926
            ],
            [
              86.923728,
              21.496049
            ],
            [
              86.923226,
              21.496004
            ],
            [
              86.922511,
              21.496397
            ],
            [
              86.922975,
              21.497988
            ],
            [
              86.923574,
              21.49808
            ]
          ]
        ]
      }
    },
    {
      "type": "Feature",
      "properties": {
        "plot_id": "166",
        "owner_name": "Subrat Mohapatra"
      },
      "geometry": {
        "type": "Polygon",
        "coordinates": [
          [
            [
              86.922975,
              21.497988
            ],
            [
              86.921468,
              21.49851
            ],
            [
              86.921352,
              21.498584
            ],
            [
              86.921233,
              21.498814
            ],
            [
              86.922457,
              21.500063
            ],
            [
              86.923289,
              21.500092
            ],
            [
              86.923773,
              21.498888
            ],
            [
              86.923574,
              21.49808
            ],
            [
              86.922975,
              21.497988
            ]
          ]
        ]
      }
    },
    {
      "type": "Feature",
      "properties": {
        "plot_id": "167",
        "owner_name": "Pradeep Barik"
      },
      "geometry": {
        "type": "Polygon",
        "coordinates": [
          [
            [
              86.922511,
              21.496397
            ],
            [
              86.922415,
              21.496366
            ],
            [
              86.921677,
              21.49743
            ],
            [
              86.921468,
              21.49851
            ],
            [
              86.922975,
              21.497988
            ],
            [
              86.922511,
              21.496397
            ]
          ]
        ]
      }
    },
    {
      "type": "Feature",
      "properties": {
        "plot_id": "168",
        "owner_name": "Soumya Das"
      },
      "geometry": {
        "type": "Polygon",
        "coordinates": [
          [
            [
              86.923574,
              21.49808
            ],
            [
              86.923773,
              21.498888
            ],
            [
              86.924835,
              21.499461
            ],
            [
              86.925479,
              21.499398
            ],
            [
              86.924049,
              21.49786
            ],
            [
              86.923774,
              21.497926
            ],
            [
              86.923574,
              21.49808
            ]
          ]
        ]
      }
    },
    {
      "type": "Feature",
      "properties": {
        "plot_id": "169",
        "owner_name": "Deepak Samal"
      },
      "geometry": {
        "type": "Polygon",
        "coordinates": [
          [
            [
              86.923774,
              21.497926
            ],
            [
              86.924049,
              21.49786
            ],
            [
              86.925687,
              21.497314
            ],
            [
              86.925578,
              21.497
            ],
            [
              86.923856,
              21.495972
            ],
            [
              86.923728,
              21.496049
            ],
            [
              86.923774,
              21.497926
            ]
          ]
        ]
      }
    },
    {
      "type": "Feature",
      "properties": {
        "plot_id": "170",
        "owner_name": "Deepak Samal"
      },
      "geometry": {
        "type": "Polygon",
        "coordinates": [
          [
            [
              86.908049,
              21.477646
            ],
            [
              86.907305,
              21.478816
            ],
            [
              86.907789,
              21.479378
            ],
            [
              86.907873,
              21.47938
            ],
            [
              86.908468,
              21.479052
            ],
            [
              86.90859,
              21.478924
            ],
            [
              86.908831,
              21.477981
            ],
            [
              86.908156,
              21.477671
            ],
            [
              86.908049,
              21.477646
            ]
          ]
        ]
      }
    },
    {
      "type": "Feature",
      "properties": {
        "plot_id": "171",
        "owner_name": "Deepak Sahoo"
      },
      "geometry": {
        "type": "Polygon",
        "coordinates": [
          [
            [
              86.914812,
              21.478173
            ],
            [
              86.915179,
              21.478011
            ],
            [
              86.915911,
              21.477642
            ],
            [
              86.916356,
              21.476834
            ],
            [
              86.915702,
              21.476216
            ],
            [
              86.913962,
              21.476547
            ],
            [
              86.91389,
              21.47664
            ],
            [
              86.914812,
              21.478173
            ]
          ]
        ]
      }
    },
    {
      "type": "Feature",
      "properties": {
        "plot_id": "172",
        "owner_name": "Deepak Rath"
      },
      "geometry": {
        "type": "Polygon",
        "coordinates": [
          [
            [
              86.914732,
              21.478359
            ],
            [
              86.915911,
              21.479701
            ],
            [
              86.916303,
              21.479032
            ],
            [
              86.915179,
              21.478011
            ],
            [
              86.914812,
              21.478173
            ],
            [
              86.914732,
              21.478359
            ]
          ]
        ]
      }
    },
    {
      "type": "Feature",
      "properties": {
        "plot_id": "173",
        "owner_name": "Alok Nayak"
      },
      "geometry": {
        "type": "Polygon",
        "coordinates": [
          [
            [
              86.913994,
              21.47899
            ],
            [
              86.913688,
              21.479378
            ],
            [
              86.914007,
              21.479719
            ],
            [
              86.915563,
              21.480424
            ],
            [
              86.916084,
              21.480086
            ],
            [
              86.915911,
              21.479701
            ],
            [
              86.914732,
              21.478359
            ],
            [
              86.913994,
              21.47899
            ]
          ]
        ]
      }
    },
    {
      "type": "Feature",
      "properties": {
        "plot_id": "174",
        "owner_name": "Subrat Biswal"
      },
      "geometry": {
        "type": "Polygon",
        "coordinates": [
          [
            [
              86.912695,
              21.479752
            ],
            [
              86.912606,
              21.480107
            ],
            [
              86.913588,
              21.481998
            ],
            [
              86.913859,
              21.482105
            ],
            [
              86.914653,
              21.481312
            ],
            [
              86.914007,
              21.479719
            ],
            [
              86.913688,
              21.479378
            ],
            [
              86.912695,
              21.479752
            ]
          ]
        ]
      }
    },
    {
      "type": "Feature",
      "properties": {
        "plot_id": "175",
        "owner_name": "Satyabrata Rath"
      },
      "geometry": {
        "type": "Polygon",
        "coordinates": [
          [
            [
              86.911881,
              21.478323
            ],
            [
              86.910762,
              21.47788
            ],
            [
              86.910483,
              21.478608
            ],
            [
              86.910811,
              21.479205
            ],
            [
              86.911986,
              21.479072
            ],
            [
              86.911881,
              21.478323
            ]
          ]
        ]
      }
    },
    {
      "type": "Feature",
      "properties": {
        "plot_id": "176",
        "owner_name": "Rashmi Rath"
      },
      "geometry": {
        "type": "Polygon",
        "coordinates": [
          [
            [
              86.916868,
              21.481546
            ],
            [
              86.916868,
              21.480971
            ],
            [
              86.916722,
              21.48026
            ],
            [
              86.916084,
              21.480086
            ],
            [
              86.915563,
              21.480424
            ],
            [
              86.915191,
              21.481185
            ],
            [
              86.915601,
              21.481577
            ],
            [
              86.916868,
              21.481546
            ]
          ]
        ]
      }
    },
    {
      "type": "Feature",
      "properties": {
        "plot_id": "177",
        "owner_name": "Manas Mohapatra"
      },
      "geometry": {
        "type": "Polygon",
        "coordinates": [
          [
            [
              86.915601,
              21.481577
            ],
            [
              86.915191,
              21.481185
            ],
            [
              86.914653,
              21.481312
            ],
            [
              86.913859,
              21.482105
            ],
            [
              86.914182,
              21.482672
            ],
            [
              86.915479,
              21.482892
            ],
            [
              86.915601,
              21.481577
            ]
          ]
        ]
      }
    },
    {
      "type": "Feature",
      "properties": {
        "plot_id": "178",
        "owner_name": "Satyabrata Nayak"
      },
      "geometry": {
        "type": "Polygon",
        "coordinates": [
          [
            [
              86.914007,
              21.479719
            ],
            [
              86.914653,
              21.481312
            ],
            [
              86.915191,
              21.481185
            ],
            [
              86.915563,
              21.480424
            ],
            [
              86.914007,
              21.479719
            ]
          ]
        ]
      }
    },
    {
      "type": "Feature",
      "properties": {
        "plot_id": "179",
        "owner_name": "Alok Pradhan"
      },
      "geometry": {
        "type": "Polygon",
        "coordinates": [
          [
            [
              86.911521,
              21.482406
            ],
            [
              86.91017,
              21.481205
            ],
            [
              86.910051,
              21.481195
            ],
            [
              86.909598,
              21.481901
            ],
            [
              86.911334,
              21.483271
            ],
            [
              86.911521,
              21.482406
            ]
          ]
        ]
      }
    },
    {
      "type": "Feature",
      "properties": {
        "plot_id": "180",
        "owner_name": "Satyabrata Pradhan"
      },
      "geometry": {
        "type": "Polygon",
        "coordinates": [
          [
            [
              86.909598,
              21.481901
            ],
            [
              86.90906,
              21.48239
            ],
            [
              86.910503,
              21.48383
            ],
            [
              86.911338,
              21.483297
            ],
            [
              86.911334,
              21.483271
            ],
            [
              86.909598,
              21.481901
            ]
          ]
        ]
      }
    },
    {
      "type": "Feature",
      "properties": {
        "plot_id": "181",
        "owner_name": "Soumya Panda"
      },
      "geometry": {
        "type": "Polygon",
        "coordinates": [
          [
            [
              86.910051,
              21.481195
            ],
            [
              86.909993,
              21.48105
            ],
            [
              86.908566,
              21.4803
            ],
            [
              86.908177,
              21.481189
            ],
            [
              86.908809,
              21.482404
            ],
            [
              86.908873,
              21.482463
            ],
            [
              86.90906,
              21.48239
            ],
            [
              86.909598,
              21.481901
            ],
            [
              86.910051,
              21.481195
            ]
          ]
        ]
      }
    },
    {
      "type": "Feature",
      "properties": {
        "plot_id": "182",
        "owner_name": "Tapan Mishra"
      },
      "geometry": {
        "type": "Polygon",
        "coordinates": [
          [
            [
              86.911802,
              21.4791
            ],
            [
              86.910811,
              21.479205
            ],
            [
              86.910632,
              21.479318
            ],
            [
              86.91002,
              21.480476
            ],
            [
              86.909993,
              21.48105
            ],
            [
              86.910039,
              21.481163
            ],
            [
              86.911802,
              21.4791
            ]
          ]
        ]
      }
    },
    {
      "type": "Feature",
      "properties": {
        "plot_id": "183",
        "owner_name": "Minati Patra"
      },
      "geometry": {
        "type": "Polygon",
        "coordinates": [
          [
            [
              86.924368,
              21.489828
            ],
            [
              86.92535,
              21.489193
            ],
            [
              86.925747,
              21.488523
            ],
            [
              86.925853,
              21.488153
            ],
            [
              86.924941,
              21.487273
            ],
            [
              86.922932,
              21.487994
            ],
            [
              86.924368,
              21.489828
            ]
          ]
        ]
      }
    },
    {
      "type": "Feature",
      "properties": {
        "plot_id": "184",
        "owner_name": "Soumya Pradhan"
      },
      "geometry": {
        "type": "Polygon",
        "coordinates": [
          [
            [
              86.924368,
              21.489828
            ],
            [
              86.924247,
              21.490014
            ],
            [
              86.924729,
              21.490681
            ],
            [
              86.926033,
              21.490664
            ],
            [
              86.92535,
              21.489193
            ],
            [
              86.924368,
              21.489828
            ]
          ]
        ]
      }
    },
    {
      "type": "Feature",
      "properties": {
        "plot_id": "185",
        "owner_name": "Deepak Biswal"
      },
      "geometry": {
        "type": "Polygon",
        "coordinates": [
          [
            [
              86.92535,
              21.489193
            ],
            [
              86.926033,
              21.490664
            ],
            [
              86.926411,
              21.491248
            ],
            [
              86.926845,
              21.491206
            ],
            [
              86.927268,
              21.491001
            ],
            [
              86.927535,
              21.490769
            ],
            [
              86.925747,
              21.488523
            ],
            [
              86.92535,
              21.489193
            ]
          ]
        ]
      }
    },
    {
      "type": "Feature",
      "properties": {
        "plot_id": "186",
        "owner_name": "Bijay Sahoo"
      },
      "geometry": {
        "type": "Polygon",
        "coordinates": [
          [
            [
              86.924941,
              21.487273
            ],
            [
              86.924922,
              21.487126
            ],
            [
              86.923204,
              21.486008
            ],
            [
              86.922735,
              21.486236
            ],
            [
              86.922457,
              21.486558
            ],
            [
              86.922346,
              21.486991
            ],
            [
              86.922848,
              21.487991
            ],
            [
              86.922932,
              21.487994
            ],
            [
              86.924941,
              21.487273
            ]
          ]
        ]
      }
    },
    {
      "type": "Feature",
      "properties": {
        "plot_id": "187",
        "owner_name": "Pradeep Rath"
      },
      "geometry": {
        "type": "Polygon",
        "coordinates": [
          [
            [
              86.925853,
              21.488153
            ],
            [
              86.925925,
              21.488135
            ],
            [
              86.926255,
              21.487884
            ],
            [
              86.926767,
              21.486931
            ],
            [
              86.926457,
              21.485543
            ],
            [
              86.925747,
              21.485143
            ],
            [
              86.925236,
              21.485593
            ],
            [
              86.924922,
              21.487126
            ],
            [
              86.924941,
              21.487273
            ],
            [
              86.925853,
              21.488153
            ]
          ]
        ]
      }
    },
    {
      "type": "Feature",
      "properties": {
        "plot_id": "188",
        "owner_name": "Deepak Mishra"
      },
      "geometry": {
        "type": "Polygon",
        "coordinates": [
          [
            [
              86.925747,
              21.488523
            ],
            [
              86.927535,
              21.490769
            ],
            [
              86.927887,
              21.490623
            ],
            [
              86.927517,
              21.489104
            ],
            [
              86.926184,
              21.488267
            ],
            [
              86.925925,
              21.488135
            ],
            [
              86.925853,
              21.488153
            ],
            [
              86.925747,
              21.488523
            ]
          ]
        ]
      }
    },
    {
      "type": "Feature",
      "properties": {
        "plot_id": "189",
        "owner_name": "Minati Das"
      },
      "geometry": {
        "type": "Polygon",
        "coordinates": [
          [
            [
              86.924729,
              21.490681
            ],
            [
              86.924866,
              21.490961
            ],
            [
              86.925735,
              21.491799
            ],
            [
              86.926411,
              21.491248
            ],
            [
              86.926033,
              21.490664
            ],
            [
              86.924729,
              21.490681
            ]
          ]
        ]
      }
    },
    {
      "type": "Feature",
      "properties": {
        "plot_id": "190",
        "owner_name": "Rashmi Das"
      },
      "geometry": {
        "type": "Polygon",
        "coordinates": [
          [
            [
              86.924247,
              21.490014
            ],
            [
              86.923702,
              21.490335
            ],
            [
              86.924166,
              21.491598
            ],
            [
              86.924239,
              21.491694
            ],
            [
              86.924866,
              21.490961
            ],
            [
              86.924729,
              21.490681
            ],
            [
              86.924247,
              21.490014
            ]
          ]
        ]
      }
    },
    {
      "type": "Feature",
      "properties": {
        "plot_id": "191",
        "owner_name": "Alok Mishra"
      },
      "geometry": {
        "type": "Polygon",
        "coordinates": [
          [
            [
              86.927268,
              21.491001
            ],
            [
              86.928095,
              21.492747
            ],
            [
              86.928562,
              21.491685
            ],
            [
              86.928523,
              21.491355
            ],
            [
              86.928124,
              21.490624
            ],
            [
              86.927887,
              21.490623
            ],
            [
              86.927535,
              21.490769
            ],
            [
              86.927268,
              21.491001
            ]
          ]
        ]
      }
    },
    {
      "type": "Feature",
      "properties": {
        "plot_id": "192",
        "owner_name": "Rashmi Pradhan"
      },
      "geometry": {
        "type": "Polygon",
        "coordinates": [
          [
            [
              86.926845,
              21.491206
            ],
            [
              86.927215,
              21.493025
            ],
            [
              86.928044,
              21.493244
            ],
            [
              86.928105,
              21.49321
            ],
            [
              86.928095,
              21.492747
            ],
            [
              86.927268,
              21.491001
            ],
            [
              86.926845,
              21.491206
            ]
          ]
        ]
      }
    },
    {
      "type": "Feature",
      "properties": {
        "plot_id": "193",
        "owner_name": "Jayanta Samal"
      },
      "geometry": {
        "type": "Polygon",
        "coordinates": [
          [
            [
              86.926411,
              21.491248
            ],
            [
              86.925735,
              21.491799
            ],
            [
              86.92566,
              21.491947
            ],
            [
              86.925587,
              21.493094
            ],
            [
              86.926137,
              21.493342
            ],
            [
              86.927215,
              21.493025
            ],
            [
              86.926845,
              21.491206
            ],
            [
              86.926411,
              21.491248
            ]
          ]
        ]
      }
    },
    {
      "type": "Feature",
      "properties": {
        "plot_id": "194",
        "owner_name": "Jayanta Pradhan"
      },
      "geometry": {
        "type": "Polygon",
        "coordinates": [
          [
            [
              86.925331,
              21.481177
            ],
            [
              86.925088,
              21.483572
            ],
            [
              86.925682,
              21.483814
            ],
            [
              86.926237,
              21.482545
            ],
            [
              86.925331,
              21.481177
            ]
          ]
        ]
      }
    },
    {
      "type": "Feature",
      "properties": {
        "plot_id": "195",
        "owner_name": "Subrat Panda"
      },
      "geometry": {
        "type": "Polygon",
        "coordinates": [
          [
            [
              86.926237,
              21.482545
            ],
            [
              86.926912,
              21.482482
            ],
            [
              86.92743,
              21.481636
            ],
            [
              86.927377,
              21.481305
            ],
            [
              86.925832,
              21.480516
            ],
            [
              86.925379,
              21.48092
            ],
            [
              86.925299,
              21.481115
            ],
            [
              86.926237,
              21.482545
            ]
          ]
        ]
      }
    },
    {
      "type": "Feature",
      "properties": {
        "plot_id": "196",
        "owner_name": "Deepak Mohapatra"
      },
      "geometry": {
        "type": "Polygon",
        "coordinates": [
          [
            [
              86.925682,
              21.483814
            ],
            [
              86.925938,
              21.484278
            ],
            [
              86.927187,
              21.48407
            ],
            [
              86.927674,
              21.483758
            ],
            [
              86.927269,
              21.482856
            ],
            [
              86.926912,
              21.482482
            ],
            [
              86.926237,
              21.482545
            ],
            [
              86.925682,
              21.483814
            ]
          ]
        ]
      }
    },
    {
      "type": "Feature",
      "properties": {
        "plot_id": "197",
        "owner_name": "Bijay Mishra"
      },
      "geometry": {
        "type": "Polygon",
        "coordinates": [
          [
            [
              86.925331,
              21.481177
            ],
            [
              86.925299,
              21.481115
            ],
            [
              86.925022,
              21.481277
            ],
            [
              86.924726,
              21.482344
            ],
            [
              86.924634,
              21.483472
            ],
            [
              86.925088,
              21.483572
            ],
            [
              86.925331,
              21.481177
            ]
          ]
        ]
      }
    },
    {
      "type": "Feature",
      "properties": {
        "plot_id": "198",
        "owner_name": "Subrat Barik"
      },
      "geometry": {
        "type": "Polygon",
        "coordinates": [
          [
            [
              86.925088,
              21.483572
            ],
            [
              86.924634,
              21.483472
            ],
            [
              86.923681,
              21.483579
            ],
            [
              86.923541,
              21.484664
            ],
            [
              86.923648,
              21.484871
            ],
            [
              86.925236,
              21.485593
            ],
            [
              86.925747,
              21.485143
            ],
            [
              86.925938,
              21.484278
            ],
            [
              86.925682,
              21.483814
            ],
            [
              86.925088,
              21.483572
            ]
          ]
        ]
      }
    },
    {
      "type": "Feature",
      "properties": {
        "plot_id": "199",
        "owner_name": "Alok Das"
      },
      "geometry": {
        "type": "Polygon",
        "coordinates": [
          [
            [
              86.922415,
              21.484824
            ],
            [
              86.923541,
              21.484664
            ],
            [
              86.923681,
              21.483579
            ],
            [
              86.923102,
              21.482935
            ],
            [
              86.921726,
              21.483389
            ],
            [
              86.922415,
              21.484824
            ]
          ]
        ]
      }
    },
    {
      "type": "Feature",
      "properties": {
        "plot_id": "200",
        "owner_name": "Alok Mishra"
      },
      "geometry": {
        "type": "Polygon",
        "coordinates": [
          [
            [
              86.923102,
              21.482935
            ],
            [
              86.923161,
              21.481964
            ],
            [
              86.921541,
              21.481497
            ],
            [
              86.921174,
              21.48165
            ],
            [
              86.920972,
              21.483353
            ],
            [
              86.921726,
              21.483389
            ],
            [
              86.923102,
              21.482935
            ]
          ]
        ]
      }
    },
    {
      "type": "Feature",
      "properties": {
        "plot_id": "201",
        "owner_name": "Pradeep Sahoo"
      },
      "geometry": {
        "type": "Polygon",
        "coordinates": [
          [
            [
              86.922415,
              21.484824
            ],
            [
              86.922219,
              21.485032
            ],
            [
              86.922735,
              21.486236
            ],
            [
              86.923204,
              21.486008
            ],
            [
              86.923648,
              21.484871
            ],
            [
              86.923541,
              21.484664
            ],
            [
              86.922415,
              21.484824
            ]
          ]
        ]
      }
    },
    {
      "type": "Feature",
      "properties": {
        "plot_id": "202",
        "owner_name": "Minati Biswal"
      },
      "geometry": {
        "type": "Polygon",
        "coordinates": [
          [
            [
              86.923681,
              21.483579
            ],
            [
              86.924634,
              21.483472
            ],
            [
              86.924726,
              21.482344
            ],
            [
              86.923107,
              21.482894
            ],
            [
              86.923102,
              21.482935
            ],
            [
              86.923681,
              21.483579
            ]
          ]
        ]
      }
    },
    {
      "type": "Feature",
      "properties": {
        "plot_id": "203",
        "owner_name": "Manas Rath"
      },
      "geometry": {
        "type": "Polygon",
        "coordinates": [
          [
            [
              86.929481,
              21.478486
            ],
            [
              86.930476,
              21.478797
            ],
            [
              86.930465,
              21.477182
            ],
            [
              86.929481,
              21.478486
            ]
          ]
        ]
      }
    },
    {
      "type": "Feature",
      "properties": {
        "plot_id": "204",
        "owner_name": "Bijay Das"
      },
      "geometry": {
        "type": "Polygon",
        "coordinates": [
          [
            [
              86.930465,
              21.477182
            ],
            [
              86.93046,
              21.476856
            ],
            [
              86.930341,
              21.47681
            ],
            [
              86.928508,
              21.477595
            ],
            [
              86.928482,
              21.477711
            ],
            [
              86.929043,
              21.478289
            ],
            [
              86.929403,
              21.478554
            ],
            [
              86.929481,
              21.478486
            ],
            [
              86.930465,
              21.477182
            ]
          ]
        ]
      }
    },
    {
      "type": "Feature",
      "properties": {
        "plot_id": "205",
        "owner_name": "Tapan Mohapatra"
      },
      "geometry": {
        "type": "Polygon",
        "coordinates": [
          [
            [
              86.928968,
              21.474639
            ],
            [
              86.928937,
              21.474692
            ],
            [
              86.929081,
              21.475156
            ],
            [
              86.929741,
              21.476274
            ],
            [
              86.930341,
              21.47681
            ],
            [
              86.93046,
              21.476856
            ],
            [
              86.930373,
              21.475483
            ],
            [
              86.930173,
              21.474044
            ],
            [
              86.930131,
              21.473865
            ],
            [
              86.928968,
              21.474639
            ]
          ]
        ]
      }
    },
    {
      "type": "Feature",
      "properties": {
        "plot_id": "206",
        "owner_name": "Pradeep Mohapatra"
      },
      "geometry": {
        "type": "Polygon",
        "coordinates": [
          [
            [
              86.935141,
              21.486646
            ],
            [
              86.936962,
              21.48598
            ],
            [
              86.936312,
              21.485591
            ],
            [
              86.93519,
              21.48502
            ],
            [
              86.934842,
              21.48486
            ],
            [
              86.935141,
              21.486646
            ]
          ]
        ]
      }
    },
    {
      "type": "Feature",
      "properties": {
        "plot_id": "207",
        "owner_name": "Pradeep Pradhan"
      },
      "geometry": {
        "type": "Polygon",
        "coordinates": [
          [
            [
              86.929481,
              21.478486
            ],
            [
              86.929403,
              21.478554
            ],
            [
              86.929381,
              21.478697
            ],
            [
              86.929586,
              21.47929
            ],
            [
              86.930022,
              21.479624
            ],
            [
              86.930052,
              21.479633
            ],
            [
              86.930477,
              21.479614
            ],
            [
              86.930476,
              21.478797
            ],
            [
              86.929481,
              21.478486
            ]
          ]
        ]
      }
    },
    {
      "type": "Feature",
      "properties": {
        "plot_id": "208",
        "owner_name": "Soumya Mishra"
      },
      "geometry": {
        "type": "Polygon",
        "coordinates": [
          [
            [
              86.930052,
              21.479633
            ],
            [
              86.92954,
              21.481644
            ],
            [
              86.929544,
              21.481652
            ],
            [
              86.930581,
              21.481335
            ],
            [
              86.930491,
              21.480436
            ],
            [
              86.930477,
              21.479614
            ],
            [
              86.930052,
              21.479633
            ]
          ]
        ]
      }
    },
    {
      "type": "Feature",
      "properties": {
        "plot_id": "209",
        "owner_name": "Bijay Mishra"
      },
      "geometry": {
        "type": "Polygon",
        "coordinates": [
          [
            [
              86.929544,
              21.481652
            ],
            [
              86.929295,
              21.482422
            ],
            [
              86.931698,
              21.483645
            ],
            [
              86.932311,
              21.483662
            ],
            [
              86.931637,
              21.483213
            ],
            [
              86.931128,
              21.482697
            ],
            [
              86.930782,
              21.482079
            ],
            [
              86.930581,
              21.481335
            ],
            [
              86.929544,
              21.481652
            ]
          ]
        ]
      }
    },
    {
      "type": "Feature",
      "properties": {
        "plot_id": "210",
        "owner_name": "Minati Sahoo"
      },
      "geometry": {
        "type": "Polygon",
        "coordinates": [
          [
            [
              86.925379,
              21.48092
            ],
            [
              86.923883,
              21.479795
            ],
            [
              86.923132,
              21.48105
            ],
            [
              86.923311,
              21.481729
            ],
            [
              86.925022,
              21.481277
            ],
            [
              86.925299,
              21.481115
            ],
            [
              86.925379,
              21.48092
            ]
          ]
        ]
      }
    },
    {
      "type": "Feature",
      "properties": {
        "plot_id": "211",
        "owner_name": "Soumya Samal"
      },
      "geometry": {
        "type": "Polygon",
        "coordinates": [
          [
            [
              86.925832,
              21.480516
            ],
            [
              86.925909,
              21.480286
            ],
            [
              86.924564,
              21.478118
            ],
            [
              86.924531,
              21.478109
            ],
            [
              86.923619,
              21.479146
            ],
            [
              86.923883,
              21.479795
            ],
            [
              86.925379,
              21.48092
            ],
            [
              86.925832,
              21.480516
            ]
          ]
        ]
      }
    },
    {
      "type": "Feature",
      "properties": {
        "plot_id": "212",
        "owner_name": "Deepak Mohapatra"
      },
      "geometry": {
        "type": "Polygon",
        "coordinates": [
          [
            [
              86.926912,
              21.482482
            ],
            [
              86.927269,
              21.482856
            ],
            [
              86.928394,
              21.482223
            ],
            [
              86.92743,
              21.481636
            ],
            [
              86.926912,
              21.482482
            ]
          ]
        ]
      }
    },
    {
      "type": "Feature",
      "properties": {
        "plot_id": "213",
        "owner_name": "Deepak Rath"
      },
      "geometry": {
        "type": "Polygon",
        "coordinates": [
          [
            [
              86.927377,
              21.481305
            ],
            [
              86.927954,
              21.480819
            ],
            [
              86.927112,
              21.479426
            ],
            [
              86.926353,
              21.479859
            ],
            [
              86.925909,
              21.480286
            ],
            [
              86.925832,
              21.480516
            ],
            [
              86.927377,
              21.481305
            ]
          ]
        ]
      }
    },
    {
      "type": "Feature",
      "properties": {
        "plot_id": "214",
        "owner_name": "Deepak Das"
      },
      "geometry": {
        "type": "Polygon",
        "coordinates": [
          [
            [
              86.92743,
              21.481636
            ],
            [
              86.928394,
              21.482223
            ],
            [
              86.929258,
              21.482454
            ],
            [
              86.929295,
              21.482422
            ],
            [
              86.929544,
              21.481652
            ],
            [
              86.928866,
              21.48087
            ],
            [
              86.928339,
              21.48074
            ],
            [
              86.927954,
              21.480819
            ],
            [
              86.927377,
              21.481305
            ],
            [
              86.92743,
              21.481636
            ]
          ]
        ]
      }
    },
    {
      "type": "Feature",
      "properties": {
        "plot_id": "215",
        "owner_name": "Pradeep Mishra"
      },
      "geometry": {
        "type": "Polygon",
        "coordinates": [
          [
            [
              86.914308,
              21.484608
            ],
            [
              86.913244,
              21.484585
            ],
            [
              86.91271,
              21.486174
            ],
            [
              86.914998,
              21.485929
            ],
            [
              86.915065,
              21.485459
            ],
            [
              86.914308,
              21.484608
            ]
          ]
        ]
      }
    },
    {
      "type": "Feature",
      "properties": {
        "plot_id": "216",
        "owner_name": "Bijay Barik"
      },
      "geometry": {
        "type": "Polygon",
        "coordinates": [
          [
            [
              86.914308,
              21.484608
            ],
            [
              86.913944,
              21.483472
            ],
            [
              86.912249,
              21.483848
            ],
            [
              86.912263,
              21.484093
            ],
            [
              86.913244,
              21.484585
            ],
            [
              86.914308,
              21.484608
            ]
          ]
        ]
      }
    },
    {
      "type": "Feature",
      "properties": {
        "plot_id": "217",
        "owner_name": "Soumya Sahoo"
      },
      "geometry": {
        "type": "Polygon",
        "coordinates": [
          [
            [
              86.913244,
              21.484585
            ],
            [
              86.912263,
              21.484093
            ],
            [
              86.911756,
              21.485438
            ],
            [
              86.911893,
              21.486096
            ],
            [
              86.912366,
              21.486265
            ],
            [
              86.91271,
              21.486174
            ],
            [
              86.913244,
              21.484585
            ]
          ]
        ]
      }
    },
    {
      "type": "Feature",
      "properties": {
        "plot_id": "218",
        "owner_name": "Deepak Mishra"
      },
      "geometry": {
        "type": "Polygon",
        "coordinates": [
          [
            [
              86.91271,
              21.486174
            ],
            [
              86.912366,
              21.486265
            ],
            [
              86.913092,
              21.488532
            ],
            [
              86.915212,
              21.486953
            ],
            [
              86.915347,
              21.48665
            ],
            [
              86.914998,
              21.485929
            ],
            [
              86.91271,
              21.486174
            ]
          ]
        ]
      }
    },
    {
      "type": "Feature",
      "properties": {
        "plot_id": "219",
        "owner_name": "Manas Panda"
      },
      "geometry": {
        "type": "Polygon",
        "coordinates": [
          [
            [
              86.923204,
              21.486008
            ],
            [
              86.924922,
              21.487126
            ],
            [
              86.925236,
              21.485593
            ],
            [
              86.923648,
              21.484871
            ],
            [
              86.923204,
              21.486008
            ]
          ]
        ]
      }
    },
    {
      "type": "Feature",
      "properties": {
        "plot_id": "220",
        "owner_name": "Rashmi Pradhan"
      },
      "geometry": {
        "type": "Polygon",
        "coordinates": [
          [
            [
              86.922219,
              21.485032
            ],
            [
              86.921258,
              21.485297
            ],
            [
              86.921281,
              21.485438
            ],
            [
              86.922457,
              21.486558
            ],
            [
              86.922735,
              21.486236
            ],
            [
              86.922219,
              21.485032
            ]
          ]
        ]
      }
    },
    {
      "type": "Feature",
      "properties": {
        "plot_id": "221",
        "owner_name": "Satyabrata Nayak"
      },
      "geometry": {
        "type": "Polygon",
        "coordinates": [
          [
            [
              86.925747,
              21.485143
            ],
            [
              86.926457,
              21.485543
            ],
            [
              86.926815,
              21.485579
            ],
            [
              86.927578,
              21.485417
            ],
            [
              86.927187,
              21.48407
            ],
            [
              86.925938,
              21.484278
            ],
            [
              86.925747,
              21.485143
            ]
          ]
        ]
      }
    },
    {
      "type": "Feature",
      "properties": {
        "plot_id": "222",
        "owner_name": "Pradeep Sahoo"
      },
      "geometry": {
        "type": "Polygon",
        "coordinates": [
          [
            [
              86.913944,
              21.483472
            ],
            [
              86.914182,
              21.482672
            ],
            [
              86.913859,
              21.482105
            ],
            [
              86.913588,
              21.481998
            ],
            [
              86.912848,
              21.482349
            ],
            [
              86.912226,
              21.48381
            ],
            [
              86.912249,
              21.483848
            ],
            [
              86.913944,
              21.483472
            ]
          ]
        ]
      }
    },
    {
      "type": "Feature",
      "properties": {
        "plot_id": "223",
        "owner_name": "Tapan Samal"
      },
      "geometry": {
        "type": "Polygon",
        "coordinates": [
          [
            [
              86.912226,
              21.48381
            ],
            [
              86.911338,
              21.483297
            ],
            [
              86.910503,
              21.48383
            ],
            [
              86.910394,
              21.484156
            ],
            [
              86.910426,
              21.484568
            ],
            [
              86.911756,
              21.485438
            ],
            [
              86.912263,
              21.484093
            ],
            [
              86.912249,
              21.483848
            ],
            [
              86.912226,
              21.48381
            ]
          ]
        ]
      }
    },
    {
      "type": "Feature",
      "properties": {
        "plot_id": "224",
        "owner_name": "Tapan Pradhan"
      },
      "geometry": {
        "type": "Polygon",
        "coordinates": [
          [
            [
              86.917105,
              21.471271
            ],
            [
              86.918787,
              21.470169
            ],
            [
              86.918193,
              21.469122
            ],
            [
              86.917563,
              21.469584
            ],
            [
              86.916576,
              21.470407
            ],
            [
              86.917105,
              21.471271
            ]
          ]
        ]
      }
    },
    {
      "type": "Feature",
      "properties": {
        "plot_id": "225",
        "owner_name": "Deepak Biswal"
      },
      "geometry": {
        "type": "Polygon",
        "coordinates": [
          [
            [
              86.916084,
              21.480086
            ],
            [
              86.916729,
              21.480254
            ],
            [
              86.916876,
              21.479004
            ],
            [
              86.916634,
              21.478712
            ],
            [
              86.916303,
              21.479032
            ],
            [
              86.915911,
              21.479701
            ],
            [
              86.916084,
              21.480086
            ]
          ]
        ]
      }
    },
    {
      "type": "Feature",
      "properties": {
        "plot_id": "226",
        "owner_name": "Satyabrata Barik"
      },
      "geometry": {
        "type": "Polygon",
        "coordinates": [
          [
            [
              86.916303,
              21.479032
            ],
            [
              86.916634,
              21.478712
            ],
            [
              86.916542,
              21.478229
            ],
            [
              86.915911,
              21.477642
            ],
            [
              86.915179,
              21.478011
            ],
            [
              86.916303,
              21.479032
            ]
          ]
        ]
      }
    },
    {
      "type": "Feature",
      "properties": {
        "plot_id": "227",
        "owner_name": "Minati Rath"
      },
      "geometry": {
        "type": "Polygon",
        "coordinates": [
          [
            [
              86.920822,
              21.48347
            ],
            [
              86.920972,
              21.483348
            ],
            [
              86.919333,
              21.480937
            ],
            [
              86.919205,
              21.481067
            ],
            [
              86.918878,
              21.481702
            ],
            [
              86.920822,
              21.48347
            ]
          ]
        ]
      }
    },
    {
      "type": "Feature",
      "properties": {
        "plot_id": "228",
        "owner_name": "Tapan Pradhan"
      },
      "geometry": {
        "type": "Polygon",
        "coordinates": [
          [
            [
              86.919634,
              21.480556
            ],
            [
              86.919333,
              21.480937
            ],
            [
              86.920972,
              21.483348
            ],
            [
              86.921174,
              21.48165
            ],
            [
              86.919634,
              21.480556
            ]
          ]
        ]
      }
    },
    {
      "type": "Feature",
      "properties": {
        "plot_id": "229",
        "owner_name": "Satyabrata Rath"
      },
      "geometry": {
        "type": "Polygon",
        "coordinates": [
          [
            [
              86.921174,
              21.48165
            ],
            [
              86.921541,
              21.481497
            ],
            [
              86.921714,
              21.481033
            ],
            [
              86.921087,
              21.479783
            ],
            [
              86.919684,
              21.480172
            ],
            [
              86.919634,
              21.480556
            ],
            [
              86.921174,
              21.48165
            ]
          ]
        ]
      }
    },
    {
      "type": "Feature",
      "properties": {
        "plot_id": "230",
        "owner_name": "Subrat Samal"
      },
      "geometry": {
        "type": "Polygon",
        "coordinates": [
          [
            [
              86.919634,
              21.480556
            ],
            [
              86.919684,
              21.480172
            ],
            [
              86.919597,
              21.479994
            ],
            [
              86.918683,
              21.479802
            ],
            [
              86.917248,
              21.480123
            ],
            [
              86.918494,
              21.480854
            ],
            [
              86.919205,
              21.481067
            ],
            [
              86.919333,
              21.480937
            ],
            [
              86.919634,
              21.480556
            ]
          ]
        ]
      }
    },
    {
      "type": "Feature",
      "properties": {
        "plot_id": "231",
        "owner_name": "Jayanta Samal"
      },
      "geometry": {
        "type": "Polygon",
        "coordinates": [
          [
            [
              86.934948,
              21.486928
            ],
            [
              86.934633,
              21.487095
            ],
            [
              86.934872,
              21.488059
            ],
            [
              86.936406,
              21.48806
            ],
            [
              86.936417,
              21.48775
            ],
            [
              86.934948,
              21.486928
            ]
          ]
        ]
      }
    },
    {
      "type": "Feature",
      "properties": {
        "plot_id": "232",
        "owner_name": "Alok Biswal"
      },
      "geometry": {
        "type": "Polygon",
        "coordinates": [
          [
            [
              86.936417,
              21.48775
            ],
            [
              86.93696,
              21.486663
            ],
            [
              86.937162,
              21.4861
            ],
            [
              86.936962,
              21.48598
            ],
            [
              86.935141,
              21.486646
            ],
            [
              86.934948,
              21.486928
            ],
            [
              86.936417,
              21.48775
            ]
          ]
        ]
      }
    },
    {
      "type": "Feature",
      "properties": {
        "plot_id": "233",
        "owner_name": "Subrat Samal"
      },
      "geometry": {
        "type": "Polygon",
        "coordinates": [
          [
            [
              86.936417,
              21.48775
            ],
            [
              86.936406,
              21.48806
            ],
            [
              86.936947,
              21.488525
            ],
            [
              86.937767,
              21.488722
            ],
            [
              86.937907,
              21.488643
            ],
            [
              86.937998,
              21.488522
            ],
            [
              86.93696,
              21.486663
            ],
            [
              86.936417,
              21.48775
            ]
          ]
        ]
      }
    },
    {
      "type": "Feature",
      "properties": {
        "plot_id": "234",
        "owner_name": "Pradeep Sahoo"
      },
      "geometry": {
        "type": "Polygon",
        "coordinates": [
          [
            [
              86.93696,
              21.486663
            ],
            [
              86.937998,
              21.488522
            ],
            [
              86.938429,
              21.488088
            ],
            [
              86.937757,
              21.486499
            ],
            [
              86.937433,
              21.486262
            ],
            [
              86.937162,
              21.4861
            ],
            [
              86.93696,
              21.486663
            ]
          ]
        ]
      }
    },
    {
      "type": "Feature",
      "properties": {
        "plot_id": "235",
        "owner_name": "Minati Pradhan"
      },
      "geometry": {
        "type": "Polygon",
        "coordinates": [
          [
            [
              86.935141,
              21.486646
            ],
            [
              86.934842,
              21.48486
            ],
            [
              86.933162,
              21.484095
            ],
            [
              86.933044,
              21.484766
            ],
            [
              86.933592,
              21.486867
            ],
            [
              86.934633,
              21.487095
            ],
            [
              86.934948,
              21.486928
            ],
            [
              86.935141,
              21.486646
            ]
          ]
        ]
      }
    },
    {
      "type": "Feature",
      "properties": {
        "plot_id": "236",
        "owner_name": "Jayanta Samal"
      },
      "geometry": {
        "type": "Polygon",
        "coordinates": [
          [
            [
              86.933592,
              21.486867
            ],
            [
              86.933545,
              21.486935
            ],
            [
              86.93316,
              21.488214
            ],
            [
              86.933355,
              21.488662
            ],
            [
              86.934502,
              21.489029
            ],
            [
              86.934872,
              21.488059
            ],
            [
              86.934633,
              21.487095
            ],
            [
              86.933592,
              21.486867
            ]
          ]
        ]
      }
    },
    {
      "type": "Feature",
      "properties": {
        "plot_id": "237",
        "owner_name": "Jayanta Nayak"
      },
      "geometry": {
        "type": "Polygon",
        "coordinates": [
          [
            [
              86.933044,
              21.484766
            ],
            [
              86.931342,
              21.486492
            ],
            [
              86.931422,
              21.487186
            ],
            [
              86.933545,
              21.486935
            ],
            [
              86.933592,
              21.486867
            ],
            [
              86.933044,
              21.484766
            ]
          ]
        ]
      }
    },
    {
      "type": "Feature",
      "properties": {
        "plot_id": "238",
        "owner_name": "Minati Patra"
      },
      "geometry": {
        "type": "Polygon",
        "coordinates": [
          [
            [
              86.933162,
              21.484095
            ],
            [
              86.932573,
              21.483796
            ],
            [
              86.930632,
              21.485412
            ],
            [
              86.931239,
              21.48643
            ],
            [
              86.931342,
              21.486492
            ],
            [
              86.933044,
              21.484766
            ],
            [
              86.933162,
              21.484095
            ]
          ]
        ]
      }
    },
    {
      "type": "Feature",
      "properties": {
        "plot_id": "239",
        "owner_name": "Jayanta Pradhan"
      },
      "geometry": {
        "type": "Polygon",
        "coordinates": [
          [
            [
              86.907003,
              21.481805
            ],
            [
              86.907235,
              21.481706
            ],
            [
              86.907439,
              21.480881
            ],
            [
              86.907171,
              21.480176
            ],
            [
              86.906999,
              21.480226
            ],
            [
              86.906187,
              21.480815
            ],
            [
              86.906285,
              21.481648
            ],
            [
              86.907003,
              21.481805
            ]
          ]
        ]
      }
    },
    {
      "type": "Feature",
      "properties": {
        "plot_id": "240",
        "owner_name": "Jayanta Patra"
      },
      "geometry": {
        "type": "Polygon",
        "coordinates": [
          [
            [
              86.907003,
              21.481805
            ],
            [
              86.907026,
              21.483017
            ],
            [
              86.908382,
              21.483248
            ],
            [
              86.908873,
              21.482463
            ],
            [
              86.908809,
              21.482404
            ],
            [
              86.907235,
              21.481706
            ],
            [
              86.907003,
              21.481805
            ]
          ]
        ]
      }
    },
    {
      "type": "Feature",
      "properties": {
        "plot_id": "241",
        "owner_name": "Jayanta Sahoo"
      },
      "geometry": {
        "type": "Polygon",
        "coordinates": [
          [
            [
              86.907235,
              21.481706
            ],
            [
              86.908809,
              21.482404
            ],
            [
              86.908177,
              21.481189
            ],
            [
              86.907439,
              21.480881
            ],
            [
              86.907235,
              21.481706
            ]
          ]
        ]
      }
    },
    {
      "type": "Feature",
      "properties": {
        "plot_id": "242",
        "owner_name": "Tapan Patra"
      },
      "geometry": {
        "type": "Polygon",
        "coordinates": [
          [
            [
              86.907439,
              21.480881
            ],
            [
              86.908177,
              21.481189
            ],
            [
              86.908566,
              21.4803
            ],
            [
              86.907873,
              21.47938
            ],
            [
              86.907789,
              21.479378
            ],
            [
              86.907171,
              21.480176
            ],
            [
              86.907439,
              21.480881
            ]
          ]
        ]
      }
    },
    {
      "type": "Feature",
      "properties": {
        "plot_id": "243",
        "owner_name": "Minati Rath"
      },
      "geometry": {
        "type": "Polygon",
        "coordinates": [
          [
            [
              86.907224,
              21.491271
            ],
            [
              86.906107,
              21.491862
            ],
            [
              86.906045,
              21.491969
            ],
            [
              86.906211,
              21.493296
            ],
            [
              86.907115,
              21.494053
            ],
            [
              86.907743,
              21.494106
            ],
            [
              86.908171,
              21.492581
            ],
            [
              86.907224,
              21.491271
            ]
          ]
        ]
      }
    },
    {
      "type": "Feature",
      "properties": {
        "plot_id": "244",
        "owner_name": "Alok Panda"
      },
      "geometry": {
        "type": "Polygon",
        "coordinates": [
          [
            [
              86.907743,
              21.494106
            ],
            [
              86.907888,
              21.494226
            ],
            [
              86.909414,
              21.49431
            ],
            [
              86.910021,
              21.493781
            ],
            [
              86.909297,
              21.492717
            ],
            [
              86.908772,
              21.492589
            ],
            [
              86.908171,
              21.492581
            ],
            [
              86.907743,
              21.494106
            ]
          ]
        ]
      }
    },
    {
      "type": "Feature",
      "properties": {
        "plot_id": "245",
        "owner_name": "Satyabrata Rath"
      },
      "geometry": {
        "type": "Polygon",
        "coordinates": [
          [
            [
              86.907868,
              21.495612
            ],
            [
              86.908259,
              21.496111
            ],
            [
              86.908962,
              21.496219
            ],
            [
              86.909455,
              21.494937
            ],
            [
              86.909414,
              21.49431
            ],
            [
              86.907888,
              21.494226
            ],
            [
              86.907868,
              21.495612
            ]
          ]
        ]
      }
    },
    {
      "type": "Feature",
      "properties": {
        "plot_id": "246",
        "owner_name": "Subrat Mohapatra"
      },
      "geometry": {
        "type": "Polygon",
        "coordinates": [
          [
            [
              86.909297,
              21.492717
            ],
            [
              86.909639,
              21.491976
            ],
            [
              86.909356,
              21.490812
            ],
            [
              86.909188,
              21.490636
            ],
            [
              86.909139,
              21.490615
            ],
            [
              86.908772,
              21.492589
            ],
            [
              86.909297,
              21.492717
            ]
          ]
        ]
      }
    },
    {
      "type": "Feature",
      "properties": {
        "plot_id": "247",
        "owner_name": "Manas Sahoo"
      },
      "geometry": {
        "type": "Polygon",
        "coordinates": [
          [
            [
              86.909297,
              21.492717
            ],
            [
              86.910021,
              21.493781
            ],
            [
              86.910341,
              21.493748
            ],
            [
              86.910907,
              21.493221
            ],
            [
              86.911703,
              21.492244
            ],
            [
              86.909639,
              21.491976
            ],
            [
              86.909297,
              21.492717
            ]
          ]
        ]
      }
    },
    {
      "type": "Feature",
      "properties": {
        "plot_id": "248",
        "owner_name": "Jayanta Mohapatra"
      },
      "geometry": {
        "type": "Polygon",
        "coordinates": [
          [
            [
              86.909639,
              21.491976
            ],
            [
              86.911703,
              21.492244
            ],
            [
              86.911981,
              21.492026
            ],
            [
              86.912087,
              21.491771
            ],
            [
              86.912087,
              21.491685
            ],
            [
              86.909356,
              21.490812
            ],
            [
              86.909639,
              21.491976
            ]
          ]
        ]
      }
    },
    {
      "type": "Feature",
      "properties": {
        "plot_id": "249",
        "owner_name": "Minati Barik"
      },
      "geometry": {
        "type": "Polygon",
        "coordinates": [
          [
            [
              86.909356,
              21.490812
            ],
            [
              86.912087,
              21.491685
            ],
            [
              86.91221,
              21.491297
            ],
            [
              86.91203,
              21.490079
            ],
            [
              86.911264,
              21.489829
            ],
            [
              86.910214,
              21.490141
            ],
            [
              86.909188,
              21.490636
            ],
            [
              86.909356,
              21.490812
            ]
          ]
        ]
      }
    },
    {
      "type": "Feature",
      "properties": {
        "plot_id": "250",
        "owner_name": "Alok Patra"
      },
      "geometry": {
        "type": "Polygon",
        "coordinates": [
          [
            [
              86.904798,
              21.500397
            ],
            [
              86.905932,
              21.500703
            ],
            [
              86.905991,
              21.500032
            ],
            [
              86.905785,
              21.499585
            ],
            [
              86.905493,
              21.499364
            ],
            [
              86.904798,
              21.500397
            ]
          ]
        ]
      }
    },
    {
      "type": "Feature",
      "properties": {
        "plot_id": "251",
        "owner_name": "Soumya Panda"
      },
      "geometry": {
        "type": "Polygon",
        "coordinates": [
          [
            [
              86.905493,
              21.499364
            ],
            [
              86.905785,
              21.499585
            ],
            [
              86.906971,
              21.499154
            ],
            [
              86.906902,
              21.499042
            ],
            [
              86.906196,
              21.498285
            ],
            [
              86.905286,
              21.49799
            ],
            [
              86.904961,
              21.498333
            ],
            [
              86.905493,
              21.499364
            ]
          ]
        ]
      }
    },
    {
      "type": "Feature",
      "properties": {
        "plot_id": "252",
        "owner_name": "Subrat Nayak"
      },
      "geometry": {
        "type": "Polygon",
        "coordinates": [
          [
            [
              86.906813,
              21.504083
            ],
            [
              86.906265,
              21.50514
            ],
            [
              86.906671,
              21.506143
            ],
            [
              86.907719,
              21.506051
            ],
            [
              86.907637,
              21.504957
            ],
            [
              86.906813,
              21.504083
            ]
          ]
        ]
      }
    },
    {
      "type": "Feature",
      "properties": {
        "plot_id": "253",
        "owner_name": "Jayanta Samal"
      },
      "geometry": {
        "type": "Polygon",
        "coordinates": [
          [
            [
              86.907637,
              21.504957
            ],
            [
              86.908281,
              21.504827
            ],
            [
              86.909077,
              21.503345
            ],
            [
              86.908629,
              21.502979
            ],
            [
              86.906811,
              21.504078
            ],
            [
              86.907637,
              21.504957
            ]
          ]
        ]
      }
    },
    {
      "type": "Feature",
      "properties": {
        "plot_id": "254",
        "owner_name": "Bijay Panda"
      },
      "geometry": {
        "type": "Polygon",
        "coordinates": [
          [
            [
              86.907719,
              21.506051
            ],
            [
              86.90789,
              21.506036
            ],
            [
              86.909256,
              21.505778
            ],
            [
              86.908808,
              21.505006
            ],
            [
              86.908281,
              21.504827
            ],
            [
              86.907637,
              21.504957
            ],
            [
              86.907719,
              21.506051
            ]
          ]
        ]
      }
    },
    {
      "type": "Feature",
      "properties": {
        "plot_id": "255",
        "owner_name": "Soumya Samal"
      },
      "geometry": {
        "type": "Polygon",
        "coordinates": [
          [
            [
              86.906813,
              21.504083
            ],
            [
              86.906521,
              21.50384
            ],
            [
              86.904875,
              21.504705
            ],
            [
              86.905719,
              21.50544
            ],
            [
              86.906265,
              21.50514
            ],
            [
              86.906813,
              21.504083
            ]
          ]
        ]
      }
    },
    {
      "type": "Feature",
      "properties": {
        "plot_id": "256",
        "owner_name": "Manas Mishra"
      },
      "geometry": {
        "type": "Polygon",
        "coordinates": [
          [
            [
              86.911955,
              21.504416
            ],
            [
              86.910828,
              21.503864
            ],
            [
              86.910341,
              21.503948
            ],
            [
              86.910241,
              21.50552
            ],
            [
              86.910755,
              21.505381
            ],
            [
              86.912254,
              21.504884
            ],
            [
              86.911955,
              21.504416
            ]
          ]
        ]
      }
    },
    {
      "type": "Feature",
      "properties": {
        "plot_id": "257",
        "owner_name": "Jayanta Rath"
      },
      "geometry": {
        "type": "Polygon",
        "coordinates": [
          [
            [
              86.922348,
              21.50691
            ],
            [
              86.922484,
              21.506988
            ],
            [
              86.923502,
              21.507457
            ],
            [
              86.923853,
              21.507572
            ],
            [
              86.924194,
              21.506754
            ],
            [
              86.924154,
              21.506225
            ],
            [
              86.923012,
              21.505561
            ],
            [
              86.92237,
              21.506525
            ],
            [
              86.922348,
              21.50691
            ]
          ]
        ]
      }
    },
    {
      "type": "Feature",
      "properties": {
        "plot_id": "258",
        "owner_name": "Pradeep Rath"
      },
      "geometry": {
        "type": "Polygon",
        "coordinates": [
          [
            [
              86.926258,
              21.507919
            ],
            [
              86.926168,
              21.507588
            ],
            [
              86.925367,
              21.506598
            ],
            [
              86.924194,
              21.506754
            ],
            [
              86.923853,
              21.507572
            ],
            [
              86.924562,
              21.507806
            ],
            [
              86.925642,
              21.50801
            ],
            [
              86.926235,
              21.508034
            ],
            [
              86.926258,
              21.507919
            ]
          ]
        ]
      }
    },
    {
      "type": "Feature",
      "properties": {
        "plot_id": "259",
        "owner_name": "Pradeep Nayak"
      },
      "geometry": {
        "type": "Polygon",
        "coordinates": [
          [
            [
              86.904875,
              21.504705
            ],
            [
              86.904421,
              21.504716
            ],
            [
              86.903965,
              21.505933
            ],
            [
              86.904917,
              21.506113
            ],
            [
              86.905413,
              21.506131
            ],
            [
              86.905719,
              21.50544
            ],
            [
              86.904875,
              21.504705
            ]
          ]
        ]
      }
    },
    {
      "type": "Feature",
      "properties": {
        "plot_id": "260",
        "owner_name": "Subrat Mishra"
      },
      "geometry": {
        "type": "Polygon",
        "coordinates": [
          [
            [
              86.906289,
              21.501778
            ],
            [
              86.907077,
              21.501513
            ],
            [
              86.907149,
              21.500469
            ],
            [
              86.905974,
              21.500233
            ],
            [
              86.905932,
              21.500703
            ],
            [
              86.906289,
              21.501778
            ]
          ]
        ]
      }
    },
    {
      "type": "Feature",
      "properties": {
        "plot_id": "261",
        "owner_name": "Pradeep Das"
      },
      "geometry": {
        "type": "Polygon",
        "coordinates": [
          [
            [
              86.908629,
              21.502979
            ],
            [
              86.909077,
              21.503345
            ],
            [
              86.909944,
              21.50373
            ],
            [
              86.91002,
              21.503743
            ],
            [
              86.910259,
              21.502595
            ],
            [
              86.909917,
              21.501756
            ],
            [
              86.908727,
              21.501426
            ],
            [
              86.908438,
              21.501728
            ],
            [
              86.908629,
              21.502979
            ]
          ]
        ]
      }
    },
    {
      "type": "Feature",
      "properties": {
        "plot_id": "262",
        "owner_name": "Alok Mishra"
      },
      "geometry": {
        "type": "Polygon",
        "coordinates": [
          [
            [
              86.908438,
              21.501728
            ],
            [
              86.908727,
              21.501426
            ],
            [
              86.908898,
              21.500854
            ],
            [
              86.908895,
              21.500733
            ],
            [
              86.908526,
              21.499752
            ],
            [
              86.908517,
              21.499733
            ],
            [
              86.907654,
              21.499395
            ],
            [
              86.907556,
              21.499426
            ],
            [
              86.907185,
              21.500012
            ],
            [
              86.907077,
              21.501513
            ],
            [
              86.908438,
              21.501728
            ]
          ]
        ]
      }
    },
    {
      "type": "Feature",
      "properties": {
        "plot_id": "263",
        "owner_name": "Tapan Das"
      },
      "geometry": {
        "type": "Polygon",
        "coordinates": [
          [
            [
              86.915165,
              21.496861
            ],
            [
              86.915677,
              21.497761
            ],
            [
              86.916792,
              21.497327
            ],
            [
              86.916686,
              21.496628
            ],
            [
              86.916527,
              21.496544
            ],
            [
              86.915165,
              21.496861
            ]
          ]
        ]
      }
    },
    {
      "type": "Feature",
      "properties": {
        "plot_id": "264",
        "owner_name": "Tapan Pradhan"
      },
      "geometry": {
        "type": "Polygon",
        "coordinates": [
          [
            [
              86.916527,
              21.496544
            ],
            [
              86.9159,
              21.495924
            ],
            [
              86.914998,
              21.496723
            ],
            [
              86.915165,
              21.496861
            ],
            [
              86.916527,
              21.496544
            ]
          ]
        ]
      }
    },
    {
      "type": "Feature",
      "properties": {
        "plot_id": "265",
        "owner_name": "Soumya Sahoo"
      },
      "geometry": {
        "type": "Polygon",
        "coordinates": [
          [
            [
              86.916686,
              21.496628
            ],
            [
              86.917175,
              21.496036
            ],
            [
              86.916896,
              21.494907
            ],
            [
              86.916801,
              21.494876
            ],
            [
              86.916497,
              21.49487
            ],
            [
              86.915719,
              21.495121
            ],
            [
              86.915703,
              21.495155
            ],
            [
              86.9159,
              21.495924
            ],
            [
              86.916527,
              21.496544
            ],
            [
              86.916686,
              21.496628
            ]
          ]
        ]
      }
    },
    {
      "type": "Feature",
      "properties": {
        "plot_id": "266",
        "owner_name": "Alok Barik"
      },
      "geometry": {
        "type": "Polygon",
        "coordinates": [
          [
            [
              86.916792,
              21.497327
            ],
            [
              86.917111,
              21.497582
            ],
            [
              86.917756,
              21.497445
            ],
            [
              86.918663,
              21.496506
            ],
            [
              86.917873,
              21.496075
            ],
            [
              86.917175,
              21.496036
            ],
            [
              86.916686,
              21.496628
            ],
            [
              86.916792,
              21.497327
            ]
          ]
        ]
      }
    },
    {
      "type": "Feature",
      "properties": {
        "plot_id": "267",
        "owner_name": "Bijay Sahoo"
      },
      "geometry": {
        "type": "Polygon",
        "coordinates": [
          [
            [
              86.915677,
              21.497761
            ],
            [
              86.915103,
              21.498821
            ],
            [
              86.91511,
              21.49884
            ],
            [
              86.916755,
              21.498883
            ],
            [
              86.917041,
              21.498441
            ],
            [
              86.917127,
              21.498127
            ],
            [
              86.917111,
              21.497582
            ],
            [
              86.916792,
              21.497327
            ],
            [
              86.915677,
              21.497761
            ]
          ]
        ]
      }
    },
    {
      "type": "Feature",
      "properties": {
        "plot_id": "268",
        "owner_name": "Jayanta Nayak"
      },
      "geometry": {
        "type": "Polygon",
        "coordinates": [
          [
            [
              86.915165,
              21.496861
            ],
            [
              86.914998,
              21.496723
            ],
            [
              86.914595,
              21.496607
            ],
            [
              86.914149,
              21.496788
            ],
            [
              86.913567,
              21.497243
            ],
            [
              86.91364,
              21.497448
            ],
            [
              86.914342,
              21.498307
            ],
            [
              86.915103,
              21.498821
            ],
            [
              86.915677,
              21.497761
            ],
            [
              86.915165,
              21.496861
            ]
          ]
        ]
      }
    },
    {
      "type": "Feature",
      "properties": {
        "plot_id": "269",
        "owner_name": "Satyabrata Nayak"
      },
      "geometry": {
        "type": "Polygon",
        "coordinates": [
          [
            [
              86.908281,
              21.504827
            ],
            [
              86.908808,
              21.505006
            ],
            [
              86.909944,
              21.50373
            ],
            [
              86.909077,
              21.503345
            ],
            [
              86.908281,
              21.504827
            ]
          ]
        ]
      }
    },
    {
      "type": "Feature",
      "properties": {
        "plot_id": "270",
        "owner_name": "Alok Das"
      },
      "geometry": {
        "type": "Polygon",
        "coordinates": [
          [
            [
              86.908808,
              21.505006
            ],
            [
              86.909256,
              21.505778
            ],
            [
              86.910241,
              21.50552
            ],
            [
              86.910341,
              21.503948
            ],
            [
              86.91002,
              21.503743
            ],
            [
              86.909944,
              21.50373
            ],
            [
              86.908808,
              21.505006
            ]
          ]
        ]
      }
    },
    {
      "type": "Feature",
      "properties": {
        "plot_id": "271",
        "owner_name": "Bijay Biswal"
      },
      "geometry": {
        "type": "Polygon",
        "coordinates": [
          [
            [
              86.910259,
              21.502595
            ],
            [
              86.911407,
              21.501817
            ],
            [
              86.911514,
              21.501645
            ],
            [
              86.910564,
              21.501504
            ],
            [
              86.909917,
              21.501756
            ],
            [
              86.910259,
              21.502595
            ]
          ]
        ]
      }
    },
    {
      "type": "Feature",
      "properties": {
        "plot_id": "272",
        "owner_name": "Alok Biswal"
      },
      "geometry": {
        "type": "Polygon",
        "coordinates": [
          [
            [
              86.91002,
              21.503743
            ],
            [
              86.910341,
              21.503948
            ],
            [
              86.910828,
              21.503864
            ],
            [
              86.910959,
              21.503677
            ],
            [
              86.911407,
              21.501817
            ],
            [
              86.910259,
              21.502595
            ],
            [
              86.91002,
              21.503743
            ]
          ]
        ]
      }
    },
    {
      "type": "Feature",
      "properties": {
        "plot_id": "273",
        "owner_name": "Satyabrata Das"
      },
      "geometry": {
        "type": "Polygon",
        "coordinates": [
          [
            [
              86.909917,
              21.501756
            ],
            [
              86.910564,
              21.501504
            ],
            [
              86.910243,
              21.500748
            ],
            [
              86.908898,
              21.500854
            ],
            [
              86.908727,
              21.501426
            ],
            [
              86.909917,
              21.501756
            ]
          ]
        ]
      }
    },
    {
      "type": "Feature",
      "properties": {
        "plot_id": "274",
        "owner_name": "Bijay Mishra"
      },
      "geometry": {
        "type": "Polygon",
        "coordinates": [
          [
            [
              86.917111,
              21.497582
            ],
            [
              86.917127,
              21.498127
            ],
            [
              86.91882,
              21.498841
            ],
            [
              86.919133,
              21.49878
            ],
            [
              86.919127,
              21.498753
            ],
            [
              86.917756,
              21.497445
            ],
            [
              86.917111,
              21.497582
            ]
          ]
        ]
      }
    },
    {
      "type": "Feature",
      "properties": {
        "plot_id": "275",
        "owner_name": "Pradeep Biswal"
      },
      "geometry": {
        "type": "Polygon",
        "coordinates": [
          [
            [
              86.917127,
              21.498127
            ],
            [
              86.917041,
              21.498441
            ],
            [
              86.918113,
              21.49915
            ],
            [
              86.91882,
              21.498841
            ],
            [
              86.917127,
              21.498127
            ]
          ]
        ]
      }
    },
    {
      "type": "Feature",
      "properties": {
        "plot_id": "276",
        "owner_name": "Alok Sahoo"
      },
      "geometry": {
        "type": "Polygon",
        "coordinates": [
          [
            [
              86.919127,
              21.498753
            ],
            [
              86.919307,
              21.497073
            ],
            [
              86.91879,
              21.496488
            ],
            [
              86.918663,
              21.496506
            ],
            [
              86.917756,
              21.497445
            ],
            [
              86.919127,
              21.498753
            ]
          ]
        ]
      }
    },
    {
      "type": "Feature",
      "properties": {
        "plot_id": "277",
        "owner_name": "Soumya Rath"
      },
      "geometry": {
        "type": "Polygon",
        "coordinates": [
          [
            [
              86.919133,
              21.49878
            ],
            [
              86.920034,
              21.499546
            ],
            [
              86.921233,
              21.498814
            ],
            [
              86.921352,
              21.498584
            ],
            [
              86.920498,
              21.497018
            ],
            [
              86.919307,
              21.497073
            ],
            [
              86.919133,
              21.49878
            ]
          ]
        ]
      }
    },
    {
      "type": "Feature",
      "properties": {
        "plot_id": "278",
        "owner_name": "Minati Sahoo"
      },
      "geometry": {
        "type": "Polygon",
        "coordinates": [
          [
            [
              86.91879,
              21.496488
            ],
            [
              86.919465,
              21.495153
            ],
            [
              86.91927,
              21.495006
            ],
            [
              86.918008,
              21.495059
            ],
            [
              86.917873,
              21.496075
            ],
            [
              86.918663,
              21.496506
            ],
            [
              86.91879,
              21.496488
            ]
          ]
        ]
      }
    },
    {
      "type": "Feature",
      "properties": {
        "plot_id": "279",
        "owner_name": "Manas Patra"
      },
      "geometry": {
        "type": "Polygon",
        "coordinates": [
          [
            [
              86.917041,
              21.498441
            ],
            [
              86.916755,
              21.498883
            ],
            [
              86.91688,
              21.499193
            ],
            [
              86.917458,
              21.499602
            ],
            [
              86.917618,
              21.499624
            ],
            [
              86.918113,
              21.49915
            ],
            [
              86.917041,
              21.498441
            ]
          ]
        ]
      }
    },
    {
      "type": "Feature",
      "properties": {
        "plot_id": "280",
        "owner_name": "Bijay Patra"
      },
      "geometry": {
        "type": "Polygon",
        "coordinates": [
          [
            [
              86.910828,
              21.503864
            ],
            [
              86.911955,
              21.504416
            ],
            [
              86.91272,
              21.503358
            ],
            [
              86.912107,
              21.502917
            ],
            [
              86.910959,
              21.503677
            ],
            [
              86.910828,
              21.503864
            ]
          ]
        ]
      }
    },
    {
      "type": "Feature",
      "properties": {
        "plot_id": "281",
        "owner_name": "Subrat Samal"
      },
      "geometry": {
        "type": "Polygon",
        "coordinates": [
          [
            [
              86.910959,
              21.503677
            ],
            [
              86.912107,
              21.502917
            ],
            [
              86.911986,
              21.501778
            ],
            [
              86.911514,
              21.501645
            ],
            [
              86.911407,
              21.501817
            ],
            [
              86.910959,
              21.503677
            ]
          ]
        ]
      }
    },
    {
      "type": "Feature",
      "properties": {
        "plot_id": "282",
        "owner_name": "Deepak Das"
      },
      "geometry": {
        "type": "Polygon",
        "coordinates": [
          [
            [
              86.911514,
              21.501645
            ],
            [
              86.911986,
              21.501778
            ],
            [
              86.912634,
              21.501641
            ],
            [
              86.91304,
              21.500155
            ],
            [
              86.912821,
              21.500001
            ],
            [
              86.911795,
              21.500233
            ],
            [
              86.91169,
              21.500435
            ],
            [
              86.91147,
              21.50135
            ],
            [
              86.911514,
              21.501645
            ]
          ]
        ]
      }
    },
    {
      "type": "Feature",
      "properties": {
        "plot_id": "283",
        "owner_name": "Alok Sahoo"
      },
      "geometry": {
        "type": "Polygon",
        "coordinates": [
          [
            [
              86.911508,
              21.501637
            ],
            [
              86.91147,
              21.50135
            ],
            [
              86.910608,
              21.500387
            ],
            [
              86.910552,
              21.500408
            ],
            [
              86.910243,
              21.500748
            ],
            [
              86.910564,
              21.501504
            ],
            [
              86.911508,
              21.501637
            ]
          ]
        ]
      }
    },
    {
      "type": "Feature",
      "properties": {
        "plot_id": "284",
        "owner_name": "Minati Barik"
      },
      "geometry": {
        "type": "Polygon",
        "coordinates": [
          [
            [
              86.917873,
              21.496075
            ],
            [
              86.918008,
              21.495059
            ],
            [
              86.917405,
              21.494689
            ],
            [
              86.916896,
              21.494907
            ],
            [
              86.917175,
              21.496036
            ],
            [
              86.917873,
              21.496075
            ]
          ]
        ]
      }
    },
    {
      "type": "Feature",
      "properties": {
        "plot_id": "285",
        "owner_name": "Satyabrata Mishra"
      },
      "geometry": {
        "type": "Polygon",
        "coordinates": [
          [
            [
              86.918008,
              21.495059
            ],
            [
              86.91927,
              21.495006
            ],
            [
              86.918443,
              21.493527
            ],
            [
              86.918068,
              21.493426
            ],
            [
              86.917405,
              21.494689
            ],
            [
              86.918008,
              21.495059
            ]
          ]
        ]
      }
    },
    {
      "type": "Feature",
      "properties": {
        "plot_id": "286",
        "owner_name": "Tapan Rath"
      },
      "geometry": {
        "type": "Polygon",
        "coordinates": [
          [
            [
              86.917405,
              21.494689
            ],
            [
              86.918068,
              21.493426
            ],
            [
              86.917471,
              21.492735
            ],
            [
              86.916733,
              21.493066
            ],
            [
              86.916801,
              21.494876
            ],
            [
              86.916896,
              21.494907
            ],
            [
              86.917405,
              21.494689
            ]
          ]
        ]
      }
    },
    {
      "type": "Feature",
      "properties": {
        "plot_id": "287",
        "owner_name": "Jayanta Das"
      },
      "geometry": {
        "type": "Polygon",
        "coordinates": [
          [
            [
              86.919465,
              21.495153
            ],
            [
              86.920247,
              21.495018
            ],
            [
              86.920058,
              21.49438
            ],
            [
              86.918948,
              21.493268
            ],
            [
              86.918443,
              21.493527
            ],
            [
              86.91927,
              21.495006
            ],
            [
              86.919465,
              21.495153
            ]
          ]
        ]
      }
    },
    {
      "type": "Feature",
      "properties": {
        "plot_id": "288",
        "owner_name": "Jayanta Patra"
      },
      "geometry": {
        "type": "Polygon",
        "coordinates": [
          [
            [
              86.918443,
              21.493527
            ],
            [
              86.918948,
              21.493268
            ],
            [
              86.919256,
              21.493082
            ],
            [
              86.919964,
              21.492075
            ],
            [
              86.91972,
              21.491796
            ],
            [
              86.917485,
              21.492607
            ],
            [
              86.917471,
              21.492735
            ],
            [
              86.918068,
              21.493426
            ],
            [
              86.918443,
              21.493527
            ]
          ]
        ]
      }
    },
    {
      "type": "Feature",
      "properties": {
        "plot_id": "289",
        "owner_name": "Pradeep Barik"
      },
      "geometry": {
        "type": "Polygon",
        "coordinates": [
          [
            [
              86.916733,
              21.493066
            ],
            [
              86.916623,
              21.493081
            ],
            [
              86.916057,
              21.493598
            ],
            [
              86.916497,
              21.49487
            ],
            [
              86.916801,
              21.494876
            ],
            [
              86.916733,
              21.493066
            ]
          ]
        ]
      }
    },
    {
      "type": "Feature",
      "properties": {
        "plot_id": "290",
        "owner_name": "Manas Panda"
      },
      "geometry": {
        "type": "Polygon",
        "coordinates": [
          [
            [
              86.917471,
              21.492735
            ],
            [
              86.917485,
              21.492607
            ],
            [
              86.917424,
              21.492213
            ],
            [
              86.9161,
              21.491346
            ],
            [
              86.915851,
              21.491882
            ],
            [
              86.915841,
              21.491979
            ],
            [
              86.91629,
              21.492873
            ],
            [
              86.916623,
              21.493081
            ],
            [
              86.916733,
              21.493066
            ],
            [
              86.917471,
              21.492735
            ]
          ]
        ]
      }
    },
    {
      "type": "Feature",
      "properties": {
        "plot_id": "291",
        "owner_name": "Subrat Mishra"
      },
      "geometry": {
        "type": "Polygon",
        "coordinates": [
          [
            [
              86.920058,
              21.49438
            ],
            [
              86.919911,
              21.493708
            ],
            [
              86.919256,
              21.493082
            ],
            [
              86.918948,
              21.493268
            ],
            [
              86.920058,
              21.49438
            ]
          ]
        ]
      }
    },
    {
      "type": "Feature",
      "properties": {
        "plot_id": "292",
        "owner_name": "Rashmi Patra"
      },
      "geometry": {
        "type": "Polygon",
        "coordinates": [
          [
            [
              86.921742,
              21.50125
            ],
            [
              86.92237,
              21.5012
            ],
            [
              86.922323,
              21.500388
            ],
            [
              86.921432,
              21.500897
            ],
            [
              86.921742,
              21.50125
            ]
          ]
        ]
      }
    },
    {
      "type": "Feature",
      "properties": {
        "plot_id": "293",
        "owner_name": "Jayanta Nayak"
      },
      "geometry": {
        "type": "Polygon",
        "coordinates": [
          [
            [
              86.921589,
              21.50202
            ],
            [
              86.922807,
              21.501824
            ],
            [
              86.92237,
              21.5012
            ],
            [
              86.921742,
              21.50125
            ],
            [
              86.921589,
              21.50202
            ]
          ]
        ]
      }
    },
    {
      "type": "Feature",
      "properties": {
        "plot_id": "294",
        "owner_name": "Manas Nayak"
      },
      "geometry": {
        "type": "Polygon",
        "coordinates": [
          [
            [
              86.934182,
              21.494001
            ],
            [
              86.933166,
              21.493784
            ],
            [
              86.933091,
              21.493874
            ],
            [
              86.933134,
              21.494745
            ],
            [
              86.934243,
              21.49524
            ],
            [
              86.934796,
              21.495005
            ],
            [
              86.934964,
              21.494694
            ],
            [
              86.934182,
              21.494001
            ]
          ]
        ]
      }
    },
    {
      "type": "Feature",
      "properties": {
        "plot_id": "295",
        "owner_name": "Minati Mohapatra"
      },
      "geometry": {
        "type": "Polygon",
        "coordinates": [
          [
            [
              86.934964,
              21.494694
            ],
            [
              86.93541,
              21.494425
            ],
            [
              86.935552,
              21.494002
            ],
            [
              86.934674,
              21.492387
            ],
            [
              86.934627,
              21.492326
            ],
            [
              86.934202,
              21.492464
            ],
            [
              86.934182,
              21.494001
            ],
            [
              86.934964,
              21.494694
            ]
          ]
        ]
      }
    },
    {
      "type": "Feature",
      "properties": {
        "plot_id": "296",
        "owner_name": "Pradeep Mohapatra"
      },
      "geometry": {
        "type": "Polygon",
        "coordinates": [
          [
            [
              86.934964,
              21.494694
            ],
            [
              86.934796,
              21.495005
            ],
            [
              86.93538,
              21.496562
            ],
            [
              86.93581,
              21.496659
            ],
            [
              86.936525,
              21.495071
            ],
            [
              86.936499,
              21.494992
            ],
            [
              86.93541,
              21.494425
            ],
            [
              86.934964,
              21.494694
            ]
          ]
        ]
      }
    },
    {
      "type": "Feature",
      "properties": {
        "plot_id": "297",
        "owner_name": "Pradeep Mohapatra"
      },
      "geometry": {
        "type": "Polygon",
        "coordinates": [
          [
            [
              86.93541,
              21.494425
            ],
            [
              86.936499,
              21.494992
            ],
            [
              86.936972,
              21.494705
            ],
            [
              86.937461,
              21.494276
            ],
            [
              86.937421,
              21.494065
            ],
            [
              86.935821,
              21.493767
            ],
            [
              86.935552,
              21.494002
            ],
            [
              86.93541,
              21.494425
            ]
          ]
        ]
      }
    },
    {
      "type": "Feature",
      "properties": {
        "plot_id": "298",
        "owner_name": "Alok Biswal"
      },
      "geometry": {
        "type": "Polygon",
        "coordinates": [
          [
            [
              86.935552,
              21.494002
            ],
            [
              86.935821,
              21.493767
            ],
            [
              86.936303,
              21.493148
            ],
            [
              86.936151,
              21.49281
            ],
            [
              86.934674,
              21.492387
            ],
            [
              86.935552,
              21.494002
            ]
          ]
        ]
      }
    },
    {
      "type": "Feature",
      "properties": {
        "plot_id": "299",
        "owner_name": "Subrat Pradhan"
      },
      "geometry": {
        "type": "Polygon",
        "coordinates": [
          [
            [
              86.934674,
              21.492387
            ],
            [
              86.936151,
              21.49281
            ],
            [
              86.935996,
              21.491627
            ],
            [
              86.935364,
              21.491384
            ],
            [
              86.935083,
              21.491519
            ],
            [
              86.934627,
              21.492326
            ],
            [
              86.934674,
              21.492387
            ]
          ]
        ]
      }
    },
    {
      "type": "Feature",
      "properties": {
        "plot_id": "300",
        "owner_name": "Minati Rath"
      },
      "geometry": {
        "type": "Polygon",
        "coordinates": [
          [
            [
              86.934627,
              21.492326
            ],
            [
              86.935083,
              21.491519
            ],
            [
              86.934442,
              21.491071
            ],
            [
              86.933749,
              21.491096
            ],
            [
              86.933424,
              21.491556
            ],
            [
              86.933924,
              21.492451
            ],
            [
              86.934202,
              21.492464
            ],
            [
              86.934627,
              21.492326
            ]
          ]
        ]
      }
    },
    {
      "type": "Feature",
      "properties": {
        "plot_id": "301",
        "owner_name": "Subrat Samal"
      },
      "geometry": {
        "type": "Polygon",
        "coordinates": [
          [
            [
              86.934202,
              21.492464
            ],
            [
              86.933924,
              21.492451
            ],
            [
              86.933113,
              21.492863
            ],
            [
              86.933166,
              21.493784
            ],
            [
              86.934182,
              21.494001
            ],
            [
              86.934202,
              21.492464
            ]
          ]
        ]
      }
    },
    {
      "type": "Feature",
      "properties": {
        "plot_id": "302",
        "owner_name": "Pradeep Biswal"
      },
      "geometry": {
        "type": "Polygon",
        "coordinates": [
          [
            [
              86.933134,
              21.494745
            ],
            [
              86.932816,
              21.494974
            ],
            [
              86.932791,
              21.495696
            ],
            [
              86.933604,
              21.496037
            ],
            [
              86.934243,
              21.49524
            ],
            [
              86.933134,
              21.494745
            ]
          ]
        ]
      }
    },
    {
      "type": "Feature",
      "properties": {
        "plot_id": "303",
        "owner_name": "Manas Mohapatra"
      },
      "geometry": {
        "type": "Polygon",
        "coordinates": [
          [
            [
              86.933134,
              21.494745
            ],
            [
              86.933091,
              21.493874
            ],
            [
              86.932968,
              21.493895
            ],
            [
              86.931694,
              21.494647
            ],
            [
              86.932816,
              21.494974
            ],
            [
              86.933134,
              21.494745
            ]
          ]
        ]
      }
    },
    {
      "type": "Feature",
      "properties": {
        "plot_id": "304",
        "owner_name": "Subrat Mishra"
      },
      "geometry": {
        "type": "Polygon",
        "coordinates": [
          [
            [
              86.932816,
              21.494974
            ],
            [
              86.931694,
              21.494647
            ],
            [
              86.930754,
              21.494713
            ],
            [
              86.931401,
              21.495445
            ],
            [
              86.932189,
              21.495963
            ],
            [
              86.932791,
              21.495696
            ],
            [
              86.932816,
              21.494974
            ]
          ]
        ]
      }
    },
    {
      "type": "Feature",
      "properties": {
        "plot_id": "305",
        "owner_name": "Manas Rath"
      },
      "geometry": {
        "type": "Polygon",
        "coordinates": [
          [
            [
              86.932791,
              21.495696
            ],
            [
              86.932189,
              21.495963
            ],
            [
              86.932359,
              21.497369
            ],
            [
              86.932872,
              21.497533
            ],
            [
              86.933607,
              21.496316
            ],
            [
              86.933604,
              21.496037
            ],
            [
              86.932791,
              21.495696
            ]
          ]
        ]
      }
    },
    {
      "type": "Feature",
      "properties": {
        "plot_id": "306",
        "owner_name": "Jayanta Panda"
      },
      "geometry": {
        "type": "Polygon",
        "coordinates": [
          [
            [
              86.933604,
              21.496037
            ],
            [
              86.933607,
              21.496316
            ],
            [
              86.934553,
              21.496801
            ],
            [
              86.935133,
              21.496765
            ],
            [
              86.93538,
              21.496562
            ],
            [
              86.934796,
              21.495005
            ],
            [
              86.934243,
              21.49524
            ],
            [
              86.933604,
              21.496037
            ]
          ]
        ]
      }
    },
    {
      "type": "Feature",
      "properties": {
        "plot_id": "307",
        "owner_name": "Minati Pradhan"
      },
      "geometry": {
        "type": "Polygon",
        "coordinates": [
          [
            [
              86.933166,
              21.493784
            ],
            [
              86.933113,
              21.492863
            ],
            [
              86.932868,
              21.492752
            ],
            [
              86.931828,
              21.49321
            ],
            [
              86.931721,
              21.493464
            ],
            [
              86.932968,
              21.493895
            ],
            [
              86.933091,
              21.493874
            ],
            [
              86.933166,
              21.493784
            ]
          ]
        ]
      }
    },
    {
      "type": "Feature",
      "properties": {
        "plot_id": "308",
        "owner_name": "Subrat Nayak"
      },
      "geometry": {
        "type": "Polygon",
        "coordinates": [
          [
            [
              86.932968,
              21.493895
            ],
            [
              86.931721,
              21.493464
            ],
            [
              86.930639,
              21.494659
            ],
            [
              86.930754,
              21.494713
            ],
            [
              86.931694,
              21.494647
            ],
            [
              86.932968,
              21.493895
            ]
          ]
        ]
      }
    },
    {
      "type": "Feature",
      "properties": {
        "plot_id": "309",
        "owner_name": "Jayanta Das"
      },
      "geometry": {
        "type": "Polygon",
        "coordinates": [
          [
            [
              86.928155,
              21.507827
            ],
            [
              86.928546,
              21.507719
            ],
            [
              86.928528,
              21.507292
            ],
            [
              86.92753,
              21.507116
            ],
            [
              86.927732,
              21.507664
            ],
            [
              86.928155,
              21.507827
            ]
          ]
        ]
      }
    },
    {
      "type": "Feature",
      "properties": {
        "plot_id": "310",
        "owner_name": "Alok Nayak"
      },
      "geometry": {
        "type": "Polygon",
        "coordinates": [
          [
            [
              86.927732,
              21.507664
            ],
            [
              86.92753,
              21.507116
            ],
            [
              86.927315,
              21.506967
            ],
            [
              86.926258,
              21.507919
            ],
            [
              86.926235,
              21.508034
            ],
            [
              86.926721,
              21.508054
            ],
            [
              86.927172,
              21.508002
            ],
            [
              86.927732,
              21.507664
            ]
          ]
        ]
      }
    },
    {
      "type": "Feature",
      "properties": {
        "plot_id": "311",
        "owner_name": "Tapan Mishra"
      },
      "geometry": {
        "type": "Polygon",
        "coordinates": [
          [
            [
              86.919964,
              21.492075
            ],
            [
              86.919256,
              21.493082
            ],
            [
              86.919911,
              21.493708
            ],
            [
              86.921152,
              21.492454
            ],
            [
              86.921099,
              21.492336
            ],
            [
              86.919964,
              21.492075
            ]
          ]
        ]
      }
    },
    {
      "type": "Feature",
      "properties": {
        "plot_id": "312",
        "owner_name": "Pradeep Das"
      },
      "geometry": {
        "type": "Polygon",
        "coordinates": [
          [
            [
              86.919217,
              21.490726
            ],
            [
              86.918265,
              21.490488
            ],
            [
              86.918134,
              21.490702
            ],
            [
              86.917424,
              21.492213
            ],
            [
              86.917485,
              21.492607
            ],
            [
              86.91972,
              21.491796
            ],
            [
              86.919217,
              21.490726
            ]
          ]
        ]
      }
    },
    {
      "type": "Feature",
      "properties": {
        "plot_id": "313",
        "owner_name": "Manas Mishra"
      },
      "geometry": {
        "type": "Polygon",
        "coordinates": [
          [
            [
              86.919681,
              21.487123
            ],
            [
              86.920803,
              21.488296
            ],
            [
              86.920896,
              21.487683
            ],
            [
              86.920362,
              21.486891
            ],
            [
              86.919753,
              21.486929
            ],
            [
              86.919681,
              21.487123
            ]
          ]
        ]
      }
    },
    {
      "type": "Feature",
      "properties": {
        "plot_id": "314",
        "owner_name": "Satyabrata Mohapatra"
      },
      "geometry": {
        "type": "Polygon",
        "coordinates": [
          [
            [
              86.92035,
              21.490337
            ],
            [
              86.921155,
              21.4893
            ],
            [
              86.920951,
              21.488924
            ],
            [
              86.92072,
              21.488963
            ],
            [
              86.920282,
              21.490364
            ],
            [
              86.92035,
              21.490337
            ]
          ]
        ]
      }
    },
    {
      "type": "Feature",
      "properties": {
        "plot_id": "315",
        "owner_name": "Tapan Rath"
      },
      "geometry": {
        "type": "Polygon",
        "coordinates": [
          [
            [
              86.92303,
              21.49164
            ],
            [
              86.923423,
              21.492695
            ],
            [
              86.923896,
              21.492474
            ],
            [
              86.92428,
              21.491811
            ],
            [
              86.924239,
              21.491694
            ],
            [
              86.924166,
              21.491598
            ],
            [
              86.92303,
              21.49164
            ]
          ]
        ]
      }
    },
    {
      "type": "Feature",
      "properties": {
        "plot_id": "316",
        "owner_name": "Subrat Mohapatra"
      },
      "geometry": {
        "type": "Polygon",
        "coordinates": [
          [
            [
              86.924239,
              21.491694
            ],
            [
              86.92428,
              21.491811
            ],
            [
              86.92566,
              21.491947
            ],
            [
              86.925735,
              21.491799
            ],
            [
              86.924866,
              21.490961
            ],
            [
              86.924239,
              21.491694
            ]
          ]
        ]
      }
    },
    {
      "type": "Feature",
      "properties": {
        "plot_id": "317",
        "owner_name": "Tapan Nayak"
      },
      "geometry": {
        "type": "Polygon",
        "coordinates": [
          [
            [
              86.92428,
              21.491811
            ],
            [
              86.923896,
              21.492474
            ],
            [
              86.925584,
              21.493083
            ],
            [
              86.92566,
              21.491947
            ],
            [
              86.92428,
              21.491811
            ]
          ]
        ]
      }
    },
    {
      "type": "Feature",
      "properties": {
        "plot_id": "318",
        "owner_name": "Deepak Mishra"
      },
      "geometry": {
        "type": "Polygon",
        "coordinates": [
          [
            [
              86.923896,
              21.492474
            ],
            [
              86.923423,
              21.492695
            ],
            [
              86.923385,
              21.492767
            ],
            [
              86.924043,
              21.493363
            ],
            [
              86.924995,
              21.493778
            ],
            [
              86.925587,
              21.493094
            ],
            [
              86.923896,
              21.492474
            ]
          ]
        ]
      }
    },
    {
      "type": "Feature",
      "properties": {
        "plot_id": "319",
        "owner_name": "Alok Mishra"
      },
      "geometry": {
        "type": "Polygon",
        "coordinates": [
          [
            [
              86.928136,
              21.494967
            ],
            [
              86.927714,
              21.49455
            ],
            [
              86.926713,
              21.494754
            ],
            [
              86.926725,
              21.49536
            ],
            [
              86.92763,
              21.496249
            ],
            [
              86.928136,
              21.494967
            ]
          ]
        ]
      }
    },
    {
      "type": "Feature",
      "properties": {
        "plot_id": "320",
        "owner_name": "Bijay Nayak"
      },
      "geometry": {
        "type": "Polygon",
        "coordinates": [
          [
            [
              86.92763,
              21.496249
            ],
            [
              86.927646,
              21.496362
            ],
            [
              86.928736,
              21.496534
            ],
            [
              86.929346,
              21.495179
            ],
            [
              86.928136,
              21.494967
            ],
            [
              86.92763,
              21.496249
            ]
          ]
        ]
      }
    },
    {
      "type": "Feature",
      "properties": {
        "plot_id": "321",
        "owner_name": "Jayanta Samal"
      },
      "geometry": {
        "type": "Polygon",
        "coordinates": [
          [
            [
              86.92763,
              21.496249
            ],
            [
              86.926737,
              21.495383
            ],
            [
              86.926381,
              21.497724
            ],
            [
              86.926495,
              21.497809
            ],
            [
              86.927646,
              21.496362
            ],
            [
              86.92763,
              21.496249
            ]
          ]
        ]
      }
    },
    {
      "type": "Feature",
      "properties": {
        "plot_id": "322",
        "owner_name": "Rashmi Sahoo"
      },
      "geometry": {
        "type": "Polygon",
        "coordinates": [
          [
            [
              86.927646,
              21.496362
            ],
            [
              86.926495,
              21.497809
            ],
            [
              86.92657,
              21.497968
            ],
            [
              86.927649,
              21.498374
            ],
            [
              86.928813,
              21.497335
            ],
            [
              86.928889,
              21.496828
            ],
            [
              86.928736,
              21.496534
            ],
            [
              86.927646,
              21.496362
            ]
          ]
        ]
      }
    },
    {
      "type": "Feature",
      "properties": {
        "plot_id": "323",
        "owner_name": "Alok Nayak"
      },
      "geometry": {
        "type": "Polygon",
        "coordinates": [
          [
            [
              86.928736,
              21.496534
            ],
            [
              86.928889,
              21.496828
            ],
            [
              86.929499,
              21.496829
            ],
            [
              86.929964,
              21.496756
            ],
            [
              86.930354,
              21.495336
            ],
            [
              86.930369,
              21.49474
            ],
            [
              86.929346,
              21.495179
            ],
            [
              86.928736,
              21.496534
            ]
          ]
        ]
      }
    },
    {
      "type": "Feature",
      "properties": {
        "plot_id": "324",
        "owner_name": "Tapan Sahoo"
      },
      "geometry": {
        "type": "Polygon",
        "coordinates": [
          [
            [
              86.929346,
              21.495179
            ],
            [
              86.930369,
              21.49474
            ],
            [
              86.930445,
              21.494654
            ],
            [
              86.929957,
              21.493667
            ],
            [
              86.928294,
              21.493215
            ],
            [
              86.928105,
              21.49321
            ],
            [
              86.928044,
              21.493244
            ],
            [
              86.927714,
              21.49455
            ],
            [
              86.928136,
              21.494967
            ],
            [
              86.929346,
              21.495179
            ]
          ]
        ]
      }
    },
    {
      "type": "Feature",
      "properties": {
        "plot_id": "325",
        "owner_name": "Rashmi Rath"
      },
      "geometry": {
        "type": "Polygon",
        "coordinates": [
          [
            [
              86.928095,
              21.492747
            ],
            [
              86.928105,
              21.49321
            ],
            [
              86.928294,
              21.493215
            ],
            [
              86.929009,
              21.492177
            ],
            [
              86.928562,
              21.491685
            ],
            [
              86.928095,
              21.492747
            ]
          ]
        ]
      }
    },
    {
      "type": "Feature",
      "properties": {
        "plot_id": "326",
        "owner_name": "Jayanta Panda"
      },
      "geometry": {
        "type": "Polygon",
        "coordinates": [
          [
            [
              86.929009,
              21.492177
            ],
            [
              86.929994,
              21.492177
            ],
            [
              86.930065,
              21.491895
            ],
            [
              86.928523,
              21.491355
            ],
            [
              86.928562,
              21.491685
            ],
            [
              86.929009,
              21.492177
            ]
          ]
        ]
      }
    },
    {
      "type": "Feature",
      "properties": {
        "plot_id": "327",
        "owner_name": "Tapan Panda"
      },
      "geometry": {
        "type": "Polygon",
        "coordinates": [
          [
            [
              86.928294,
              21.493215
            ],
            [
              86.929957,
              21.493667
            ],
            [
              86.930082,
              21.493056
            ],
            [
              86.929994,
              21.492177
            ],
            [
              86.929009,
              21.492177
            ],
            [
              86.928294,
              21.493215
            ]
          ]
        ]
      }
    },
    {
      "type": "Feature",
      "properties": {
        "plot_id": "328",
        "owner_name": "Pradeep Barik"
      },
      "geometry": {
        "type": "Polygon",
        "coordinates": [
          [
            [
              86.923799,
              21.493996
            ],
            [
              86.923772,
              21.494543
            ],
            [
              86.924243,
              21.494752
            ],
            [
              86.92475,
              21.494521
            ],
            [
              86.924995,
              21.493778
            ],
            [
              86.924043,
              21.493363
            ],
            [
              86.923799,
              21.493996
            ]
          ]
        ]
      }
    },
    {
      "type": "Feature",
      "properties": {
        "plot_id": "329",
        "owner_name": "Tapan Patra"
      },
      "geometry": {
        "type": "Polygon",
        "coordinates": [
          [
            [
              86.924043,
              21.493363
            ],
            [
              86.923385,
              21.492767
            ],
            [
              86.923355,
              21.492791
            ],
            [
              86.923799,
              21.493996
            ],
            [
              86.924043,
              21.493363
            ]
          ]
        ]
      }
    },
    {
      "type": "Feature",
      "properties": {
        "plot_id": "330",
        "owner_name": "Tapan Pradhan"
      },
      "geometry": {
        "type": "Polygon",
        "coordinates": [
          [
            [
              86.924243,
              21.494752
            ],
            [
              86.924076,
              21.495551
            ],
            [
              86.925482,
              21.495978
            ],
            [
              86.925415,
              21.495029
            ],
            [
              86.92475,
              21.494521
            ],
            [
              86.924243,
              21.494752
            ]
          ]
        ]
      }
    },
    {
      "type": "Feature",
      "properties": {
        "plot_id": "331",
        "owner_name": "Jayanta Sahoo"
      },
      "geometry": {
        "type": "Polygon",
        "coordinates": [
          [
            [
              86.92475,
              21.494521
            ],
            [
              86.925415,
              21.495029
            ],
            [
              86.926679,
              21.494733
            ],
            [
              86.926137,
              21.493342
            ],
            [
              86.925587,
              21.493094
            ],
            [
              86.924995,
              21.493778
            ],
            [
              86.92475,
              21.494521
            ]
          ]
        ]
      }
    },
    {
      "type": "Feature",
      "properties": {
        "plot_id": "332",
        "owner_name": "Subrat Mohapatra"
      },
      "geometry": {
        "type": "Polygon",
        "coordinates": [
          [
            [
              86.921352,
              21.498584
            ],
            [
              86.921468,
              21.49851
            ],
            [
              86.921661,
              21.497476
            ],
            [
              86.921035,
              21.495686
            ],
            [
              86.920498,
              21.497018
            ],
            [
              86.921352,
              21.498584
            ]
          ]
        ]
      }
    },
    {
      "type": "Feature",
      "properties": {
        "plot_id": "333",
        "owner_name": "Pradeep Sahoo"
      },
      "geometry": {
        "type": "Polygon",
        "coordinates": [
          [
            [
              86.921677,
              21.49743
            ],
            [
              86.922415,
              21.496366
            ],
            [
              86.921736,
              21.495984
            ],
            [
              86.921677,
              21.49743
            ]
          ]
        ]
      }
    },
    {
      "type": "Feature",
      "properties": {
        "plot_id": "334",
        "owner_name": "Pradeep Rath"
      },
      "geometry": {
        "type": "Polygon",
        "coordinates": [
          [
            [
              86.924154,
              21.506225
            ],
            [
              86.924818,
              21.504981
            ],
            [
              86.924404,
              21.504491
            ],
            [
              86.922955,
              21.505304
            ],
            [
              86.923012,
              21.505561
            ],
            [
              86.924154,
              21.506225
            ]
          ]
        ]
      }
    },
    {
      "type": "Feature",
      "properties": {
        "plot_id": "335",
        "owner_name": "Bijay Patra"
      },
      "geometry": {
        "type": "Polygon",
        "coordinates": [
          [
            [
              86.924194,
              21.506754
            ],
            [
              86.925367,
              21.506598
            ],
            [
              86.925804,
              21.505891
            ],
            [
              86.924874,
              21.504988
            ],
            [
              86.924818,
              21.504981
            ],
            [
              86.924154,
              21.506225
            ],
            [
              86.924194,
              21.506754
            ]
          ]
        ]
      }
    },
    {
      "type": "Feature",
      "properties": {
        "plot_id": "336",
        "owner_name": "Pradeep Patra"
      },
      "geometry": {
        "type": "Polygon",
        "coordinates": [
          [
            [
              86.922486,
              21.504207
            ],
            [
              86.922395,
              21.50509
            ],
            [
              86.922955,
              21.505304
            ],
            [
              86.923035,
              21.504132
            ],
            [
              86.922486,
              21.504207
            ]
          ]
        ]
      }
    },
    {
      "type": "Feature",
      "properties": {
        "plot_id": "337",
        "owner_name": "Bijay Sahoo"
      },
      "geometry": {
        "type": "Polygon",
        "coordinates": [
          [
            [
              86.922965,
              21.505291
            ],
            [
              86.924404,
              21.504491
            ],
            [
              86.924182,
              21.503807
            ],
            [
              86.923727,
              21.503568
            ],
            [
              86.923035,
              21.504132
            ],
            [
              86.922965,
              21.505291
            ]
          ]
        ]
      }
    },
    {
      "type": "Feature",
      "properties": {
        "plot_id": "338",
        "owner_name": "Rashmi Rath"
      },
      "geometry": {
        "type": "Polygon",
        "coordinates": [
          [
            [
              86.923727,
              21.503568
            ],
            [
              86.924182,
              21.503807
            ],
            [
              86.924246,
              21.503758
            ],
            [
              86.925386,
              21.501557
            ],
            [
              86.925192,
              21.501514
            ],
            [
              86.92327,
              21.5021
            ],
            [
              86.923204,
              21.502783
            ],
            [
              86.923727,
              21.503568
            ]
          ]
        ]
      }
    },
    {
      "type": "Feature",
      "properties": {
        "plot_id": "339",
        "owner_name": "Bijay Panda"
      },
      "geometry": {
        "type": "Polygon",
        "coordinates": [
          [
            [
              86.924404,
              21.504491
            ],
            [
              86.924818,
              21.504981
            ],
            [
              86.924874,
              21.504988
            ],
            [
              86.926433,
              21.504206
            ],
            [
              86.92646,
              21.503688
            ],
            [
              86.926338,
              21.503178
            ],
            [
              86.924246,
              21.503758
            ],
            [
              86.924182,
              21.503807
            ],
            [
              86.924404,
              21.504491
            ]
          ]
        ]
      }
    },
    {
      "type": "Feature",
      "properties": {
        "plot_id": "340",
        "owner_name": "Rashmi Das"
      },
      "geometry": {
        "type": "Polygon",
        "coordinates": [
          [
            [
              86.923856,
              21.495972
            ],
            [
              86.925578,
              21.497
            ],
            [
              86.925586,
              21.496261
            ],
            [
              86.925482,
              21.495978
            ],
            [
              86.924076,
              21.495551
            ],
            [
              86.923856,
              21.495972
            ]
          ]
        ]
      }
    },
    {
      "type": "Feature",
      "properties": {
        "plot_id": "341",
        "owner_name": "Bijay Rath"
      },
      "geometry": {
        "type": "Polygon",
        "coordinates": [
          [
            [
              86.925578,
              21.497
            ],
            [
              86.925687,
              21.497314
            ],
            [
              86.926381,
              21.497724
            ],
            [
              86.926737,
              21.495383
            ],
            [
              86.926725,
              21.49536
            ],
            [
              86.925586,
              21.496261
            ],
            [
              86.925578,
              21.497
            ]
          ]
        ]
      }
    },
    {
      "type": "Feature",
      "properties": {
        "plot_id": "342",
        "owner_name": "Satyabrata Barik"
      },
      "geometry": {
        "type": "Polygon",
        "coordinates": [
          [
            [
              86.925586,
              21.496261
            ],
            [
              86.926725,
              21.49536
            ],
            [
              86.926713,
              21.494754
            ],
            [
              86.926679,
              21.494733
            ],
            [
              86.925415,
              21.495029
            ],
            [
              86.925482,
              21.495978
            ],
            [
              86.925586,
              21.496261
            ]
          ]
        ]
      }
    },
    {
      "type": "Feature",
      "properties": {
        "plot_id": "343",
        "owner_name": "Subrat Mohapatra"
      },
      "geometry": {
        "type": "Polygon",
        "coordinates": [
          [
            [
              86.936841,
              21.495457
            ],
            [
              86.937457,
              21.495546
            ],
            [
              86.937739,
              21.495352
            ],
            [
              86.936972,
              21.494705
            ],
            [
              86.936499,
              21.494992
            ],
            [
              86.936525,
              21.495071
            ],
            [
              86.936841,
              21.495457
            ]
          ]
        ]
      }
    },
    {
      "type": "Feature",
      "properties": {
        "plot_id": "344",
        "owner_name": "Jayanta Sahoo"
      },
      "geometry": {
        "type": "Polygon",
        "coordinates": [
          [
            [
              86.936525,
              21.495071
            ],
            [
              86.93581,
              21.496659
            ],
            [
              86.936428,
              21.497022
            ],
            [
              86.93693,
              21.496686
            ],
            [
              86.936841,
              21.495457
            ],
            [
              86.936525,
              21.495071
            ]
          ]
        ]
      }
    },
    {
      "type": "Feature",
      "properties": {
        "plot_id": "345",
        "owner_name": "Subrat Panda"
      },
      "geometry": {
        "type": "Polygon",
        "coordinates": [
          [
            [
              86.936841,
              21.495457
            ],
            [
              86.93693,
              21.496686
            ],
            [
              86.937709,
              21.496592
            ],
            [
              86.937457,
              21.495546
            ],
            [
              86.936841,
              21.495457
            ]
          ]
        ]
      }
    },
    {
      "type": "Feature",
      "properties": {
        "plot_id": "346",
        "owner_name": "Minati Das"
      },
      "geometry": {
        "type": "Polygon",
        "coordinates": [
          [
            [
              86.908831,
              21.477981
            ],
            [
              86.90859,
              21.478924
            ],
            [
              86.909632,
              21.478867
            ],
            [
              86.90994,
              21.4783
            ],
            [
              86.909769,
              21.476927
            ],
            [
              86.908831,
              21.477981
            ]
          ]
        ]
      }
    },
    {
      "type": "Feature",
      "properties": {
        "plot_id": "347",
        "owner_name": "Deepak Sahoo"
      },
      "geometry": {
        "type": "Polygon",
        "coordinates": [
          [
            [
              86.910503,
              21.48383
            ],
            [
              86.90906,
              21.48239
            ],
            [
              86.908873,
              21.482463
            ],
            [
              86.908382,
              21.483248
            ],
            [
              86.908398,
              21.483921
            ],
            [
              86.910394,
              21.484156
            ],
            [
              86.910503,
              21.48383
            ]
          ]
        ]
      }
    },
    {
      "type": "Feature",
      "properties": {
        "plot_id": "348",
        "owner_name": "Alok Barik"
      },
      "geometry": {
        "type": "Polygon",
        "coordinates": [
          [
            [
              86.927269,
              21.482856
            ],
            [
              86.927674,
              21.483758
            ],
            [
              86.927838,
              21.483767
            ],
            [
              86.929129,
              21.482771
            ],
            [
              86.929258,
              21.482454
            ],
            [
              86.928394,
              21.482223
            ],
            [
              86.927269,
              21.482856
            ]
          ]
        ]
      }
    },
    {
      "type": "Feature",
      "properties": {
        "plot_id": "349",
        "owner_name": "Alok Nayak"
      },
      "geometry": {
        "type": "Polygon",
        "coordinates": [
          [
            [
              86.926457,
              21.485543
            ],
            [
              86.926767,
              21.486931
            ],
            [
              86.927181,
              21.48664
            ],
            [
              86.927113,
              21.486103
            ],
            [
              86.926815,
              21.485579
            ],
            [
              86.926457,
              21.485543
            ]
          ]
        ]
      }
    },
    {
      "type": "Feature",
      "properties": {
        "plot_id": "350",
        "owner_name": "Alok Patra"
      },
      "geometry": {
        "type": "Polygon",
        "coordinates": [
          [
            [
              86.927113,
              21.486103
            ],
            [
              86.928282,
              21.486048
            ],
            [
              86.928237,
              21.485672
            ],
            [
              86.927578,
              21.485417
            ],
            [
              86.926815,
              21.485579
            ],
            [
              86.927113,
              21.486103
            ]
          ]
        ]
      }
    },
    {
      "type": "Feature",
      "properties": {
        "plot_id": "351",
        "owner_name": "Soumya Nayak"
      },
      "geometry": {
        "type": "Polygon",
        "coordinates": [
          [
            [
              86.927181,
              21.48664
            ],
            [
              86.928346,
              21.486362
            ],
            [
              86.928282,
              21.486048
            ],
            [
              86.927113,
              21.486103
            ],
            [
              86.927181,
              21.48664
            ]
          ]
        ]
      }
    },
    {
      "type": "Feature",
      "properties": {
        "plot_id": "352",
        "owner_name": "Jayanta Biswal"
      },
      "geometry": {
        "type": "Polygon",
        "coordinates": [
          [
            [
              86.926767,
              21.486931
            ],
            [
              86.926255,
              21.487884
            ],
            [
              86.928812,
              21.487402
            ],
            [
              86.928885,
              21.487126
            ],
            [
              86.928346,
              21.486362
            ],
            [
              86.927181,
              21.48664
            ],
            [
              86.926767,
              21.486931
            ]
          ]
        ]
      }
    },
    {
      "type": "Feature",
      "properties": {
        "plot_id": "353",
        "owner_name": "Tapan Das"
      },
      "geometry": {
        "type": "Polygon",
        "coordinates": [
          [
            [
              86.928346,
              21.486362
            ],
            [
              86.928885,
              21.487126
            ],
            [
              86.929178,
              21.486986
            ],
            [
              86.92982,
              21.486256
            ],
            [
              86.9299,
              21.485291
            ],
            [
              86.929572,
              21.484762
            ],
            [
              86.928729,
              21.484951
            ],
            [
              86.928237,
              21.485672
            ],
            [
              86.928282,
              21.486048
            ],
            [
              86.928346,
              21.486362
            ]
          ]
        ]
      }
    },
    {
      "type": "Feature",
      "properties": {
        "plot_id": "354",
        "owner_name": "Subrat Pradhan"
      },
      "geometry": {
        "type": "Polygon",
        "coordinates": [
          [
            [
              86.929295,
              21.482422
            ],
            [
              86.929258,
              21.482454
            ],
            [
              86.929129,
              21.482771
            ],
            [
              86.929667,
              21.484579
            ],
            [
              86.931698,
              21.483645
            ],
            [
              86.929295,
              21.482422
            ]
          ]
        ]
      }
    },
    {
      "type": "Feature",
      "properties": {
        "plot_id": "355",
        "owner_name": "Soumya Samal"
      },
      "geometry": {
        "type": "Polygon",
        "coordinates": [
          [
            [
              86.931698,
              21.483645
            ],
            [
              86.929667,
              21.484579
            ],
            [
              86.929572,
              21.484762
            ],
            [
              86.9299,
              21.485291
            ],
            [
              86.930632,
              21.485412
            ],
            [
              86.932573,
              21.483796
            ],
            [
              86.932311,
              21.483662
            ],
            [
              86.931698,
              21.483645
            ]
          ]
        ]
      }
    },
    {
      "type": "Feature",
      "properties": {
        "plot_id": "356",
        "owner_name": "Rashmi Samal"
      },
      "geometry": {
        "type": "Polygon",
        "coordinates": [
          [
            [
              86.930632,
              21.485412
            ],
            [
              86.9299,
              21.485291
            ],
            [
              86.92982,
              21.486256
            ],
            [
              86.931239,
              21.48643
            ],
            [
              86.930632,
              21.485412
            ]
          ]
        ]
      }
    },
    {
      "type": "Feature",
      "properties": {
        "plot_id": "357",
        "owner_name": "Tapan Patra"
      },
      "geometry": {
        "type": "Polygon",
        "coordinates": [
          [
            [
              86.931239,
              21.48643
            ],
            [
              86.92982,
              21.486256
            ],
            [
              86.929178,
              21.486986
            ],
            [
              86.929678,
              21.487103
            ],
            [
              86.931343,
              21.486509
            ],
            [
              86.931342,
              21.486492
            ],
            [
              86.931239,
              21.48643
            ]
          ]
        ]
      }
    },
    {
      "type": "Feature",
      "properties": {
        "plot_id": "358",
        "owner_name": "Pradeep Sahoo"
      },
      "geometry": {
        "type": "Polygon",
        "coordinates": [
          [
            [
              86.931422,
              21.487186
            ],
            [
              86.931298,
              21.487662
            ],
            [
              86.931338,
              21.488022
            ],
            [
              86.93316,
              21.488214
            ],
            [
              86.933545,
              21.486935
            ],
            [
              86.931422,
              21.487186
            ]
          ]
        ]
      }
    },
    {
      "type": "Feature",
      "properties": {
        "plot_id": "359",
        "owner_name": "Pradeep Das"
      },
      "geometry": {
        "type": "Polygon",
        "coordinates": [
          [
            [
              86.931343,
              21.486509
            ],
            [
              86.929678,
              21.487103
            ],
            [
              86.931298,
              21.487662
            ],
            [
              86.931422,
              21.487186
            ],
            [
              86.931343,
              21.486509
            ]
          ]
        ]
      }
    },
    {
      "type": "Feature",
      "properties": {
        "plot_id": "360",
        "owner_name": "Soumya Mishra"
      },
      "geometry": {
        "type": "Polygon",
        "coordinates": [
          [
            [
              86.931338,
              21.488022
            ],
            [
              86.930964,
              21.488741
            ],
            [
              86.931358,
              21.489086
            ],
            [
              86.93246,
              21.489569
            ],
            [
              86.933085,
              21.489073
            ],
            [
              86.933355,
              21.488662
            ],
            [
              86.93316,
              21.488214
            ],
            [
              86.931338,
              21.488022
            ]
          ]
        ]
      }
    },
    {
      "type": "Feature",
      "properties": {
        "plot_id": "361",
        "owner_name": "Pradeep Mishra"
      },
      "geometry": {
        "type": "Polygon",
        "coordinates": [
          [
            [
              86.931298,
              21.487662
            ],
            [
              86.929678,
              21.487103
            ],
            [
              86.929178,
              21.486986
            ],
            [
              86.928885,
              21.487126
            ],
            [
              86.928812,
              21.487402
            ],
            [
              86.928968,
              21.488089
            ],
            [
              86.929545,
              21.488522
            ],
            [
              86.93026,
              21.488856
            ],
            [
              86.930726,
              21.488849
            ],
            [
              86.930964,
              21.488741
            ],
            [
              86.931338,
              21.488022
            ],
            [
              86.931298,
              21.487662
            ]
          ]
        ]
      }
    },
    {
      "type": "Feature",
      "properties": {
        "plot_id": "362",
        "owner_name": "Minati Pradhan"
      },
      "geometry": {
        "type": "Polygon",
        "coordinates": [
          [
            [
              86.927578,
              21.485417
            ],
            [
              86.928237,
              21.485672
            ],
            [
              86.928729,
              21.484951
            ],
            [
              86.927838,
              21.483767
            ],
            [
              86.927674,
              21.483758
            ],
            [
              86.927187,
              21.48407
            ],
            [
              86.927578,
              21.485417
            ]
          ]
        ]
      }
    },
    {
      "type": "Feature",
      "properties": {
        "plot_id": "363",
        "owner_name": "Pradeep Mishra"
      },
      "geometry": {
        "type": "Polygon",
        "coordinates": [
          [
            [
              86.923311,
              21.481729
            ],
            [
              86.923132,
              21.48105
            ],
            [
              86.922423,
              21.480342
            ],
            [
              86.921714,
              21.481033
            ],
            [
              86.921541,
              21.481497
            ],
            [
              86.923161,
              21.481964
            ],
            [
              86.923311,
              21.481729
            ]
          ]
        ]
      }
    },
    {
      "type": "Feature",
      "properties": {
        "plot_id": "364",
        "owner_name": "Deepak Mohapatra"
      },
      "geometry": {
        "type": "Polygon",
        "coordinates": [
          [
            [
              86.923161,
              21.481964
            ],
            [
              86.923107,
              21.482894
            ],
            [
              86.924726,
              21.482344
            ],
            [
              86.925022,
              21.481277
            ],
            [
              86.923311,
              21.481729
            ],
            [
              86.923161,
              21.481964
            ]
          ]
        ]
      }
    },
    {
      "type": "Feature",
      "properties": {
        "plot_id": "365",
        "owner_name": "Rashmi Pradhan"
      },
      "geometry": {
        "type": "Polygon",
        "coordinates": [
          [
            [
              86.922423,
              21.480342
            ],
            [
              86.922277,
              21.479597
            ],
            [
              86.921409,
              21.479593
            ],
            [
              86.921087,
              21.479783
            ],
            [
              86.921714,
              21.481033
            ],
            [
              86.922423,
              21.480342
            ]
          ]
        ]
      }
    },
    {
      "type": "Feature",
      "properties": {
        "plot_id": "366",
        "owner_name": "Subrat Biswal"
      },
      "geometry": {
        "type": "Polygon",
        "coordinates": [
          [
            [
              86.923132,
              21.48105
            ],
            [
              86.923883,
              21.479795
            ],
            [
              86.923619,
              21.479146
            ],
            [
              86.922707,
              21.479179
            ],
            [
              86.922277,
              21.479597
            ],
            [
              86.922423,
              21.480342
            ],
            [
              86.923132,
              21.48105
            ]
          ]
        ]
      }
    },
    {
      "type": "Feature",
      "properties": {
        "plot_id": "367",
        "owner_name": "Minati Panda"
      },
      "geometry": {
        "type": "Polygon",
        "coordinates": [
          [
            [
              86.926353,
              21.479859
            ],
            [
              86.925852,
              21.47799
            ],
            [
              86.925778,
              21.47789
            ],
            [
              86.924564,
              21.478118
            ],
            [
              86.925909,
              21.480286
            ],
            [
              86.926353,
              21.479859
            ]
          ]
        ]
      }
    },
    {
      "type": "Feature",
      "properties": {
        "plot_id": "368",
        "owner_name": "Alok Biswal"
      },
      "geometry": {
        "type": "Polygon",
        "coordinates": [
          [
            [
              86.926353,
              21.479859
            ],
            [
              86.927112,
              21.479426
            ],
            [
              86.927404,
              21.479085
            ],
            [
              86.925852,
              21.47799
            ],
            [
              86.926353,
              21.479859
            ]
          ]
        ]
      }
    },
    {
      "type": "Feature",
      "properties": {
        "plot_id": "369",
        "owner_name": "Minati Pradhan"
      },
      "geometry": {
        "type": "Polygon",
        "coordinates": [
          [
            [
              86.925778,
              21.47789
            ],
            [
              86.925983,
              21.477679
            ],
            [
              86.926103,
              21.476608
            ],
            [
              86.92474,
              21.476219
            ],
            [
              86.924581,
              21.476404
            ],
            [
              86.924369,
              21.477779
            ],
            [
              86.924531,
              21.478109
            ],
            [
              86.924564,
              21.478118
            ],
            [
              86.925778,
              21.47789
            ]
          ]
        ]
      }
    },
    {
      "type": "Feature",
      "properties": {
        "plot_id": "370",
        "owner_name": "Bijay Das"
      },
      "geometry": {
        "type": "Polygon",
        "coordinates": [
          [
            [
              86.925852,
              21.47799
            ],
            [
              86.927404,
              21.479085
            ],
            [
              86.927432,
              21.479067
            ],
            [
              86.926439,
              21.47766
            ],
            [
              86.925983,
              21.477679
            ],
            [
              86.925778,
              21.47789
            ],
            [
              86.925852,
              21.47799
            ]
          ]
        ]
      }
    },
    {
      "type": "Feature",
      "properties": {
        "plot_id": "371",
        "owner_name": "Tapan Mohapatra"
      },
      "geometry": {
        "type": "Polygon",
        "coordinates": [
          [
            [
              86.929043,
              21.478289
            ],
            [
              86.927819,
              21.479085
            ],
            [
              86.928024,
              21.479194
            ],
            [
              86.929381,
              21.478697
            ],
            [
              86.929403,
              21.478554
            ],
            [
              86.929043,
              21.478289
            ]
          ]
        ]
      }
    },
    {
      "type": "Feature",
      "properties": {
        "plot_id": "372",
        "owner_name": "Subrat Das"
      },
      "geometry": {
        "type": "Polygon",
        "coordinates": [
          [
            [
              86.930341,
              21.47681
            ],
            [
              86.929741,
              21.476274
            ],
            [
              86.928227,
              21.476693
            ],
            [
              86.928093,
              21.476891
            ],
            [
              86.928508,
              21.477595
            ],
            [
              86.930341,
              21.47681
            ]
          ]
        ]
      }
    },
    {
      "type": "Feature",
      "properties": {
        "plot_id": "373",
        "owner_name": "Rashmi Biswal"
      },
      "geometry": {
        "type": "Polygon",
        "coordinates": [
          [
            [
              86.928508,
              21.477595
            ],
            [
              86.928093,
              21.476891
            ],
            [
              86.927386,
              21.476833
            ],
            [
              86.92711,
              21.477533
            ],
            [
              86.927704,
              21.47843
            ],
            [
              86.928482,
              21.477711
            ],
            [
              86.928508,
              21.477595
            ]
          ]
        ]
      }
    },
    {
      "type": "Feature",
      "properties": {
        "plot_id": "374",
        "owner_name": "Deepak Samal"
      },
      "geometry": {
        "type": "Polygon",
        "coordinates": [
          [
            [
              86.928482,
              21.477711
            ],
            [
              86.927704,
              21.47843
            ],
            [
              86.927585,
              21.478984
            ],
            [
              86.927819,
              21.479085
            ],
            [
              86.929043,
              21.478289
            ],
            [
              86.928482,
              21.477711
            ]
          ]
        ]
      }
    },
    {
      "type": "Feature",
      "properties": {
        "plot_id": "375",
        "owner_name": "Bijay Barik"
      },
      "geometry": {
        "type": "Polygon",
        "coordinates": [
          [
            [
              86.912087,
              21.491685
            ],
            [
              86.912087,
              21.491771
            ],
            [
              86.912708,
              21.491995
            ],
            [
              86.914608,
              21.492204
            ],
            [
              86.91465,
              21.492078
            ],
            [
              86.914687,
              21.49165
            ],
            [
              86.912505,
              21.491223
            ],
            [
              86.91221,
              21.491297
            ],
            [
              86.912087,
              21.491685
            ]
          ]
        ]
      }
    },
    {
      "type": "Feature",
      "properties": {
        "plot_id": "376",
        "owner_name": "Bijay Mishra"
      },
      "geometry": {
        "type": "Polygon",
        "coordinates": [
          [
            [
              86.91221,
              21.491297
            ],
            [
              86.912505,
              21.491223
            ],
            [
              86.914279,
              21.490591
            ],
            [
              86.914334,
              21.490257
            ],
            [
              86.914069,
              21.489298
            ],
            [
              86.91303,
              21.488723
            ],
            [
              86.912559,
              21.489052
            ],
            [
              86.91203,
              21.490079
            ],
            [
              86.91221,
              21.491297
            ]
          ]
        ]
      }
    },
    {
      "type": "Feature",
      "properties": {
        "plot_id": "377",
        "owner_name": "Alok Biswal"
      },
      "geometry": {
        "type": "Polygon",
        "coordinates": [
          [
            [
              86.91203,
              21.490079
            ],
            [
              86.912559,
              21.489052
            ],
            [
              86.911847,
              21.488492
            ],
            [
              86.911537,
              21.488415
            ],
            [
              86.91021,
              21.488765
            ],
            [
              86.911264,
              21.489829
            ],
            [
              86.91203,
              21.490079
            ]
          ]
        ]
      }
    },
    {
      "type": "Feature",
      "properties": {
        "plot_id": "378",
        "owner_name": "Manas Pradhan"
      },
      "geometry": {
        "type": "Polygon",
        "coordinates": [
          [
            [
              86.911264,
              21.489829
            ],
            [
              86.91021,
              21.488765
            ],
            [
              86.909982,
              21.488636
            ],
            [
              86.910214,
              21.490141
            ],
            [
              86.911264,
              21.489829
            ]
          ]
        ]
      }
    },
    {
      "type": "Feature",
      "properties": {
        "plot_id": "379",
        "owner_name": "Tapan Nayak"
      },
      "geometry": {
        "type": "Polygon",
        "coordinates": [
          [
            [
              86.911893,
              21.486096
            ],
            [
              86.911465,
              21.486377
            ],
            [
              86.911396,
              21.48705
            ],
            [
              86.911847,
              21.488492
            ],
            [
              86.912559,
              21.489052
            ],
            [
              86.91303,
              21.488723
            ],
            [
              86.913092,
              21.488532
            ],
            [
              86.912366,
              21.486265
            ],
            [
              86.911893,
              21.486096
            ]
          ]
        ]
      }
    },
    {
      "type": "Feature",
      "properties": {
        "plot_id": "380",
        "owner_name": "Satyabrata Rath"
      },
      "geometry": {
        "type": "Polygon",
        "coordinates": [
          [
            [
              86.910392,
              21.48651
            ],
            [
              86.910713,
              21.487975
            ],
            [
              86.910895,
              21.487921
            ],
            [
              86.911396,
              21.48705
            ],
            [
              86.911465,
              21.486377
            ],
            [
              86.910392,
              21.48651
            ]
          ]
        ]
      }
    },
    {
      "type": "Feature",
      "properties": {
        "plot_id": "381",
        "owner_name": "Deepak Patra"
      },
      "geometry": {
        "type": "Polygon",
        "coordinates": [
          [
            [
              86.915659,
              21.493698
            ],
            [
              86.915118,
              21.49408
            ],
            [
              86.915257,
              21.494414
            ],
            [
              86.915719,
              21.495121
            ],
            [
              86.916497,
              21.49487
            ],
            [
              86.916057,
              21.493598
            ],
            [
              86.915659,
              21.493698
            ]
          ]
        ]
      }
    },
    {
      "type": "Feature",
      "properties": {
        "plot_id": "382",
        "owner_name": "Tapan Nayak"
      },
      "geometry": {
        "type": "Polygon",
        "coordinates": [
          [
            [
              86.916057,
              21.493598
            ],
            [
              86.916623,
              21.493081
            ],
            [
              86.91629,
              21.492873
            ],
            [
              86.915358,
              21.492738
            ],
            [
              86.915659,
              21.493698
            ],
            [
              86.916057,
              21.493598
            ]
          ]
        ]
      }
    },
    {
      "type": "Feature",
      "properties": {
        "plot_id": "383",
        "owner_name": "Subrat Mohapatra"
      },
      "geometry": {
        "type": "Polygon",
        "coordinates": [
          [
            [
              86.915358,
              21.492738
            ],
            [
              86.915273,
              21.492686
            ],
            [
              86.91503,
              21.492669
            ],
            [
              86.914969,
              21.493878
            ],
            [
              86.915068,
              21.494057
            ],
            [
              86.915118,
              21.49408
            ],
            [
              86.915659,
              21.493698
            ],
            [
              86.915358,
              21.492738
            ]
          ]
        ]
      }
    },
    {
      "type": "Feature",
      "properties": {
        "plot_id": "384",
        "owner_name": "Subrat Patra"
      },
      "geometry": {
        "type": "Polygon",
        "coordinates": [
          [
            [
              86.91629,
              21.492873
            ],
            [
              86.915841,
              21.491979
            ],
            [
              86.915273,
              21.492686
            ],
            [
              86.915358,
              21.492738
            ],
            [
              86.91629,
              21.492873
            ]
          ]
        ]
      }
    },
    {
      "type": "Feature",
      "properties": {
        "plot_id": "385",
        "owner_name": "Subrat Rath"
      },
      "geometry": {
        "type": "Polygon",
        "coordinates": [
          [
            [
              86.916518,
              21.488839
            ],
            [
              86.915374,
              21.488674
            ],
            [
              86.915225,
              21.488998
            ],
            [
              86.915348,
              21.489264
            ],
            [
              86.91639,
              21.490091
            ],
            [
              86.916517,
              21.490026
            ],
            [
              86.916518,
              21.488839
            ]
          ]
        ]
      }
    },
    {
      "type": "Feature",
      "properties": {
        "plot_id": "386",
        "owner_name": "Deepak Mishra"
      },
      "geometry": {
        "type": "Polygon",
        "coordinates": [
          [
            [
              86.916517,
              21.490026
            ],
            [
              86.91639,
              21.490091
            ],
            [
              86.916076,
              21.490589
            ],
            [
              86.916024,
              21.49118
            ],
            [
              86.916055,
              21.491234
            ],
            [
              86.918134,
              21.490702
            ],
            [
              86.918265,
              21.490488
            ],
            [
              86.918005,
              21.490094
            ],
            [
              86.916517,
              21.490026
            ]
          ]
        ]
      }
    },
    {
      "type": "Feature",
      "properties": {
        "plot_id": "387",
        "owner_name": "Tapan Barik"
      },
      "geometry": {
        "type": "Polygon",
        "coordinates": [
          [
            [
              86.920362,
              21.486891
            ],
            [
              86.920896,
              21.487683
            ],
            [
              86.921147,
              21.487721
            ],
            [
              86.921318,
              21.487631
            ],
            [
              86.921579,
              21.486981
            ],
            [
              86.920815,
              21.486726
            ],
            [
              86.920362,
              21.486891
            ]
          ]
        ]
      }
    },
    {
      "type": "Feature",
      "properties": {
        "plot_id": "388",
        "owner_name": "Tapan Patra"
      },
      "geometry": {
        "type": "Polygon",
        "coordinates": [
          [
            [
              86.920815,
              21.486726
            ],
            [
              86.921579,
              21.486981
            ],
            [
              86.922346,
              21.486991
            ],
            [
              86.922457,
              21.486558
            ],
            [
              86.921281,
              21.485438
            ],
            [
              86.920815,
              21.486726
            ]
          ]
        ]
      }
    },
    {
      "type": "Feature",
      "properties": {
        "plot_id": "389",
        "owner_name": "Soumya Biswal"
      },
      "geometry": {
        "type": "Polygon",
        "coordinates": [
          [
            [
              86.925768,
              21.471273
            ],
            [
              86.927074,
              21.470724
            ],
            [
              86.927587,
              21.468763
            ],
            [
              86.926852,
              21.468128
            ],
            [
              86.925926,
              21.467618
            ],
            [
              86.923891,
              21.470267
            ],
            [
              86.923884,
              21.470329
            ],
            [
              86.92398,
              21.47071
            ],
            [
              86.924345,
              21.471214
            ],
            [
              86.924698,
              21.471344
            ],
            [
              86.925768,
              21.471273
            ]
          ]
        ]
      }
    },
    {
      "type": "Feature",
      "properties": {
        "plot_id": "390",
        "owner_name": "Manas Sahoo"
      },
      "geometry": {
        "type": "Polygon",
        "coordinates": [
          [
            [
              86.924698,
              21.471344
            ],
            [
              86.924895,
              21.473202
            ],
            [
              86.925195,
              21.473635
            ],
            [
              86.92601,
              21.473613
            ],
            [
              86.925768,
              21.471273
            ],
            [
              86.924698,
              21.471344
            ]
          ]
        ]
      }
    },
    {
      "type": "Feature",
      "properties": {
        "plot_id": "391",
        "owner_name": "Jayanta Panda"
      },
      "geometry": {
        "type": "Polygon",
        "coordinates": [
          [
            [
              86.924698,
              21.471344
            ],
            [
              86.924345,
              21.471214
            ],
            [
              86.923295,
              21.472566
            ],
            [
              86.923917,
              21.473125
            ],
            [
              86.924895,
              21.473202
            ],
            [
              86.924698,
              21.471344
            ]
          ]
        ]
      }
    },
    {
      "type": "Feature",
      "properties": {
        "plot_id": "392",
        "owner_name": "Pradeep Mohapatra"
      },
      "geometry": {
        "type": "Polygon",
        "coordinates": [
          [
            [
              86.92601,
              21.473613
            ],
            [
              86.9265,
              21.473816
            ],
            [
              86.926588,
              21.473722
            ],
            [
              86.927093,
              21.472287
            ],
            [
              86.92725,
              21.471015
            ],
            [
              86.927074,
              21.470724
            ],
            [
              86.925768,
              21.471273
            ],
            [
              86.92601,
              21.473613
            ]
          ]
        ]
      }
    },
    {
      "type": "Feature",
      "properties": {
        "plot_id": "393",
        "owner_name": "Pradeep Das"
      },
      "geometry": {
        "type": "Polygon",
        "coordinates": [
          [
            [
              86.925195,
              21.473635
            ],
            [
              86.924945,
              21.473941
            ],
            [
              86.925175,
              21.475082
            ],
            [
              86.926555,
              21.473982
            ],
            [
              86.9265,
              21.473816
            ],
            [
              86.92601,
              21.473613
            ],
            [
              86.925195,
              21.473635
            ]
          ]
        ]
      }
    },
    {
      "type": "Feature",
      "properties": {
        "plot_id": "394",
        "owner_name": "Pradeep Rath"
      },
      "geometry": {
        "type": "Polygon",
        "coordinates": [
          [
            [
              86.924895,
              21.473202
            ],
            [
              86.923917,
              21.473125
            ],
            [
              86.923837,
              21.474125
            ],
            [
              86.92412,
              21.47428
            ],
            [
              86.924945,
              21.473941
            ],
            [
              86.925195,
              21.473635
            ],
            [
              86.924895,
              21.473202
            ]
          ]
        ]
      }
    },
    {
      "type": "Feature",
      "properties": {
        "plot_id": "395",
        "owner_name": "Manas Nayak"
      },
      "geometry": {
        "type": "Polygon",
        "coordinates": [
          [
            [
              86.923182,
              21.469195
            ],
            [
              86.921204,
              21.469098
            ],
            [
              86.921155,
              21.469322
            ],
            [
              86.921681,
              21.470051
            ],
            [
              86.923884,
              21.470329
            ],
            [
              86.923891,
              21.470267
            ],
            [
              86.923182,
              21.469195
            ]
          ]
        ]
      }
    },
    {
      "type": "Feature",
      "properties": {
        "plot_id": "396",
        "owner_name": "Satyabrata Panda"
      },
      "geometry": {
        "type": "Polygon",
        "coordinates": [
          [
            [
              86.921681,
              21.470051
            ],
            [
              86.921782,
              21.471028
            ],
            [
              86.923561,
              21.470862
            ],
            [
              86.92398,
              21.47071
            ],
            [
              86.923884,
              21.470329
            ],
            [
              86.921681,
              21.470051
            ]
          ]
        ]
      }
    },
    {
      "type": "Feature",
      "properties": {
        "plot_id": "397",
        "owner_name": "Subrat Barik"
      },
      "geometry": {
        "type": "Polygon",
        "coordinates": [
          [
            [
              86.921155,
              21.469322
            ],
            [
              86.920876,
              21.469529
            ],
            [
              86.920153,
              21.470357
            ],
            [
              86.920438,
              21.471654
            ],
            [
              86.920748,
              21.472049
            ],
            [
              86.921744,
              21.471158
            ],
            [
              86.921782,
              21.471028
            ],
            [
              86.921681,
              21.470051
            ],
            [
              86.921155,
              21.469322
            ]
          ]
        ]
      }
    },
    {
      "type": "Feature",
      "properties": {
        "plot_id": "398",
        "owner_name": "Rashmi Panda"
      },
      "geometry": {
        "type": "Polygon",
        "coordinates": [
          [
            [
              86.918309,
              21.469037
            ],
            [
              86.918193,
              21.469122
            ],
            [
              86.918787,
              21.470169
            ],
            [
              86.918932,
              21.470336
            ],
            [
              86.920153,
              21.470357
            ],
            [
              86.920876,
              21.469529
            ],
            [
              86.918309,
              21.469037
            ]
          ]
        ]
      }
    },
    {
      "type": "Feature",
      "properties": {
        "plot_id": "399",
        "owner_name": "Subrat Das"
      },
      "geometry": {
        "type": "Polygon",
        "coordinates": [
          [
            [
              86.918932,
              21.470336
            ],
            [
              86.918787,
              21.470169
            ],
            [
              86.917105,
              21.471271
            ],
            [
              86.917262,
              21.471688
            ],
            [
              86.918859,
              21.470754
            ],
            [
              86.918932,
              21.470336
            ]
          ]
        ]
      }
    },
    {
      "type": "Feature",
      "properties": {
        "plot_id": "400",
        "owner_name": "Jayanta Sahoo"
      },
      "geometry": {
        "type": "Polygon",
        "coordinates": [
          [
            [
              86.918859,
              21.470754
            ],
            [
              86.918902,
              21.470957
            ],
            [
              86.919321,
              21.471556
            ],
            [
              86.920438,
              21.471654
            ],
            [
              86.920153,
              21.470357
            ],
            [
              86.918932,
              21.470336
            ],
            [
              86.918859,
              21.470754
            ]
          ]
        ]
      }
    },
    {
      "type": "Feature",
      "properties": {
        "plot_id": "401",
        "owner_name": "Manas Sahoo"
      },
      "geometry": {
        "type": "Polygon",
        "coordinates": [
          [
            [
              86.917792,
              21.473017
            ],
            [
              86.917919,
              21.473035
            ],
            [
              86.918926,
              21.472222
            ],
            [
              86.919321,
              21.471556
            ],
            [
              86.918902,
              21.470957
            ],
            [
              86.917792,
              21.473017
            ]
          ]
        ]
      }
    },
    {
      "type": "Feature",
      "properties": {
        "plot_id": "402",
        "owner_name": "Deepak Patra"
      },
      "geometry": {
        "type": "Polygon",
        "coordinates": [
          [
            [
              86.913962,
              21.476547
            ],
            [
              86.915702,
              21.476216
            ],
            [
              86.915627,
              21.475979
            ],
            [
              86.914604,
              21.474637
            ],
            [
              86.913962,
              21.476547
            ]
          ]
        ]
      }
    },
    {
      "type": "Feature",
      "properties": {
        "plot_id": "403",
        "owner_name": "Rashmi Mishra"
      },
      "geometry": {
        "type": "Polygon",
        "coordinates": [
          [
            [
              86.914604,
              21.474637
            ],
            [
              86.915627,
              21.475979
            ],
            [
              86.916325,
              21.474944
            ],
            [
              86.916675,
              21.473975
            ],
            [
              86.914598,
              21.474545
            ],
            [
              86.914604,
              21.474637
            ]
          ]
        ]
      }
    },
    {
      "type": "Feature",
      "properties": {
        "plot_id": "404",
        "owner_name": "Minati Patra"
      },
      "geometry": {
        "type": "Polygon",
        "coordinates": [
          [
            [
              86.916675,
              21.473975
            ],
            [
              86.916325,
              21.474944
            ],
            [
              86.91631,
              21.476778
            ],
            [
              86.916356,
              21.476834
            ],
            [
              86.916416,
              21.476817
            ],
            [
              86.91667,
              21.476482
            ],
            [
              86.916952,
              21.474578
            ],
            [
              86.91682,
              21.473897
            ],
            [
              86.916675,
              21.473975
            ]
          ]
        ]
      }
    },
    {
      "type": "Feature",
      "properties": {
        "plot_id": "405",
        "owner_name": "Manas Nayak"
      },
      "geometry": {
        "type": "Polygon",
        "coordinates": [
          [
            [
              86.91682,
              21.473897
            ],
            [
              86.916952,
              21.474578
            ],
            [
              86.917625,
              21.475876
            ],
            [
              86.918411,
              21.476013
            ],
            [
              86.918469,
              21.47576
            ],
            [
              86.918365,
              21.475246
            ],
            [
              86.916842,
              21.473871
            ],
            [
              86.91682,
              21.473897
            ]
          ]
        ]
      }
    },
    {
      "type": "Feature",
      "properties": {
        "plot_id": "406",
        "owner_name": "Manas Das"
      },
      "geometry": {
        "type": "Polygon",
        "coordinates": [
          [
            [
              86.916868,
              21.480971
            ],
            [
              86.918494,
              21.480854
            ],
            [
              86.917248,
              21.480123
            ],
            [
              86.917137,
              21.480108
            ],
            [
              86.916722,
              21.48026
            ],
            [
              86.916868,
              21.480971
            ]
          ]
        ]
      }
    },
    {
      "type": "Feature",
      "properties": {
        "plot_id": "407",
        "owner_name": "Pradeep Samal"
      },
      "geometry": {
        "type": "Polygon",
        "coordinates": [
          [
            [
              86.917137,
              21.480108
            ],
            [
              86.917666,
              21.479271
            ],
            [
              86.917594,
              21.478872
            ],
            [
              86.916876,
              21.479004
            ],
            [
              86.916729,
              21.480254
            ],
            [
              86.917137,
              21.480108
            ]
          ]
        ]
      }
    },
    {
      "type": "Feature",
      "properties": {
        "plot_id": "408",
        "owner_name": "Bijay Rath"
      },
      "geometry": {
        "type": "Polygon",
        "coordinates": [
          [
            [
              86.917248,
              21.480123
            ],
            [
              86.918683,
              21.479802
            ],
            [
              86.918118,
              21.479426
            ],
            [
              86.917666,
              21.479271
            ],
            [
              86.917137,
              21.480108
            ],
            [
              86.917248,
              21.480123
            ]
          ]
        ]
      }
    },
    {
      "type": "Feature",
      "properties": {
        "plot_id": "409",
        "owner_name": "Tapan Mohapatra"
      },
      "geometry": {
        "type": "Polygon",
        "coordinates": [
          [
            [
              86.918118,
              21.479426
            ],
            [
              86.918272,
              21.478447
            ],
            [
              86.917754,
              21.478505
            ],
            [
              86.917594,
              21.478872
            ],
            [
              86.917666,
              21.479271
            ],
            [
              86.918118,
              21.479426
            ]
          ]
        ]
      }
    },
    {
      "type": "Feature",
      "properties": {
        "plot_id": "410",
        "owner_name": "Manas Mishra"
      },
      "geometry": {
        "type": "Polygon",
        "coordinates": [
          [
            [
              86.918683,
              21.479802
            ],
            [
              86.919597,
              21.479994
            ],
            [
              86.919513,
              21.47896
            ],
            [
              86.918272,
              21.478447
            ],
            [
              86.918118,
              21.479426
            ],
            [
              86.918683,
              21.479802
            ]
          ]
        ]
      }
    },
    {
      "type": "Feature",
      "properties": {
        "plot_id": "411",
        "owner_name": "Bijay Pradhan"
      },
      "geometry": {
        "type": "Polygon",
        "coordinates": [
          [
            [
              86.933924,
              21.492451
            ],
            [
              86.933424,
              21.491556
            ],
            [
              86.932737,
              21.491431
            ],
            [
              86.932405,
              21.49195
            ],
            [
              86.932868,
              21.492752
            ],
            [
              86.933113,
              21.492863
            ],
            [
              86.933924,
              21.492451
            ]
          ]
        ]
      }
    },
    {
      "type": "Feature",
      "properties": {
        "plot_id": "412",
        "owner_name": "Deepak Pradhan"
      },
      "geometry": {
        "type": "Polygon",
        "coordinates": [
          [
            [
              86.932737,
              21.491431
            ],
            [
              86.933424,
              21.491556
            ],
            [
              86.933749,
              21.491096
            ],
            [
              86.93334,
              21.490476
            ],
            [
              86.932565,
              21.490566
            ],
            [
              86.932737,
              21.491431
            ]
          ]
        ]
      }
    },
    {
      "type": "Feature",
      "properties": {
        "plot_id": "413",
        "owner_name": "Deepak Panda"
      },
      "geometry": {
        "type": "Polygon",
        "coordinates": [
          [
            [
              86.932565,
              21.490566
            ],
            [
              86.932486,
              21.490505
            ],
            [
              86.931648,
              21.490692
            ],
            [
              86.931793,
              21.491939
            ],
            [
              86.932405,
              21.49195
            ],
            [
              86.932737,
              21.491431
            ],
            [
              86.932565,
              21.490566
            ]
          ]
        ]
      }
    },
    {
      "type": "Feature",
      "properties": {
        "plot_id": "414",
        "owner_name": "Tapan Patra"
      },
      "geometry": {
        "type": "Polygon",
        "coordinates": [
          [
            [
              86.93334,
              21.490476
            ],
            [
              86.933581,
              21.490235
            ],
            [
              86.933085,
              21.489073
            ],
            [
              86.93246,
              21.489569
            ],
            [
              86.932486,
              21.490505
            ],
            [
              86.932565,
              21.490566
            ],
            [
              86.93334,
              21.490476
            ]
          ]
        ]
      }
    },
    {
      "type": "Feature",
      "properties": {
        "plot_id": "415",
        "owner_name": "Tapan Biswal"
      },
      "geometry": {
        "type": "Polygon",
        "coordinates": [
          [
            [
              86.933749,
              21.491096
            ],
            [
              86.934442,
              21.491071
            ],
            [
              86.934367,
              21.49081
            ],
            [
              86.933968,
              21.490131
            ],
            [
              86.933581,
              21.490235
            ],
            [
              86.93334,
              21.490476
            ],
            [
              86.933749,
              21.491096
            ]
          ]
        ]
      }
    },
    {
      "type": "Feature",
      "properties": {
        "plot_id": "416",
        "owner_name": "Satyabrata Panda"
      },
      "geometry": {
        "type": "Polygon",
        "coordinates": [
          [
            [
              86.932486,
              21.490505
            ],
            [
              86.93246,
              21.489569
            ],
            [
              86.931358,
              21.489086
            ],
            [
              86.9316,
              21.490678
            ],
            [
              86.931648,
              21.490692
            ],
            [
              86.932486,
              21.490505
            ]
          ]
        ]
      }
    },
    {
      "type": "Feature",
      "properties": {
        "plot_id": "417",
        "owner_name": "Satyabrata Mishra"
      },
      "geometry": {
        "type": "Polygon",
        "coordinates": [
          [
            [
              86.931648,
              21.490692
            ],
            [
              86.9316,
              21.490678
            ],
            [
              86.931462,
              21.49071
            ],
            [
              86.930316,
              21.491355
            ],
            [
              86.930312,
              21.491479
            ],
            [
              86.931601,
              21.492051
            ],
            [
              86.931793,
              21.491939
            ],
            [
              86.931648,
              21.490692
            ]
          ]
        ]
      }
    },
    {
      "type": "Feature",
      "properties": {
        "plot_id": "418",
        "owner_name": "Manas Das"
      },
      "geometry": {
        "type": "Polygon",
        "coordinates": [
          [
            [
              86.931793,
              21.491939
            ],
            [
              86.931601,
              21.492051
            ],
            [
              86.931506,
              21.49245
            ],
            [
              86.931828,
              21.49321
            ],
            [
              86.932868,
              21.492752
            ],
            [
              86.932405,
              21.49195
            ],
            [
              86.931793,
              21.491939
            ]
          ]
        ]
      }
    },
    {
      "type": "Feature",
      "properties": {
        "plot_id": "419",
        "owner_name": "Soumya Patra"
      },
      "geometry": {
        "type": "Polygon",
        "coordinates": [
          [
            [
              86.933581,
              21.490235
            ],
            [
              86.933968,
              21.490131
            ],
            [
              86.934648,
              21.489236
            ],
            [
              86.934502,
              21.489029
            ],
            [
              86.933355,
              21.488662
            ],
            [
              86.933085,
              21.489073
            ],
            [
              86.933581,
              21.490235
            ]
          ]
        ]
      }
    },
    {
      "type": "Feature",
      "properties": {
        "plot_id": "420",
        "owner_name": "Satyabrata Biswal"
      },
      "geometry": {
        "type": "Polygon",
        "coordinates": [
          [
            [
              86.934442,
              21.491071
            ],
            [
              86.935083,
              21.491519
            ],
            [
              86.935364,
              21.491384
            ],
            [
              86.935619,
              21.49008
            ],
            [
              86.935568,
              21.48989
            ],
            [
              86.935241,
              21.489513
            ],
            [
              86.935036,
              21.489436
            ],
            [
              86.934367,
              21.49081
            ],
            [
              86.934442,
              21.491071
            ]
          ]
        ]
      }
    },
    {
      "type": "Feature",
      "properties": {
        "plot_id": "421",
        "owner_name": "Alok Nayak"
      },
      "geometry": {
        "type": "Polygon",
        "coordinates": [
          [
            [
              86.934367,
              21.49081
            ],
            [
              86.935036,
              21.489436
            ],
            [
              86.934648,
              21.489236
            ],
            [
              86.933968,
              21.490131
            ],
            [
              86.934367,
              21.49081
            ]
          ]
        ]
      }
    },
    {
      "type": "Feature",
      "properties": {
        "plot_id": "422",
        "owner_name": "Rashmi Sahoo"
      },
      "geometry": {
        "type": "Polygon",
        "coordinates": [
          [
            [
              86.937451,
              21.493704
            ],
            [
              86.937305,
              21.493171
            ],
            [
              86.937214,
              21.493083
            ],
            [
              86.936491,
              21.493111
            ],
            [
              86.936303,
              21.493148
            ],
            [
              86.935821,
              21.493767
            ],
            [
              86.937421,
              21.494065
            ],
            [
              86.937451,
              21.493704
            ]
          ]
        ]
      }
    },
    {
      "type": "Feature",
      "properties": {
        "plot_id": "423",
        "owner_name": "Soumya Samal"
      },
      "geometry": {
        "type": "Polygon",
        "coordinates": [
          [
            [
              86.936303,
              21.493148
            ],
            [
              86.936491,
              21.493111
            ],
            [
              86.936825,
              21.491536
            ],
            [
              86.935996,
              21.491627
            ],
            [
              86.936151,
              21.49281
            ],
            [
              86.936303,
              21.493148
            ]
          ]
        ]
      }
    },
    {
      "type": "Feature",
      "properties": {
        "plot_id": "424",
        "owner_name": "Rashmi Patra"
      },
      "geometry": {
        "type": "Polygon",
        "coordinates": [
          [
            [
              86.937998,
              21.488522
            ],
            [
              86.937907,
              21.488643
            ],
            [
              86.939551,
              21.489859
            ],
            [
              86.940556,
              21.489411
            ],
            [
              86.940275,
              21.488928
            ],
            [
              86.939438,
              21.487914
            ],
            [
              86.938429,
              21.488088
            ],
            [
              86.937998,
              21.488522
            ]
          ]
        ]
      }
    },
    {
      "type": "Feature",
      "properties": {
        "plot_id": "425",
        "owner_name": "Satyabrata Panda"
      },
      "geometry": {
        "type": "Polygon",
        "coordinates": [
          [
            [
              86.937907,
              21.488643
            ],
            [
              86.937767,
              21.488722
            ],
            [
              86.937643,
              21.490351
            ],
            [
              86.937719,
              21.49072
            ],
            [
              86.937915,
              21.491052
            ],
            [
              86.93829,
              21.491119
            ],
            [
              86.939551,
              21.489859
            ],
            [
              86.937907,
              21.488643
            ]
          ]
        ]
      }
    },
    {
      "type": "Feature",
      "properties": {
        "plot_id": "426",
        "owner_name": "Soumya Rath"
      },
      "geometry": {
        "type": "Polygon",
        "coordinates": [
          [
            [
              86.938431,
              21.491288
            ],
            [
              86.93829,
              21.491119
            ],
            [
              86.937915,
              21.491052
            ],
            [
              86.937522,
              21.491371
            ],
            [
              86.937214,
              21.493083
            ],
            [
              86.937305,
              21.493171
            ],
            [
              86.93818,
              21.492983
            ],
            [
              86.938268,
              21.492902
            ],
            [
              86.938431,
              21.491288
            ]
          ]
        ]
      }
    },
    {
      "type": "Feature",
      "properties": {
        "plot_id": "427",
        "owner_name": "Satyabrata Barik"
      },
      "geometry": {
        "type": "Polygon",
        "coordinates": [
          [
            [
              86.936406,
              21.48806
            ],
            [
              86.935241,
              21.489513
            ],
            [
              86.935568,
              21.48989
            ],
            [
              86.936527,
              21.489458
            ],
            [
              86.936947,
              21.488525
            ],
            [
              86.936406,
              21.48806
            ]
          ]
        ]
      }
    },
    {
      "type": "Feature",
      "properties": {
        "plot_id": "428",
        "owner_name": "Manas Sahoo"
      },
      "geometry": {
        "type": "Polygon",
        "coordinates": [
          [
            [
              86.936947,
              21.488525
            ],
            [
              86.936527,
              21.489458
            ],
            [
              86.937643,
              21.490351
            ],
            [
              86.937767,
              21.488722
            ],
            [
              86.936947,
              21.488525
            ]
          ]
        ]
      }
    },
    {
      "type": "Feature",
      "properties": {
        "plot_id": "429",
        "owner_name": "Deepak Sahoo"
      },
      "geometry": {
        "type": "Polygon",
        "coordinates": [
          [
            [
              86.934872,
              21.488059
            ],
            [
              86.934502,
              21.489029
            ],
            [
              86.934648,
              21.489236
            ],
            [
              86.935036,
              21.489436
            ],
            [
              86.935241,
              21.489513
            ],
            [
              86.936397,
              21.488065
            ],
            [
              86.934872,
              21.488059
            ]
          ]
        ]
      }
    },
    {
      "type": "Feature",
      "properties": {
        "plot_id": "430",
        "owner_name": "Minati Rath"
      },
      "geometry": {
        "type": "Polygon",
        "coordinates": [
          [
            [
              86.907873,
              21.47938
            ],
            [
              86.908566,
              21.4803
            ],
            [
              86.909993,
              21.48105
            ],
            [
              86.91002,
              21.480476
            ],
            [
              86.909618,
              21.479854
            ],
            [
              86.908468,
              21.479052
            ],
            [
              86.907873,
              21.47938
            ]
          ]
        ]
      }
    },
    {
      "type": "Feature",
      "properties": {
        "plot_id": "431",
        "owner_name": "Deepak Biswal"
      },
      "geometry": {
        "type": "Polygon",
        "coordinates": [
          [
            [
              86.909618,
              21.479854
            ],
            [
              86.90978,
              21.479008
            ],
            [
              86.909632,
              21.478867
            ],
            [
              86.90859,
              21.478924
            ],
            [
              86.908468,
              21.479052
            ],
            [
              86.909618,
              21.479854
            ]
          ]
        ]
      }
    },
    {
      "type": "Feature",
      "properties": {
        "plot_id": "432",
        "owner_name": "Bijay Rath"
      },
      "geometry": {
        "type": "Polygon",
        "coordinates": [
          [
            [
              86.91002,
              21.480476
            ],
            [
              86.910632,
              21.479318
            ],
            [
              86.90978,
              21.479008
            ],
            [
              86.909618,
              21.479854
            ],
            [
              86.91002,
              21.480476
            ]
          ]
        ]
      }
    },
    {
      "type": "Feature",
      "properties": {
        "plot_id": "433",
        "owner_name": "Alok Samal"
      },
      "geometry": {
        "type": "Polygon",
        "coordinates": [
          [
            [
              86.90978,
              21.479008
            ],
            [
              86.910632,
              21.479318
            ],
            [
              86.910811,
              21.479205
            ],
            [
              86.910483,
              21.478608
            ],
            [
              86.90994,
              21.4783
            ],
            [
              86.909632,
              21.478867
            ],
            [
              86.90978,
              21.479008
            ]
          ]
        ]
      }
    },
    {
      "type": "Feature",
      "properties": {
        "plot_id": "434",
        "owner_name": "Subrat Mishra"
      },
      "geometry": {
        "type": "Polygon",
        "coordinates": [
          [
            [
              86.906902,
              21.499042
            ],
            [
              86.907097,
              21.498028
            ],
            [
              86.906196,
              21.498285
            ],
            [
              86.906902,
              21.499042
            ]
          ]
        ]
      }
    },
    {
      "type": "Feature",
      "properties": {
        "plot_id": "435",
        "owner_name": "Rashmi Mohapatra"
      },
      "geometry": {
        "type": "Polygon",
        "coordinates": [
          [
            [
              86.906902,
              21.499042
            ],
            [
              86.906971,
              21.499154
            ],
            [
              86.907556,
              21.499426
            ],
            [
              86.907654,
              21.499395
            ],
            [
              86.907871,
              21.497923
            ],
            [
              86.907463,
              21.497815
            ],
            [
              86.907097,
              21.498028
            ],
            [
              86.906902,
              21.499042
            ]
          ]
        ]
      }
    },
    {
      "type": "Feature",
      "properties": {
        "plot_id": "436",
        "owner_name": "Bijay Sahoo"
      },
      "geometry": {
        "type": "Polygon",
        "coordinates": [
          [
            [
              86.905785,
              21.499585
            ],
            [
              86.905991,
              21.500032
            ],
            [
              86.907185,
              21.500012
            ],
            [
              86.907556,
              21.499426
            ],
            [
              86.906971,
              21.499154
            ],
            [
              86.905785,
              21.499585
            ]
          ]
        ]
      }
    },
    {
      "type": "Feature",
      "properties": {
        "plot_id": "437",
        "owner_name": "Satyabrata Biswal"
      },
      "geometry": {
        "type": "Polygon",
        "coordinates": [
          [
            [
              86.907654,
              21.499395
            ],
            [
              86.908517,
              21.499733
            ],
            [
              86.909532,
              21.498522
            ],
            [
              86.909563,
              21.498153
            ],
            [
              86.909184,
              21.497826
            ],
            [
              86.907931,
              21.497888
            ],
            [
              86.907871,
              21.497923
            ],
            [
              86.907654,
              21.499395
            ]
          ]
        ]
      }
    },
    {
      "type": "Feature",
      "properties": {
        "plot_id": "438",
        "owner_name": "Rashmi Das"
      },
      "geometry": {
        "type": "Polygon",
        "coordinates": [
          [
            [
              86.914432,
              21.503863
            ],
            [
              86.916569,
              21.503325
            ],
            [
              86.915557,
              21.502846
            ],
            [
              86.914499,
              21.503446
            ],
            [
              86.914432,
              21.503863
            ]
          ]
        ]
      }
    },
    {
      "type": "Feature",
      "properties": {
        "plot_id": "439",
        "owner_name": "Pradeep Nayak"
      },
      "geometry": {
        "type": "Polygon",
        "coordinates": [
          [
            [
              86.914499,
              21.503446
            ],
            [
              86.91445,
              21.503316
            ],
            [
              86.913522,
              21.50284
            ],
            [
              86.913422,
              21.503766
            ],
            [
              86.914014,
              21.504267
            ],
            [
              86.914341,
              21.504157
            ],
            [
              86.914432,
              21.503863
            ],
            [
              86.914499,
              21.503446
            ]
          ]
        ]
      }
    },
    {
      "type": "Feature",
      "properties": {
        "plot_id": "440",
        "owner_name": "Soumya Das"
      },
      "geometry": {
        "type": "Polygon",
        "coordinates": [
          [
            [
              86.914334,
              21.501769
            ],
            [
              86.913233,
              21.501984
            ],
            [
              86.913213,
              21.502504
            ],
            [
              86.913522,
              21.50284
            ],
            [
              86.91445,
              21.503316
            ],
            [
              86.914334,
              21.501769
            ]
          ]
        ]
      }
    },
    {
      "type": "Feature",
      "properties": {
        "plot_id": "441",
        "owner_name": "Deepak Rath"
      },
      "geometry": {
        "type": "Polygon",
        "coordinates": [
          [
            [
              86.913422,
              21.503766
            ],
            [
              86.91272,
              21.503358
            ],
            [
              86.911955,
              21.504416
            ],
            [
              86.912254,
              21.504884
            ],
            [
              86.914014,
              21.504267
            ],
            [
              86.913422,
              21.503766
            ]
          ]
        ]
      }
    },
    {
      "type": "Feature",
      "properties": {
        "plot_id": "442",
        "owner_name": "Bijay Biswal"
      },
      "geometry": {
        "type": "Polygon",
        "coordinates": [
          [
            [
              86.907185,
              21.500012
            ],
            [
              86.905991,
              21.500032
            ],
            [
              86.905974,
              21.500233
            ],
            [
              86.907149,
              21.500469
            ],
            [
              86.907185,
              21.500012
            ]
          ]
        ]
      }
    },
    {
      "type": "Feature",
      "properties": {
        "plot_id": "443",
        "owner_name": "Alok Nayak"
      },
      "geometry": {
        "type": "Polygon",
        "coordinates": [
          [
            [
              86.915094,
              21.498952
            ],
            [
              86.915103,
              21.498821
            ],
            [
              86.914342,
              21.498307
            ],
            [
              86.913523,
              21.498976
            ],
            [
              86.913546,
              21.500094
            ],
            [
              86.914482,
              21.500229
            ],
            [
              86.915094,
              21.498952
            ]
          ]
        ]
      }
    },
    {
      "type": "Feature",
      "properties": {
        "plot_id": "444",
        "owner_name": "Jayanta Biswal"
      },
      "geometry": {
        "type": "Polygon",
        "coordinates": [
          [
            [
              86.911981,
              21.492026
            ],
            [
              86.912758,
              21.493591
            ],
            [
              86.913261,
              21.494076
            ],
            [
              86.913938,
              21.493412
            ],
            [
              86.913938,
              21.493047
            ],
            [
              86.913736,
              21.49285
            ],
            [
              86.912708,
              21.491995
            ],
            [
              86.912087,
              21.491771
            ],
            [
              86.911981,
              21.492026
            ]
          ]
        ]
      }
    },
    {
      "type": "Feature",
      "properties": {
        "plot_id": "445",
        "owner_name": "Pradeep Das"
      },
      "geometry": {
        "type": "Polygon",
        "coordinates": [
          [
            [
              86.911703,
              21.492244
            ],
            [
              86.910907,
              21.493221
            ],
            [
              86.911929,
              21.494155
            ],
            [
              86.912067,
              21.494151
            ],
            [
              86.912758,
              21.493591
            ],
            [
              86.911981,
              21.492026
            ],
            [
              86.911703,
              21.492244
            ]
          ]
        ]
      }
    },
    {
      "type": "Feature",
      "properties": {
        "plot_id": "446",
        "owner_name": "Rashmi Patra"
      },
      "geometry": {
        "type": "Polygon",
        "coordinates": [
          [
            [
              86.907931,
              21.497888
            ],
            [
              86.909184,
              21.497826
            ],
            [
              86.909092,
              21.496369
            ],
            [
              86.908962,
              21.496219
            ],
            [
              86.908259,
              21.496111
            ],
            [
              86.908192,
              21.496197
            ],
            [
              86.907919,
              21.496946
            ],
            [
              86.907931,
              21.497888
            ]
          ]
        ]
      }
    },
    {
      "type": "Feature",
      "properties": {
        "plot_id": "447",
        "owner_name": "Manas Patra"
      },
      "geometry": {
        "type": "Polygon",
        "coordinates": [
          [
            [
              86.912107,
              21.502917
            ],
            [
              86.91272,
              21.503358
            ],
            [
              86.913213,
              21.502504
            ],
            [
              86.913233,
              21.501984
            ],
            [
              86.912634,
              21.501641
            ],
            [
              86.911986,
              21.501778
            ],
            [
              86.912107,
              21.502917
            ]
          ]
        ]
      }
    },
    {
      "type": "Feature",
      "properties": {
        "plot_id": "448",
        "owner_name": "Deepak Panda"
      },
      "geometry": {
        "type": "Polygon",
        "coordinates": [
          [
            [
              86.926381,
              21.497724
            ],
            [
              86.925687,
              21.497314
            ],
            [
              86.924049,
              21.49786
            ],
            [
              86.925479,
              21.499398
            ],
            [
              86.925915,
              21.4994
            ],
            [
              86.92657,
              21.497968
            ],
            [
              86.926495,
              21.497809
            ],
            [
              86.926381,
              21.497724
            ]
          ]
        ]
      }
    },
    {
      "type": "Feature",
      "properties": {
        "plot_id": "449",
        "owner_name": "Tapan Nayak"
      },
      "geometry": {
        "type": "Polygon",
        "coordinates": [
          [
            [
              86.931828,
              21.49321
            ],
            [
              86.931506,
              21.49245
            ],
            [
              86.930082,
              21.493056
            ],
            [
              86.929957,
              21.493667
            ],
            [
              86.930445,
              21.494654
            ],
            [
              86.930639,
              21.494659
            ],
            [
              86.931721,
              21.493464
            ],
            [
              86.931828,
              21.49321
            ]
          ]
        ]
      }
    },
    {
      "type": "Feature",
      "properties": {
        "plot_id": "450",
        "owner_name": "Bijay Panda"
      },
      "geometry": {
        "type": "Polygon",
        "coordinates": [
          [
            [
              86.930639,
              21.494659
            ],
            [
              86.930445,
              21.494654
            ],
            [
              86.930369,
              21.49474
            ],
            [
              86.930354,
              21.495336
            ],
            [
              86.930807,
              21.496465
            ],
            [
              86.931159,
              21.497116
            ],
            [
              86.931373,
              21.497106
            ],
            [
              86.931401,
              21.495445
            ],
            [
              86.930754,
              21.494713
            ],
            [
              86.930639,
              21.494659
            ]
          ]
        ]
      }
    },
    {
      "type": "Feature",
      "properties": {
        "plot_id": "451",
        "owner_name": "Tapan Panda"
      },
      "geometry": {
        "type": "Polygon",
        "coordinates": [
          [
            [
              86.93581,
              21.496659
            ],
            [
              86.93538,
              21.496562
            ],
            [
              86.935133,
              21.496765
            ],
            [
              86.93482,
              21.498188
            ],
            [
              86.936512,
              21.497876
            ],
            [
              86.936428,
              21.497022
            ],
            [
              86.93581,
              21.496659
            ]
          ]
        ]
      }
    },
    {
      "type": "Feature",
      "properties": {
        "plot_id": "452",
        "owner_name": "Bijay Mishra"
      },
      "geometry": {
        "type": "Polygon",
        "coordinates": [
          [
            [
              86.931401,
              21.495445
            ],
            [
              86.931373,
              21.497106
            ],
            [
              86.932251,
              21.497392
            ],
            [
              86.932359,
              21.497369
            ],
            [
              86.932189,
              21.495963
            ],
            [
              86.931401,
              21.495445
            ]
          ]
        ]
      }
    },
    {
      "type": "Feature",
      "properties": {
        "plot_id": "453",
        "owner_name": "Subrat Barik"
      },
      "geometry": {
        "type": "Polygon",
        "coordinates": [
          [
            [
              86.931373,
              21.497106
            ],
            [
              86.931159,
              21.497116
            ],
            [
              86.930448,
              21.497494
            ],
            [
              86.930126,
              21.498359
            ],
            [
              86.93015,
              21.49862
            ],
            [
              86.931677,
              21.498135
            ],
            [
              86.932251,
              21.497392
            ],
            [
              86.931373,
              21.497106
            ]
          ]
        ]
      }
    },
    {
      "type": "Feature",
      "properties": {
        "plot_id": "454",
        "owner_name": "Manas Mishra"
      },
      "geometry": {
        "type": "Polygon",
        "coordinates": [
          [
            [
              86.932251,
              21.497392
            ],
            [
              86.931677,
              21.498135
            ],
            [
              86.931754,
              21.498497
            ],
            [
              86.932454,
              21.499129
            ],
            [
              86.932902,
              21.49757
            ],
            [
              86.932872,
              21.497533
            ],
            [
              86.932359,
              21.497369
            ],
            [
              86.932251,
              21.497392
            ]
          ]
        ]
      }
    },
    {
      "type": "Feature",
      "properties": {
        "plot_id": "455",
        "owner_name": "Bijay Biswal"
      },
      "geometry": {
        "type": "Polygon",
        "coordinates": [
          [
            [
              86.932443,
              21.503182
            ],
            [
              86.932036,
              21.502378
            ],
            [
              86.931863,
              21.502426
            ],
            [
              86.931568,
              21.504571
            ],
            [
              86.931741,
              21.50462
            ],
            [
              86.932443,
              21.503182
            ]
          ]
        ]
      }
    },
    {
      "type": "Feature",
      "properties": {
        "plot_id": "456",
        "owner_name": "Minati Mishra"
      },
      "geometry": {
        "type": "Polygon",
        "coordinates": [
          [
            [
              86.931741,
              21.50462
            ],
            [
              86.932578,
              21.505024
            ],
            [
              86.932979,
              21.504621
            ],
            [
              86.933868,
              21.50367
            ],
            [
              86.932443,
              21.503182
            ],
            [
              86.931741,
              21.50462
            ]
          ]
        ]
      }
    },
    {
      "type": "Feature",
      "properties": {
        "plot_id": "457",
        "owner_name": "Bijay Nayak"
      },
      "geometry": {
        "type": "Polygon",
        "coordinates": [
          [
            [
              86.931863,
              21.502426
            ],
            [
              86.931516,
              21.502371
            ],
            [
              86.930742,
              21.503897
            ],
            [
              86.930815,
              21.504569
            ],
            [
              86.931568,
              21.504571
            ],
            [
              86.931863,
              21.502426
            ]
          ]
        ]
      }
    },
    {
      "type": "Feature",
      "properties": {
        "plot_id": "458",
        "owner_name": "Soumya Samal"
      },
      "geometry": {
        "type": "Polygon",
        "coordinates": [
          [
            [
              86.932443,
              21.503182
            ],
            [
              86.933868,
              21.50367
            ],
            [
              86.934317,
              21.503184
            ],
            [
              86.93257,
              21.501977
            ],
            [
              86.932036,
              21.502378
            ],
            [
              86.932443,
              21.503182
            ]
          ]
        ]
      }
    },
    {
      "type": "Feature",
      "properties": {
        "plot_id": "459",
        "owner_name": "Alok Biswal"
      },
      "geometry": {
        "type": "Polygon",
        "coordinates": [
          [
            [
              86.932036,
              21.502378
            ],
            [
              86.93257,
              21.501977
            ],
            [
              86.932637,
              21.50137
            ],
            [
              86.932596,
              21.501212
            ],
            [
              86.931272,
              21.500595
            ],
            [
              86.9308,
              21.500993
            ],
            [
              86.930771,
              21.502005
            ],
            [
              86.931516,
              21.502371
            ],
            [
              86.931863,
              21.502426
            ],
            [
              86.932036,
              21.502378
            ]
          ]
        ]
      }
    },
    {
      "type": "Feature",
      "properties": {
        "plot_id": "460",
        "owner_name": "Jayanta Rath"
      },
      "geometry": {
        "type": "Polygon",
        "coordinates": [
          [
            [
              86.935115,
              21.501333
            ],
            [
              86.934605,
              21.502534
            ],
            [
              86.93465,
              21.502828
            ],
            [
              86.936134,
              21.501299
            ],
            [
              86.935115,
              21.501333
            ]
          ]
        ]
      }
    },
    {
      "type": "Feature",
      "properties": {
        "plot_id": "461",
        "owner_name": "Rashmi Nayak"
      },
      "geometry": {
        "type": "Polygon",
        "coordinates": [
          [
            [
              86.934317,
              21.503184
            ],
            [
              86.93465,
              21.502828
            ],
            [
              86.934605,
              21.502534
            ],
            [
              86.934171,
              21.501423
            ],
            [
              86.932637,
              21.50137
            ],
            [
              86.93257,
              21.501977
            ],
            [
              86.934317,
              21.503184
            ]
          ]
        ]
      }
    },
    {
      "type": "Feature",
      "properties": {
        "plot_id": "462",
        "owner_name": "Soumya Mohapatra"
      },
      "geometry": {
        "type": "Polygon",
        "coordinates": [
          [
            [
              86.921579,
              21.486981
            ],
            [
              86.921318,
              21.487631
            ],
            [
              86.921852,
              21.488396
            ],
            [
              86.922676,
              21.488185
            ],
            [
              86.922848,
              21.487991
            ],
            [
              86.922346,
              21.486991
            ],
            [
              86.921579,
              21.486981
            ]
          ]
        ]
      }
    },
    {
      "type": "Feature",
      "properties": {
        "plot_id": "463",
        "owner_name": "Manas Patra"
      },
      "geometry": {
        "type": "Polygon",
        "coordinates": [
          [
            [
              86.920989,
              21.488868
            ],
            [
              86.921369,
              21.488618
            ],
            [
              86.921147,
              21.487721
            ],
            [
              86.920896,
              21.487683
            ],
            [
              86.920803,
              21.488296
            ],
            [
              86.920989,
              21.488868
            ]
          ]
        ]
      }
    },
    {
      "type": "Feature",
      "properties": {
        "plot_id": "464",
        "owner_name": "Pradeep Barik"
      },
      "geometry": {
        "type": "Polygon",
        "coordinates": [
          [
            [
              86.928044,
              21.493244
            ],
            [
              86.927215,
              21.493025
            ],
            [
              86.926137,
              21.493342
            ],
            [
              86.926679,
              21.494733
            ],
            [
              86.926713,
              21.494754
            ],
            [
              86.927714,
              21.49455
            ],
            [
              86.928044,
              21.493244
            ]
          ]
        ]
      }
    },
    {
      "type": "Feature",
      "properties": {
        "plot_id": "465",
        "owner_name": "Manas Das"
      },
      "geometry": {
        "type": "Polygon",
        "coordinates": [
          [
            [
              86.925367,
              21.506598
            ],
            [
              86.926168,
              21.507588
            ],
            [
              86.926337,
              21.50649
            ],
            [
              86.926263,
              21.506099
            ],
            [
              86.925968,
              21.505903
            ],
            [
              86.925804,
              21.505891
            ],
            [
              86.925367,
              21.506598
            ]
          ]
        ]
      }
    },
    {
      "type": "Feature",
      "properties": {
        "plot_id": "466",
        "owner_name": "Minati Samal"
      },
      "geometry": {
        "type": "Polygon",
        "coordinates": [
          [
            [
              86.925804,
              21.505891
            ],
            [
              86.925968,
              21.505903
            ],
            [
              86.926701,
              21.504763
            ],
            [
              86.926503,
              21.504297
            ],
            [
              86.926433,
              21.504206
            ],
            [
              86.924874,
              21.504988
            ],
            [
              86.925804,
              21.505891
            ]
          ]
        ]
      }
    },
    {
      "type": "Feature",
      "properties": {
        "plot_id": "467",
        "owner_name": "Soumya Mishra"
      },
      "geometry": {
        "type": "Polygon",
        "coordinates": [
          [
            [
              86.928528,
              21.507292
            ],
            [
              86.928772,
              21.506656
            ],
            [
              86.927509,
              21.506333
            ],
            [
              86.927353,
              21.506715
            ],
            [
              86.927315,
              21.506967
            ],
            [
              86.92753,
              21.507116
            ],
            [
              86.928528,
              21.507292
            ]
          ]
        ]
      }
    },
    {
      "type": "Feature",
      "properties": {
        "plot_id": "468",
        "owner_name": "Satyabrata Biswal"
      },
      "geometry": {
        "type": "Polygon",
        "coordinates": [
          [
            [
              86.910762,
              21.47788
            ],
            [
              86.909772,
              21.476933
            ],
            [
              86.90994,
              21.4783
            ],
            [
              86.910483,
              21.478608
            ],
            [
              86.910762,
              21.47788
            ]
          ]
        ]
      }
    },
    {
      "type": "Feature",
      "properties": {
        "plot_id": "469",
        "owner_name": "Rashmi Nayak"
      },
      "geometry": {
        "type": "Polygon",
        "coordinates": [
          [
            [
              86.930964,
              21.488741
            ],
            [
              86.930726,
              21.488849
            ],
            [
              86.930705,
              21.489672
            ],
            [
              86.931532,
              21.490686
            ],
            [
              86.9316,
              21.490678
            ],
            [
              86.931358,
              21.489086
            ],
            [
              86.930964,
              21.488741
            ]
          ]
        ]
      }
    },
    {
      "type": "Feature",
      "properties": {
        "plot_id": "470",
        "owner_name": "Pradeep Barik"
      },
      "geometry": {
        "type": "Polygon",
        "coordinates": [
          [
            [
              86.928729,
              21.484951
            ],
            [
              86.929572,
              21.484762
            ],
            [
              86.929667,
              21.484579
            ],
            [
              86.929129,
              21.482771
            ],
            [
              86.927838,
              21.483767
            ],
            [
              86.928729,
              21.484951
            ]
          ]
        ]
      }
    },
    {
      "type": "Feature",
      "properties": {
        "plot_id": "471",
        "owner_name": "Soumya Sahoo"
      },
      "geometry": {
        "type": "Polygon",
        "coordinates": [
          [
            [
              86.9265,
              21.473816
            ],
            [
              86.926555,
              21.473982
            ],
            [
              86.927078,
              21.475054
            ],
            [
              86.927215,
              21.47505
            ],
            [
              86.928937,
              21.474692
            ],
            [
              86.928968,
              21.474639
            ],
            [
              86.928261,
              21.473444
            ],
            [
              86.927842,
              21.473341
            ],
            [
              86.926588,
              21.473722
            ],
            [
              86.9265,
              21.473816
            ]
          ]
        ]
      }
    },
    {
      "type": "Feature",
      "properties": {
        "plot_id": "472",
        "owner_name": "Bijay Das"
      },
      "geometry": {
        "type": "Polygon",
        "coordinates": [
          [
            [
              86.927093,
              21.472287
            ],
            [
              86.927779,
              21.472998
            ],
            [
              86.928348,
              21.471806
            ],
            [
              86.92725,
              21.471015
            ],
            [
              86.927093,
              21.472287
            ]
          ]
        ]
      }
    },
    {
      "type": "Feature",
      "properties": {
        "plot_id": "473",
        "owner_name": "Satyabrata Patra"
      },
      "geometry": {
        "type": "Polygon",
        "coordinates": [
          [
            [
              86.926588,
              21.473722
            ],
            [
              86.927842,
              21.473341
            ],
            [
              86.927779,
              21.472998
            ],
            [
              86.927093,
              21.472287
            ],
            [
              86.926588,
              21.473722
            ]
          ]
        ]
      }
    },
    {
      "type": "Feature",
      "properties": {
        "plot_id": "474",
        "owner_name": "Manas Mishra"
      },
      "geometry": {
        "type": "Polygon",
        "coordinates": [
          [
            [
              86.928261,
              21.473444
            ],
            [
              86.928771,
              21.472275
            ],
            [
              86.928348,
              21.471806
            ],
            [
              86.927779,
              21.472998
            ],
            [
              86.927842,
              21.473341
            ],
            [
              86.928261,
              21.473444
            ]
          ]
        ]
      }
    },
    {
      "type": "Feature",
      "properties": {
        "plot_id": "475",
        "owner_name": "Tapan Das"
      },
      "geometry": {
        "type": "Polygon",
        "coordinates": [
          [
            [
              86.928261,
              21.473444
            ],
            [
              86.928968,
              21.474639
            ],
            [
              86.930131,
              21.473865
            ],
            [
              86.929841,
              21.472653
            ],
            [
              86.928771,
              21.472275
            ],
            [
              86.928261,
              21.473444
            ]
          ]
        ]
      }
    },
    {
      "type": "Feature",
      "properties": {
        "plot_id": "476",
        "owner_name": "Alok Pradhan"
      },
      "geometry": {
        "type": "Polygon",
        "coordinates": [
          [
            [
              86.926555,
              21.473982
            ],
            [
              86.925175,
              21.475082
            ],
            [
              86.925145,
              21.475425
            ],
            [
              86.926869,
              21.475384
            ],
            [
              86.927078,
              21.475054
            ],
            [
              86.926555,
              21.473982
            ]
          ]
        ]
      }
    },
    {
      "type": "Feature",
      "properties": {
        "plot_id": "477",
        "owner_name": "Manas Samal"
      },
      "geometry": {
        "type": "Polygon",
        "coordinates": [
          [
            [
              86.927078,
              21.475054
            ],
            [
              86.926869,
              21.475384
            ],
            [
              86.926789,
              21.476047
            ],
            [
              86.927386,
              21.476833
            ],
            [
              86.928093,
              21.476891
            ],
            [
              86.928227,
              21.476693
            ],
            [
              86.928235,
              21.476337
            ],
            [
              86.927215,
              21.47505
            ],
            [
              86.927078,
              21.475054
            ]
          ]
        ]
      }
    },
    {
      "type": "Feature",
      "properties": {
        "plot_id": "478",
        "owner_name": "Alok Patra"
      },
      "geometry": {
        "type": "Polygon",
        "coordinates": [
          [
            [
              86.927215,
              21.47505
            ],
            [
              86.928235,
              21.476337
            ],
            [
              86.929081,
              21.475156
            ],
            [
              86.928937,
              21.474692
            ],
            [
              86.927215,
              21.47505
            ]
          ]
        ]
      }
    },
    {
      "type": "Feature",
      "properties": {
        "plot_id": "479",
        "owner_name": "Soumya Barik"
      },
      "geometry": {
        "type": "Polygon",
        "coordinates": [
          [
            [
              86.926789,
              21.476047
            ],
            [
              86.926869,
              21.475384
            ],
            [
              86.925145,
              21.475425
            ],
            [
              86.92483,
              21.475703
            ],
            [
              86.92474,
              21.476219
            ],
            [
              86.926103,
              21.476608
            ],
            [
              86.926789,
              21.476047
            ]
          ]
        ]
      }
    },
    {
      "type": "Feature",
      "properties": {
        "plot_id": "480",
        "owner_name": "Subrat Patra"
      },
      "geometry": {
        "type": "Polygon",
        "coordinates": [
          [
            [
              86.926103,
              21.476608
            ],
            [
              86.925983,
              21.477679
            ],
            [
              86.926439,
              21.47766
            ],
            [
              86.92711,
              21.477533
            ],
            [
              86.927386,
              21.476833
            ],
            [
              86.926789,
              21.476047
            ],
            [
              86.926103,
              21.476608
            ]
          ]
        ]
      }
    },
    {
      "type": "Feature",
      "properties": {
        "plot_id": "481",
        "owner_name": "Soumya Samal"
      },
      "geometry": {
        "type": "Polygon",
        "coordinates": [
          [
            [
              86.926439,
              21.47766
            ],
            [
              86.927432,
              21.479067
            ],
            [
              86.927585,
              21.478984
            ],
            [
              86.927704,
              21.47843
            ],
            [
              86.92711,
              21.477533
            ],
            [
              86.926439,
              21.47766
            ]
          ]
        ]
      }
    },
    {
      "type": "Feature",
      "properties": {
        "plot_id": "482",
        "owner_name": "Tapan Barik"
      },
      "geometry": {
        "type": "Polygon",
        "coordinates": [
          [
            [
              86.930052,
              21.479633
            ],
            [
              86.930022,
              21.479624
            ],
            [
              86.929008,
              21.48041
            ],
            [
              86.928866,
              21.48087
            ],
            [
              86.92954,
              21.481644
            ],
            [
              86.930052,
              21.479633
            ]
          ]
        ]
      }
    },
    {
      "type": "Feature",
      "properties": {
        "plot_id": "483",
        "owner_name": "Minati Patra"
      },
      "geometry": {
        "type": "Polygon",
        "coordinates": [
          [
            [
              86.929586,
              21.47929
            ],
            [
              86.928862,
              21.47965
            ],
            [
              86.929008,
              21.48041
            ],
            [
              86.930022,
              21.479624
            ],
            [
              86.929586,
              21.47929
            ]
          ]
        ]
      }
    },
    {
      "type": "Feature",
      "properties": {
        "plot_id": "484",
        "owner_name": "Rashmi Biswal"
      },
      "geometry": {
        "type": "Polygon",
        "coordinates": [
          [
            [
              86.929381,
              21.478697
            ],
            [
              86.928024,
              21.479194
            ],
            [
              86.928167,
              21.479357
            ],
            [
              86.928862,
              21.47965
            ],
            [
              86.929586,
              21.47929
            ],
            [
              86.929381,
              21.478697
            ]
          ]
        ]
      }
    },
    {
      "type": "Feature",
      "properties": {
        "plot_id": "485",
        "owner_name": "Alok Barik"
      },
      "geometry": {
        "type": "Polygon",
        "coordinates": [
          [
            [
              86.914069,
              21.489298
            ],
            [
              86.915225,
              21.488998
            ],
            [
              86.915374,
              21.488674
            ],
            [
              86.915212,
              21.486953
            ],
            [
              86.913092,
              21.488532
            ],
            [
              86.91303,
              21.488723
            ],
            [
              86.914069,
              21.489298
            ]
          ]
        ]
      }
    },
    {
      "type": "Feature",
      "properties": {
        "plot_id": "486",
        "owner_name": "Subrat Patra"
      },
      "geometry": {
        "type": "Polygon",
        "coordinates": [
          [
            [
              86.914069,
              21.489298
            ],
            [
              86.914334,
              21.490257
            ],
            [
              86.914985,
              21.490036
            ],
            [
              86.915169,
              21.48982
            ],
            [
              86.915348,
              21.489264
            ],
            [
              86.915225,
              21.488998
            ],
            [
              86.914069,
              21.489298
            ]
          ]
        ]
      }
    },
    {
      "type": "Feature",
      "properties": {
        "plot_id": "487",
        "owner_name": "Deepak Patra"
      },
      "geometry": {
        "type": "Polygon",
        "coordinates": [
          [
            [
              86.914279,
              21.490591
            ],
            [
              86.914502,
              21.490793
            ],
            [
              86.915342,
              21.490438
            ],
            [
              86.914985,
              21.490036
            ],
            [
              86.914334,
              21.490257
            ],
            [
              86.914279,
              21.490591
            ]
          ]
        ]
      }
    },
    {
      "type": "Feature",
      "properties": {
        "plot_id": "488",
        "owner_name": "Tapan Das"
      },
      "geometry": {
        "type": "Polygon",
        "coordinates": [
          [
            [
              86.912505,
              21.491223
            ],
            [
              86.914687,
              21.49165
            ],
            [
              86.914803,
              21.491314
            ],
            [
              86.914502,
              21.490793
            ],
            [
              86.914279,
              21.490591
            ],
            [
              86.912505,
              21.491223
            ]
          ]
        ]
      }
    },
    {
      "type": "Feature",
      "properties": {
        "plot_id": "489",
        "owner_name": "Soumya Biswal"
      },
      "geometry": {
        "type": "Polygon",
        "coordinates": [
          [
            [
              86.911396,
              21.48705
            ],
            [
              86.910895,
              21.487921
            ],
            [
              86.911537,
              21.488415
            ],
            [
              86.911847,
              21.488492
            ],
            [
              86.911396,
              21.48705
            ]
          ]
        ]
      }
    },
    {
      "type": "Feature",
      "properties": {
        "plot_id": "490",
        "owner_name": "Satyabrata Barik"
      },
      "geometry": {
        "type": "Polygon",
        "coordinates": [
          [
            [
              86.915841,
              21.491979
            ],
            [
              86.915851,
              21.491882
            ],
            [
              86.91465,
              21.492078
            ],
            [
              86.914608,
              21.492204
            ],
            [
              86.914681,
              21.492408
            ],
            [
              86.914774,
              21.492509
            ],
            [
              86.91503,
              21.492669
            ],
            [
              86.915273,
              21.492686
            ],
            [
              86.915841,
              21.491979
            ]
          ]
        ]
      }
    },
    {
      "type": "Feature",
      "properties": {
        "plot_id": "491",
        "owner_name": "Satyabrata Samal"
      },
      "geometry": {
        "type": "Polygon",
        "coordinates": [
          [
            [
              86.917424,
              21.492213
            ],
            [
              86.918134,
              21.490702
            ],
            [
              86.916055,
              21.491234
            ],
            [
              86.9161,
              21.491346
            ],
            [
              86.917424,
              21.492213
            ]
          ]
        ]
      }
    },
    {
      "type": "Feature",
      "properties": {
        "plot_id": "492",
        "owner_name": "Tapan Das"
      },
      "geometry": {
        "type": "Polygon",
        "coordinates": [
          [
            [
              86.9161,
              21.491346
            ],
            [
              86.916024,
              21.49118
            ],
            [
              86.914803,
              21.491314
            ],
            [
              86.914687,
              21.49165
            ],
            [
              86.91465,
              21.492078
            ],
            [
              86.915851,
              21.491882
            ],
            [
              86.9161,
              21.491346
            ]
          ]
        ]
      }
    },
    {
      "type": "Feature",
      "properties": {
        "plot_id": "493",
        "owner_name": "Soumya Pradhan"
      },
      "geometry": {
        "type": "Polygon",
        "coordinates": [
          [
            [
              86.915348,
              21.489264
            ],
            [
              86.915169,
              21.48982
            ],
            [
              86.915738,
              21.490479
            ],
            [
              86.916076,
              21.490589
            ],
            [
              86.91639,
              21.490091
            ],
            [
              86.915348,
              21.489264
            ]
          ]
        ]
      }
    },
    {
      "type": "Feature",
      "properties": {
        "plot_id": "494",
        "owner_name": "Pradeep Samal"
      },
      "geometry": {
        "type": "Polygon",
        "coordinates": [
          [
            [
              86.922687,
              21.472817
            ],
            [
              86.923295,
              21.472566
            ],
            [
              86.924345,
              21.471214
            ],
            [
              86.92398,
              21.47071
            ],
            [
              86.923561,
              21.470862
            ],
            [
              86.922407,
              21.471696
            ],
            [
              86.922687,
              21.472817
            ]
          ]
        ]
      }
    },
    {
      "type": "Feature",
      "properties": {
        "plot_id": "495",
        "owner_name": "Tapan Das"
      },
      "geometry": {
        "type": "Polygon",
        "coordinates": [
          [
            [
              86.922407,
              21.471696
            ],
            [
              86.921744,
              21.471158
            ],
            [
              86.920748,
              21.472049
            ],
            [
              86.920772,
              21.472307
            ],
            [
              86.921301,
              21.472964
            ],
            [
              86.921915,
              21.473604
            ],
            [
              86.922687,
              21.472817
            ],
            [
              86.922407,
              21.471696
            ]
          ]
        ]
      }
    },
    {
      "type": "Feature",
      "properties": {
        "plot_id": "496",
        "owner_name": "Manas Panda"
      },
      "geometry": {
        "type": "Polygon",
        "coordinates": [
          [
            [
              86.923561,
              21.470862
            ],
            [
              86.921782,
              21.471028
            ],
            [
              86.921744,
              21.471158
            ],
            [
              86.922407,
              21.471696
            ],
            [
              86.923561,
              21.470862
            ]
          ]
        ]
      }
    },
    {
      "type": "Feature",
      "properties": {
        "plot_id": "497",
        "owner_name": "Manas Biswal"
      },
      "geometry": {
        "type": "Polygon",
        "coordinates": [
          [
            [
              86.922687,
              21.472817
            ],
            [
              86.921915,
              21.473604
            ],
            [
              86.921932,
              21.473997
            ],
            [
              86.923837,
              21.474125
            ],
            [
              86.923917,
              21.473125
            ],
            [
              86.923295,
              21.472566
            ],
            [
              86.922687,
              21.472817
            ]
          ]
        ]
      }
    },
    {
      "type": "Feature",
      "properties": {
        "plot_id": "498",
        "owner_name": "Bijay Das"
      },
      "geometry": {
        "type": "Polygon",
        "coordinates": [
          [
            [
              86.924531,
              21.478109
            ],
            [
              86.924369,
              21.477779
            ],
            [
              86.922936,
              21.477267
            ],
            [
              86.922366,
              21.478376
            ],
            [
              86.922707,
              21.479179
            ],
            [
              86.923619,
              21.479146
            ],
            [
              86.924531,
              21.478109
            ]
          ]
        ]
      }
    },
    {
      "type": "Feature",
      "properties": {
        "plot_id": "499",
        "owner_name": "Soumya Rath"
      },
      "geometry": {
        "type": "Polygon",
        "coordinates": [
          [
            [
              86.922707,
              21.479179
            ],
            [
              86.922366,
              21.478376
            ],
            [
              86.921159,
              21.477864
            ],
            [
              86.921046,
              21.477878
            ],
            [
              86.921409,
              21.479593
            ],
            [
              86.922277,
              21.479597
            ],
            [
              86.922707,
              21.479179
            ]
          ]
        ]
      }
    },
    {
      "type": "Feature",
      "properties": {
        "plot_id": "500",
        "owner_name": "Alok Sahoo"
      },
      "geometry": {
        "type": "Polygon",
        "coordinates": [
          [
            [
              86.925175,
              21.475082
            ],
            [
              86.924945,
              21.473941
            ],
            [
              86.92412,
              21.47428
            ],
            [
              86.924092,
              21.475021
            ],
            [
              86.92483,
              21.475703
            ],
            [
              86.925145,
              21.475425
            ],
            [
              86.925175,
              21.475082
            ]
          ]
        ]
      }
    }
  ]
}